
*** Running vivado
    with args -log system_wrapper.vdi -applog -m64 -product Vivado -messageDb vivado.pb -mode batch -source system_wrapper.tcl -notrace


****** Vivado v2024.2 (64-bit)
  **** SW Build 5239630 on Fri Nov 08 22:34:34 MST 2024
  **** IP Build 5239520 on Sun Nov 10 16:12:51 MST 2024
  **** SharedData Build 5239561 on Fri Nov 08 14:39:27 MST 2024
  **** Start of session at: Thu Jan 22 12:44:31 2026
    ** Copyright 1986-2022 Xilinx, Inc. All Rights Reserved.
    ** Copyright 2022-2024 Advanced Micro Devices, Inc. All Rights Reserved.

source system_wrapper.tcl -notrace
INFO: Dispatch client connection id - 36697
source /home/emanuel/workspace/mesh_vo/MultiPlatformDiffRenderer/src/backends/xrt/hls/build/xclbin/_x/link/vivado/vpl/scripts/impl_1/_full_init_pre.tcl
INFO: [IP_Flow 19-234] Refreshing IP repositories
INFO: [IP_Flow 19-1700] Loaded user IP repository '/home/emanuel/workspace/mesh_vo/MultiPlatformDiffRenderer/src/backends/xrt/hls/build/xclbin/_x/link/int/xo/ip_repo/xilinx_com_hls_ImageRenderHLS_1_0'.
INFO: [IP_Flow 19-1700] Loaded user IP repository '/home/emanuel/workspace/mesh_vo/MultiPlatformDiffRenderer/src/backends/xrt/hls/build/xclbin/_x/link/vivado/vpl/.local/hw_platform/ipcache'.
INFO: [IP_Flow 19-1700] Loaded user IP repository '/tools/Xilinx/Vitis/2024.2/data/ip'.
INFO: [IP_Flow 19-2313] Loaded Vivado IP repository '/tools/Xilinx/Vivado/2024.2/data/ip'.
Command: link_design -top system_wrapper -part xck26-sfvc784-2LV-c
Design is defaulting to srcset: sources_1
Design is defaulting to constrset: constrs_1
INFO: [Device 21-403] Loading part xck26-sfvc784-2LV-c
INFO: [Project 1-454] Reading design checkpoint '/home/emanuel/workspace/mesh_vo/MultiPlatformDiffRenderer/src/backends/xrt/hls/build/xclbin/_x/link/vivado/vpl/prj/prj.gen/sources_1/bd/system/ip/system_ImageRenderHLS_1_0/system_ImageRenderHLS_1_0.dcp' for cell 'system_i/ImageRenderHLS_1'
INFO: [Project 1-454] Reading design checkpoint '/home/emanuel/workspace/mesh_vo/MultiPlatformDiffRenderer/src/backends/xrt/hls/build/xclbin/_x/link/vivado/vpl/prj/prj.gen/sources_1/bd/system/ip/system_axi_intc_0_0/system_axi_intc_0_0.dcp' for cell 'system_i/axi_intc_0'
INFO: [Project 1-454] Reading design checkpoint '/home/emanuel/workspace/mesh_vo/MultiPlatformDiffRenderer/src/backends/xrt/hls/build/xclbin/_x/link/vivado/vpl/prj/prj.gen/sources_1/bd/system/ip/system_clk_wiz_0_0/system_clk_wiz_0_0.dcp' for cell 'system_i/clk_wiz_0'
INFO: [Project 1-454] Reading design checkpoint '/home/emanuel/workspace/mesh_vo/MultiPlatformDiffRenderer/src/backends/xrt/hls/build/xclbin/_x/link/vivado/vpl/prj/prj.gen/sources_1/bd/system/ip/system_proc_sys_reset_1_0/system_proc_sys_reset_1_0.dcp' for cell 'system_i/proc_sys_reset_1'
INFO: [Project 1-454] Reading design checkpoint '/home/emanuel/workspace/mesh_vo/MultiPlatformDiffRenderer/src/backends/xrt/hls/build/xclbin/_x/link/vivado/vpl/prj/prj.gen/sources_1/bd/system/ip/system_proc_sys_reset_2_0/system_proc_sys_reset_2_0.dcp' for cell 'system_i/proc_sys_reset_2'
INFO: [Project 1-454] Reading design checkpoint '/home/emanuel/workspace/mesh_vo/MultiPlatformDiffRenderer/src/backends/xrt/hls/build/xclbin/_x/link/vivado/vpl/prj/prj.gen/sources_1/bd/system/ip/system_proc_sys_reset_3_0/system_proc_sys_reset_3_0.dcp' for cell 'system_i/proc_sys_reset_3'
INFO: [Project 1-454] Reading design checkpoint '/home/emanuel/workspace/mesh_vo/MultiPlatformDiffRenderer/src/backends/xrt/hls/build/xclbin/_x/link/vivado/vpl/prj/prj.gen/sources_1/bd/system/ip/system_zynq_ultra_ps_e_0_0/system_zynq_ultra_ps_e_0_0.dcp' for cell 'system_i/zynq_ultra_ps_e_0'
INFO: [Project 1-454] Reading design checkpoint '/home/emanuel/workspace/mesh_vo/MultiPlatformDiffRenderer/src/backends/xrt/hls/build/xclbin/_x/link/vivado/vpl/prj/prj.gen/sources_1/bd/system/ip/system_axi_ic_zynq_ultra_ps_e_0_S_AXI_HP2_FPD_upgraded_ipi_imp_xbar_0/system_axi_ic_zynq_ultra_ps_e_0_S_AXI_HP2_FPD_upgraded_ipi_imp_xbar_0.dcp' for cell 'system_i/axi_ic_zynq_ultra_ps_e_0_S_AXI_HP2_FPD/xbar'
INFO: [Project 1-454] Reading design checkpoint '/home/emanuel/workspace/mesh_vo/MultiPlatformDiffRenderer/src/backends/xrt/hls/build/xclbin/_x/link/vivado/vpl/prj/prj.gen/sources_1/bd/system/ip/system_axi_ic_zynq_ultra_ps_e_0_S_AXI_HP2_FPD_imp_m00_data_fifo_0/system_axi_ic_zynq_ultra_ps_e_0_S_AXI_HP2_FPD_imp_m00_data_fifo_0.dcp' for cell 'system_i/axi_ic_zynq_ultra_ps_e_0_S_AXI_HP2_FPD/m00_couplers/m00_data_fifo'
INFO: [Project 1-454] Reading design checkpoint '/home/emanuel/workspace/mesh_vo/MultiPlatformDiffRenderer/src/backends/xrt/hls/build/xclbin/_x/link/vivado/vpl/prj/prj.gen/sources_1/bd/system/ip/system_axi_ic_zynq_ultra_ps_e_0_S_AXI_HP2_FPD_imp_m00_regslice_0/system_axi_ic_zynq_ultra_ps_e_0_S_AXI_HP2_FPD_imp_m00_regslice_0.dcp' for cell 'system_i/axi_ic_zynq_ultra_ps_e_0_S_AXI_HP2_FPD/m00_couplers/m00_regslice'
INFO: [Project 1-454] Reading design checkpoint '/home/emanuel/workspace/mesh_vo/MultiPlatformDiffRenderer/src/backends/xrt/hls/build/xclbin/_x/link/vivado/vpl/prj/prj.gen/sources_1/bd/system/ip/system_axi_ic_zynq_ultra_ps_e_0_S_AXI_HP2_FPD_imp_auto_us_df_0/system_axi_ic_zynq_ultra_ps_e_0_S_AXI_HP2_FPD_imp_auto_us_df_0.dcp' for cell 'system_i/axi_ic_zynq_ultra_ps_e_0_S_AXI_HP2_FPD/s00_couplers/auto_us_df'
INFO: [Project 1-454] Reading design checkpoint '/home/emanuel/workspace/mesh_vo/MultiPlatformDiffRenderer/src/backends/xrt/hls/build/xclbin/_x/link/vivado/vpl/prj/prj.gen/sources_1/bd/system/ip/system_axi_ic_zynq_ultra_ps_e_0_S_AXI_HP2_FPD_imp_s00_regslice_0/system_axi_ic_zynq_ultra_ps_e_0_S_AXI_HP2_FPD_imp_s00_regslice_0.dcp' for cell 'system_i/axi_ic_zynq_ultra_ps_e_0_S_AXI_HP2_FPD/s00_couplers/s00_regslice'
INFO: [Project 1-454] Reading design checkpoint '/home/emanuel/workspace/mesh_vo/MultiPlatformDiffRenderer/src/backends/xrt/hls/build/xclbin/_x/link/vivado/vpl/prj/prj.gen/sources_1/bd/system/ip/system_axi_ic_zynq_ultra_ps_e_0_S_AXI_HP2_FPD_imp_auto_us_df_1/system_axi_ic_zynq_ultra_ps_e_0_S_AXI_HP2_FPD_imp_auto_us_df_1.dcp' for cell 'system_i/axi_ic_zynq_ultra_ps_e_0_S_AXI_HP2_FPD/s01_couplers/auto_us_df'
INFO: [Project 1-454] Reading design checkpoint '/home/emanuel/workspace/mesh_vo/MultiPlatformDiffRenderer/src/backends/xrt/hls/build/xclbin/_x/link/vivado/vpl/prj/prj.gen/sources_1/bd/system/ip/system_axi_ic_zynq_ultra_ps_e_0_S_AXI_HP2_FPD_imp_s01_regslice_0/system_axi_ic_zynq_ultra_ps_e_0_S_AXI_HP2_FPD_imp_s01_regslice_0.dcp' for cell 'system_i/axi_ic_zynq_ultra_ps_e_0_S_AXI_HP2_FPD/s01_couplers/s01_regslice'
INFO: [Project 1-454] Reading design checkpoint '/home/emanuel/workspace/mesh_vo/MultiPlatformDiffRenderer/src/backends/xrt/hls/build/xclbin/_x/link/vivado/vpl/prj/prj.gen/sources_1/bd/system/ip/system_axi_ic_zynq_ultra_ps_e_0_S_AXI_HP2_FPD_imp_auto_us_df_2/system_axi_ic_zynq_ultra_ps_e_0_S_AXI_HP2_FPD_imp_auto_us_df_2.dcp' for cell 'system_i/axi_ic_zynq_ultra_ps_e_0_S_AXI_HP2_FPD/s02_couplers/auto_us_df'
INFO: [Project 1-454] Reading design checkpoint '/home/emanuel/workspace/mesh_vo/MultiPlatformDiffRenderer/src/backends/xrt/hls/build/xclbin/_x/link/vivado/vpl/prj/prj.gen/sources_1/bd/system/ip/system_axi_ic_zynq_ultra_ps_e_0_S_AXI_HP2_FPD_imp_s02_regslice_0/system_axi_ic_zynq_ultra_ps_e_0_S_AXI_HP2_FPD_imp_s02_regslice_0.dcp' for cell 'system_i/axi_ic_zynq_ultra_ps_e_0_S_AXI_HP2_FPD/s02_couplers/s02_regslice'
INFO: [Project 1-454] Reading design checkpoint '/home/emanuel/workspace/mesh_vo/MultiPlatformDiffRenderer/src/backends/xrt/hls/build/xclbin/_x/link/vivado/vpl/prj/prj.gen/sources_1/bd/system/ip/system_axi_ic_zynq_ultra_ps_e_0_S_AXI_HP2_FPD_imp_auto_us_df_3/system_axi_ic_zynq_ultra_ps_e_0_S_AXI_HP2_FPD_imp_auto_us_df_3.dcp' for cell 'system_i/axi_ic_zynq_ultra_ps_e_0_S_AXI_HP2_FPD/s03_couplers/auto_us_df'
INFO: [Project 1-454] Reading design checkpoint '/home/emanuel/workspace/mesh_vo/MultiPlatformDiffRenderer/src/backends/xrt/hls/build/xclbin/_x/link/vivado/vpl/prj/prj.gen/sources_1/bd/system/ip/system_axi_ic_zynq_ultra_ps_e_0_S_AXI_HP2_FPD_imp_s03_regslice_0/system_axi_ic_zynq_ultra_ps_e_0_S_AXI_HP2_FPD_imp_s03_regslice_0.dcp' for cell 'system_i/axi_ic_zynq_ultra_ps_e_0_S_AXI_HP2_FPD/s03_couplers/s03_regslice'
INFO: [Project 1-454] Reading design checkpoint '/home/emanuel/workspace/mesh_vo/MultiPlatformDiffRenderer/src/backends/xrt/hls/build/xclbin/_x/link/vivado/vpl/prj/prj.gen/sources_1/bd/system/ip/system_axi_ic_zynq_ultra_ps_e_0_S_AXI_HP2_FPD_imp_auto_us_df_4/system_axi_ic_zynq_ultra_ps_e_0_S_AXI_HP2_FPD_imp_auto_us_df_4.dcp' for cell 'system_i/axi_ic_zynq_ultra_ps_e_0_S_AXI_HP2_FPD/s04_couplers/auto_us_df'
INFO: [Project 1-454] Reading design checkpoint '/home/emanuel/workspace/mesh_vo/MultiPlatformDiffRenderer/src/backends/xrt/hls/build/xclbin/_x/link/vivado/vpl/prj/prj.gen/sources_1/bd/system/ip/system_axi_ic_zynq_ultra_ps_e_0_S_AXI_HP2_FPD_imp_s04_regslice_0/system_axi_ic_zynq_ultra_ps_e_0_S_AXI_HP2_FPD_imp_s04_regslice_0.dcp' for cell 'system_i/axi_ic_zynq_ultra_ps_e_0_S_AXI_HP2_FPD/s04_couplers/s04_regslice'
INFO: [Project 1-454] Reading design checkpoint '/home/emanuel/workspace/mesh_vo/MultiPlatformDiffRenderer/src/backends/xrt/hls/build/xclbin/_x/link/vivado/vpl/prj/prj.gen/sources_1/bd/system/ip/system_axi_ic_zynq_ultra_ps_e_0_S_AXI_HP2_FPD_imp_auto_us_df_5/system_axi_ic_zynq_ultra_ps_e_0_S_AXI_HP2_FPD_imp_auto_us_df_5.dcp' for cell 'system_i/axi_ic_zynq_ultra_ps_e_0_S_AXI_HP2_FPD/s05_couplers/auto_us_df'
INFO: [Project 1-454] Reading design checkpoint '/home/emanuel/workspace/mesh_vo/MultiPlatformDiffRenderer/src/backends/xrt/hls/build/xclbin/_x/link/vivado/vpl/prj/prj.gen/sources_1/bd/system/ip/system_axi_ic_zynq_ultra_ps_e_0_S_AXI_HP2_FPD_imp_s05_regslice_0/system_axi_ic_zynq_ultra_ps_e_0_S_AXI_HP2_FPD_imp_s05_regslice_0.dcp' for cell 'system_i/axi_ic_zynq_ultra_ps_e_0_S_AXI_HP2_FPD/s05_couplers/s05_regslice'
INFO: [Project 1-454] Reading design checkpoint '/home/emanuel/workspace/mesh_vo/MultiPlatformDiffRenderer/src/backends/xrt/hls/build/xclbin/_x/link/vivado/vpl/prj/prj.gen/sources_1/bd/system/ip/system_ps8_0_axi_periph_upgraded_ipi_imp_xbar_0/system_ps8_0_axi_periph_upgraded_ipi_imp_xbar_0.dcp' for cell 'system_i/ps8_0_axi_periph/xbar'
INFO: [Project 1-454] Reading design checkpoint '/home/emanuel/workspace/mesh_vo/MultiPlatformDiffRenderer/src/backends/xrt/hls/build/xclbin/_x/link/vivado/vpl/prj/prj.gen/sources_1/bd/system/ip/system_ps8_0_axi_periph_imp_m01_regslice_0/system_ps8_0_axi_periph_imp_m01_regslice_0.dcp' for cell 'system_i/ps8_0_axi_periph/m01_couplers/m01_regslice'
INFO: [Project 1-454] Reading design checkpoint '/home/emanuel/workspace/mesh_vo/MultiPlatformDiffRenderer/src/backends/xrt/hls/build/xclbin/_x/link/vivado/vpl/prj/prj.gen/sources_1/bd/system/ip/system_ps8_0_axi_periph_imp_auto_pc_0/system_ps8_0_axi_periph_imp_auto_pc_0.dcp' for cell 'system_i/ps8_0_axi_periph/s00_couplers/auto_pc'
Netlist sorting complete. Time (s): cpu = 00:00:01 ; elapsed = 00:00:01 . Memory (MB): peak = 2359.074 ; gain = 0.000 ; free physical = 8676 ; free virtual = 16960
INFO: [Netlist 29-17] Analyzing 2904 Unisim elements for replacement
INFO: [Netlist 29-28] Unisim Transformation completed in 1 CPU seconds
INFO: [Project 1-479] Netlist was created with Vivado 2024.2
INFO: [Project 1-570] Preparing netlist for logic optimization
WARNING: [Opt 31-32] Removing redundant IBUF since it is not being driven by a top-level port. system_i/clk_wiz_0/inst/clkin1_ibuf 
Resolution: The tool has removed redundant IBUF. To resolve this warning, check for redundant IBUF in the input design.
WARNING: [Constraints 18-550] Could not create 'IBUF_LOW_PWR' constraint because net 'system_i/clk_wiz_0/clk_in1' is not directly connected to top level port. 'IBUF_LOW_PWR' is ignored for synthesis but preserved for implementation.
Parsing XDC File [/home/emanuel/workspace/mesh_vo/MultiPlatformDiffRenderer/src/backends/xrt/hls/build/xclbin/_x/link/vivado/vpl/prj/prj.gen/sources_1/bd/system/ip/system_zynq_ultra_ps_e_0_0/system_zynq_ultra_ps_e_0_0.xdc] for cell 'system_i/zynq_ultra_ps_e_0/inst'
Finished Parsing XDC File [/home/emanuel/workspace/mesh_vo/MultiPlatformDiffRenderer/src/backends/xrt/hls/build/xclbin/_x/link/vivado/vpl/prj/prj.gen/sources_1/bd/system/ip/system_zynq_ultra_ps_e_0_0/system_zynq_ultra_ps_e_0_0.xdc] for cell 'system_i/zynq_ultra_ps_e_0/inst'
Parsing XDC File [/home/emanuel/workspace/mesh_vo/MultiPlatformDiffRenderer/src/backends/xrt/hls/build/xclbin/_x/link/vivado/vpl/prj/prj.gen/sources_1/bd/system/ip/system_clk_wiz_0_0/system_clk_wiz_0_0_board.xdc] for cell 'system_i/clk_wiz_0/inst'
Finished Parsing XDC File [/home/emanuel/workspace/mesh_vo/MultiPlatformDiffRenderer/src/backends/xrt/hls/build/xclbin/_x/link/vivado/vpl/prj/prj.gen/sources_1/bd/system/ip/system_clk_wiz_0_0/system_clk_wiz_0_0_board.xdc] for cell 'system_i/clk_wiz_0/inst'
Parsing XDC File [/home/emanuel/workspace/mesh_vo/MultiPlatformDiffRenderer/src/backends/xrt/hls/build/xclbin/_x/link/vivado/vpl/prj/prj.gen/sources_1/bd/system/ip/system_clk_wiz_0_0/system_clk_wiz_0_0.xdc] for cell 'system_i/clk_wiz_0/inst'
INFO: [Timing 38-35] Done setting XDC timing constraints. [/home/emanuel/workspace/mesh_vo/MultiPlatformDiffRenderer/src/backends/xrt/hls/build/xclbin/_x/link/vivado/vpl/prj/prj.gen/sources_1/bd/system/ip/system_clk_wiz_0_0/system_clk_wiz_0_0.xdc:54]
INFO: [Timing 38-2] Deriving generated clocks [/home/emanuel/workspace/mesh_vo/MultiPlatformDiffRenderer/src/backends/xrt/hls/build/xclbin/_x/link/vivado/vpl/prj/prj.gen/sources_1/bd/system/ip/system_clk_wiz_0_0/system_clk_wiz_0_0.xdc:54]
get_clocks: Time (s): cpu = 00:00:24 ; elapsed = 00:00:08 . Memory (MB): peak = 3626.766 ; gain = 652.645 ; free physical = 6786 ; free virtual = 15111
Finished Parsing XDC File [/home/emanuel/workspace/mesh_vo/MultiPlatformDiffRenderer/src/backends/xrt/hls/build/xclbin/_x/link/vivado/vpl/prj/prj.gen/sources_1/bd/system/ip/system_clk_wiz_0_0/system_clk_wiz_0_0.xdc] for cell 'system_i/clk_wiz_0/inst'
Parsing XDC File [/home/emanuel/workspace/mesh_vo/MultiPlatformDiffRenderer/src/backends/xrt/hls/build/xclbin/_x/link/vivado/vpl/prj/prj.gen/sources_1/bd/system/ip/system_proc_sys_reset_1_0/system_proc_sys_reset_1_0_board.xdc] for cell 'system_i/proc_sys_reset_1/U0'
Finished Parsing XDC File [/home/emanuel/workspace/mesh_vo/MultiPlatformDiffRenderer/src/backends/xrt/hls/build/xclbin/_x/link/vivado/vpl/prj/prj.gen/sources_1/bd/system/ip/system_proc_sys_reset_1_0/system_proc_sys_reset_1_0_board.xdc] for cell 'system_i/proc_sys_reset_1/U0'
Parsing XDC File [/home/emanuel/workspace/mesh_vo/MultiPlatformDiffRenderer/src/backends/xrt/hls/build/xclbin/_x/link/vivado/vpl/prj/prj.gen/sources_1/bd/system/ip/system_proc_sys_reset_1_0/system_proc_sys_reset_1_0.xdc] for cell 'system_i/proc_sys_reset_1/U0'
Finished Parsing XDC File [/home/emanuel/workspace/mesh_vo/MultiPlatformDiffRenderer/src/backends/xrt/hls/build/xclbin/_x/link/vivado/vpl/prj/prj.gen/sources_1/bd/system/ip/system_proc_sys_reset_1_0/system_proc_sys_reset_1_0.xdc] for cell 'system_i/proc_sys_reset_1/U0'
Parsing XDC File [/home/emanuel/workspace/mesh_vo/MultiPlatformDiffRenderer/src/backends/xrt/hls/build/xclbin/_x/link/vivado/vpl/prj/prj.gen/sources_1/bd/system/ip/system_proc_sys_reset_2_0/system_proc_sys_reset_2_0_board.xdc] for cell 'system_i/proc_sys_reset_2/U0'
Finished Parsing XDC File [/home/emanuel/workspace/mesh_vo/MultiPlatformDiffRenderer/src/backends/xrt/hls/build/xclbin/_x/link/vivado/vpl/prj/prj.gen/sources_1/bd/system/ip/system_proc_sys_reset_2_0/system_proc_sys_reset_2_0_board.xdc] for cell 'system_i/proc_sys_reset_2/U0'
Parsing XDC File [/home/emanuel/workspace/mesh_vo/MultiPlatformDiffRenderer/src/backends/xrt/hls/build/xclbin/_x/link/vivado/vpl/prj/prj.gen/sources_1/bd/system/ip/system_proc_sys_reset_2_0/system_proc_sys_reset_2_0.xdc] for cell 'system_i/proc_sys_reset_2/U0'
Finished Parsing XDC File [/home/emanuel/workspace/mesh_vo/MultiPlatformDiffRenderer/src/backends/xrt/hls/build/xclbin/_x/link/vivado/vpl/prj/prj.gen/sources_1/bd/system/ip/system_proc_sys_reset_2_0/system_proc_sys_reset_2_0.xdc] for cell 'system_i/proc_sys_reset_2/U0'
Parsing XDC File [/home/emanuel/workspace/mesh_vo/MultiPlatformDiffRenderer/src/backends/xrt/hls/build/xclbin/_x/link/vivado/vpl/prj/prj.gen/sources_1/bd/system/ip/system_proc_sys_reset_3_0/system_proc_sys_reset_3_0_board.xdc] for cell 'system_i/proc_sys_reset_3/U0'
Finished Parsing XDC File [/home/emanuel/workspace/mesh_vo/MultiPlatformDiffRenderer/src/backends/xrt/hls/build/xclbin/_x/link/vivado/vpl/prj/prj.gen/sources_1/bd/system/ip/system_proc_sys_reset_3_0/system_proc_sys_reset_3_0_board.xdc] for cell 'system_i/proc_sys_reset_3/U0'
Parsing XDC File [/home/emanuel/workspace/mesh_vo/MultiPlatformDiffRenderer/src/backends/xrt/hls/build/xclbin/_x/link/vivado/vpl/prj/prj.gen/sources_1/bd/system/ip/system_proc_sys_reset_3_0/system_proc_sys_reset_3_0.xdc] for cell 'system_i/proc_sys_reset_3/U0'
Finished Parsing XDC File [/home/emanuel/workspace/mesh_vo/MultiPlatformDiffRenderer/src/backends/xrt/hls/build/xclbin/_x/link/vivado/vpl/prj/prj.gen/sources_1/bd/system/ip/system_proc_sys_reset_3_0/system_proc_sys_reset_3_0.xdc] for cell 'system_i/proc_sys_reset_3/U0'
Parsing XDC File [/home/emanuel/workspace/mesh_vo/MultiPlatformDiffRenderer/src/backends/xrt/hls/build/xclbin/_x/link/vivado/vpl/prj/prj.gen/sources_1/bd/system/ip/system_axi_intc_0_0/system_axi_intc_0_0.xdc] for cell 'system_i/axi_intc_0/U0'
Finished Parsing XDC File [/home/emanuel/workspace/mesh_vo/MultiPlatformDiffRenderer/src/backends/xrt/hls/build/xclbin/_x/link/vivado/vpl/prj/prj.gen/sources_1/bd/system/ip/system_axi_intc_0_0/system_axi_intc_0_0.xdc] for cell 'system_i/axi_intc_0/U0'
Parsing XDC File [/home/emanuel/workspace/mesh_vo/MultiPlatformDiffRenderer/src/backends/xrt/hls/build/xclbin/_x/link/vivado/vpl/prj/prj.gen/sources_1/bd/system/ip/system_axi_intc_0_0/system_axi_intc_0_0_clocks.xdc] for cell 'system_i/axi_intc_0/U0'
Finished Parsing XDC File [/home/emanuel/workspace/mesh_vo/MultiPlatformDiffRenderer/src/backends/xrt/hls/build/xclbin/_x/link/vivado/vpl/prj/prj.gen/sources_1/bd/system/ip/system_axi_intc_0_0/system_axi_intc_0_0_clocks.xdc] for cell 'system_i/axi_intc_0/U0'
Parsing XDC File [/home/emanuel/workspace/mesh_vo/MultiPlatformDiffRenderer/src/backends/xrt/hls/build/xclbin/_x/link/vivado/vpl/prj/prj.gen/sources_1/bd/system/ip/system_ps8_0_axi_periph_imp_m01_regslice_0/system_ps8_0_axi_periph_imp_m01_regslice_0_clocks.xdc] for cell 'system_i/ps8_0_axi_periph/m01_couplers/m01_regslice/inst'
Finished Parsing XDC File [/home/emanuel/workspace/mesh_vo/MultiPlatformDiffRenderer/src/backends/xrt/hls/build/xclbin/_x/link/vivado/vpl/prj/prj.gen/sources_1/bd/system/ip/system_ps8_0_axi_periph_imp_m01_regslice_0/system_ps8_0_axi_periph_imp_m01_regslice_0_clocks.xdc] for cell 'system_i/ps8_0_axi_periph/m01_couplers/m01_regslice/inst'
Parsing XDC File [/home/emanuel/workspace/mesh_vo/MultiPlatformDiffRenderer/src/backends/xrt/hls/build/xclbin/_x/link/vivado/vpl/prj/prj.gen/sources_1/bd/system/ip/system_axi_ic_zynq_ultra_ps_e_0_S_AXI_HP2_FPD_imp_s00_regslice_0/system_axi_ic_zynq_ultra_ps_e_0_S_AXI_HP2_FPD_imp_s00_regslice_0_clocks.xdc] for cell 'system_i/axi_ic_zynq_ultra_ps_e_0_S_AXI_HP2_FPD/s00_couplers/s00_regslice/inst'
Finished Parsing XDC File [/home/emanuel/workspace/mesh_vo/MultiPlatformDiffRenderer/src/backends/xrt/hls/build/xclbin/_x/link/vivado/vpl/prj/prj.gen/sources_1/bd/system/ip/system_axi_ic_zynq_ultra_ps_e_0_S_AXI_HP2_FPD_imp_s00_regslice_0/system_axi_ic_zynq_ultra_ps_e_0_S_AXI_HP2_FPD_imp_s00_regslice_0_clocks.xdc] for cell 'system_i/axi_ic_zynq_ultra_ps_e_0_S_AXI_HP2_FPD/s00_couplers/s00_regslice/inst'
Parsing XDC File [/home/emanuel/workspace/mesh_vo/MultiPlatformDiffRenderer/src/backends/xrt/hls/build/xclbin/_x/link/vivado/vpl/prj/prj.gen/sources_1/bd/system/ip/system_axi_ic_zynq_ultra_ps_e_0_S_AXI_HP2_FPD_imp_auto_us_df_0/system_axi_ic_zynq_ultra_ps_e_0_S_AXI_HP2_FPD_imp_auto_us_df_0_clocks.xdc] for cell 'system_i/axi_ic_zynq_ultra_ps_e_0_S_AXI_HP2_FPD/s00_couplers/auto_us_df/inst'
WARNING: [Vivado_Tcl 4-935] Waiver ID 'CDC-1' is a duplicate and will not be added again. [/home/emanuel/workspace/mesh_vo/MultiPlatformDiffRenderer/src/backends/xrt/hls/build/xclbin/_x/link/vivado/vpl/prj/prj.gen/sources_1/bd/system/ip/system_axi_ic_zynq_ultra_ps_e_0_S_AXI_HP2_FPD_imp_auto_us_df_0/system_axi_ic_zynq_ultra_ps_e_0_S_AXI_HP2_FPD_imp_auto_us_df_0_clocks.xdc:18]
WARNING: [Vivado_Tcl 4-921] Waiver ID 'CDC-1' -to list should not be empty. [/home/emanuel/workspace/mesh_vo/MultiPlatformDiffRenderer/src/backends/xrt/hls/build/xclbin/_x/link/vivado/vpl/prj/prj.gen/sources_1/bd/system/ip/system_axi_ic_zynq_ultra_ps_e_0_S_AXI_HP2_FPD_imp_auto_us_df_0/system_axi_ic_zynq_ultra_ps_e_0_S_AXI_HP2_FPD_imp_auto_us_df_0_clocks.xdc:24]
WARNING: [Vivado_Tcl 4-920] Waiver ID 'CDC-1' -to list has >10000 objects! [/home/emanuel/workspace/mesh_vo/MultiPlatformDiffRenderer/src/backends/xrt/hls/build/xclbin/_x/link/vivado/vpl/prj/prj.gen/sources_1/bd/system/ip/system_axi_ic_zynq_ultra_ps_e_0_S_AXI_HP2_FPD_imp_auto_us_df_0/system_axi_ic_zynq_ultra_ps_e_0_S_AXI_HP2_FPD_imp_auto_us_df_0_clocks.xdc:27]
WARNING: [Vivado_Tcl 4-920] Waiver ID 'CDC-1' -to list has >10000 objects! [/home/emanuel/workspace/mesh_vo/MultiPlatformDiffRenderer/src/backends/xrt/hls/build/xclbin/_x/link/vivado/vpl/prj/prj.gen/sources_1/bd/system/ip/system_axi_ic_zynq_ultra_ps_e_0_S_AXI_HP2_FPD_imp_auto_us_df_0/system_axi_ic_zynq_ultra_ps_e_0_S_AXI_HP2_FPD_imp_auto_us_df_0_clocks.xdc:30]
WARNING: [Vivado_Tcl 4-921] Waiver ID 'CDC-1' -to list should not be empty. [/home/emanuel/workspace/mesh_vo/MultiPlatformDiffRenderer/src/backends/xrt/hls/build/xclbin/_x/link/vivado/vpl/prj/prj.gen/sources_1/bd/system/ip/system_axi_ic_zynq_ultra_ps_e_0_S_AXI_HP2_FPD_imp_auto_us_df_0/system_axi_ic_zynq_ultra_ps_e_0_S_AXI_HP2_FPD_imp_auto_us_df_0_clocks.xdc:33]
WARNING: [Vivado_Tcl 4-921] Waiver ID 'CDC-1' -to list should not be empty. [/home/emanuel/workspace/mesh_vo/MultiPlatformDiffRenderer/src/backends/xrt/hls/build/xclbin/_x/link/vivado/vpl/prj/prj.gen/sources_1/bd/system/ip/system_axi_ic_zynq_ultra_ps_e_0_S_AXI_HP2_FPD_imp_auto_us_df_0/system_axi_ic_zynq_ultra_ps_e_0_S_AXI_HP2_FPD_imp_auto_us_df_0_clocks.xdc:36]
WARNING: [Vivado_Tcl 4-921] Waiver ID 'CDC-10' -to list should not be empty. [/home/emanuel/workspace/mesh_vo/MultiPlatformDiffRenderer/src/backends/xrt/hls/build/xclbin/_x/link/vivado/vpl/prj/prj.gen/sources_1/bd/system/ip/system_axi_ic_zynq_ultra_ps_e_0_S_AXI_HP2_FPD_imp_auto_us_df_0/system_axi_ic_zynq_ultra_ps_e_0_S_AXI_HP2_FPD_imp_auto_us_df_0_clocks.xdc:39]
WARNING: [Vivado_Tcl 4-935] Waiver ID 'CDC-10' is a duplicate and will not be added again. [/home/emanuel/workspace/mesh_vo/MultiPlatformDiffRenderer/src/backends/xrt/hls/build/xclbin/_x/link/vivado/vpl/prj/prj.gen/sources_1/bd/system/ip/system_axi_ic_zynq_ultra_ps_e_0_S_AXI_HP2_FPD_imp_auto_us_df_0/system_axi_ic_zynq_ultra_ps_e_0_S_AXI_HP2_FPD_imp_auto_us_df_0_clocks.xdc:45]
WARNING: [Vivado_Tcl 4-921] Waiver ID 'CDC-2' -to list should not be empty. [/home/emanuel/workspace/mesh_vo/MultiPlatformDiffRenderer/src/backends/xrt/hls/build/xclbin/_x/link/vivado/vpl/prj/prj.gen/sources_1/bd/system/ip/system_axi_ic_zynq_ultra_ps_e_0_S_AXI_HP2_FPD_imp_auto_us_df_0/system_axi_ic_zynq_ultra_ps_e_0_S_AXI_HP2_FPD_imp_auto_us_df_0_clocks.xdc:48]
WARNING: [Vivado_Tcl 4-935] Waiver ID 'CDC-11' is a duplicate and will not be added again. [/home/emanuel/workspace/mesh_vo/MultiPlatformDiffRenderer/src/backends/xrt/hls/build/xclbin/_x/link/vivado/vpl/prj/prj.gen/sources_1/bd/system/ip/system_axi_ic_zynq_ultra_ps_e_0_S_AXI_HP2_FPD_imp_auto_us_df_0/system_axi_ic_zynq_ultra_ps_e_0_S_AXI_HP2_FPD_imp_auto_us_df_0_clocks.xdc:54]
Finished Parsing XDC File [/home/emanuel/workspace/mesh_vo/MultiPlatformDiffRenderer/src/backends/xrt/hls/build/xclbin/_x/link/vivado/vpl/prj/prj.gen/sources_1/bd/system/ip/system_axi_ic_zynq_ultra_ps_e_0_S_AXI_HP2_FPD_imp_auto_us_df_0/system_axi_ic_zynq_ultra_ps_e_0_S_AXI_HP2_FPD_imp_auto_us_df_0_clocks.xdc] for cell 'system_i/axi_ic_zynq_ultra_ps_e_0_S_AXI_HP2_FPD/s00_couplers/auto_us_df/inst'
Parsing XDC File [/home/emanuel/workspace/mesh_vo/MultiPlatformDiffRenderer/src/backends/xrt/hls/build/xclbin/_x/link/vivado/vpl/prj/prj.gen/sources_1/bd/system/ip/system_axi_ic_zynq_ultra_ps_e_0_S_AXI_HP2_FPD_imp_s01_regslice_0/system_axi_ic_zynq_ultra_ps_e_0_S_AXI_HP2_FPD_imp_s01_regslice_0_clocks.xdc] for cell 'system_i/axi_ic_zynq_ultra_ps_e_0_S_AXI_HP2_FPD/s01_couplers/s01_regslice/inst'
Finished Parsing XDC File [/home/emanuel/workspace/mesh_vo/MultiPlatformDiffRenderer/src/backends/xrt/hls/build/xclbin/_x/link/vivado/vpl/prj/prj.gen/sources_1/bd/system/ip/system_axi_ic_zynq_ultra_ps_e_0_S_AXI_HP2_FPD_imp_s01_regslice_0/system_axi_ic_zynq_ultra_ps_e_0_S_AXI_HP2_FPD_imp_s01_regslice_0_clocks.xdc] for cell 'system_i/axi_ic_zynq_ultra_ps_e_0_S_AXI_HP2_FPD/s01_couplers/s01_regslice/inst'
Parsing XDC File [/home/emanuel/workspace/mesh_vo/MultiPlatformDiffRenderer/src/backends/xrt/hls/build/xclbin/_x/link/vivado/vpl/prj/prj.gen/sources_1/bd/system/ip/system_axi_ic_zynq_ultra_ps_e_0_S_AXI_HP2_FPD_imp_auto_us_df_1/system_axi_ic_zynq_ultra_ps_e_0_S_AXI_HP2_FPD_imp_auto_us_df_1_clocks.xdc] for cell 'system_i/axi_ic_zynq_ultra_ps_e_0_S_AXI_HP2_FPD/s01_couplers/auto_us_df/inst'
WARNING: [Vivado_Tcl 4-935] Waiver ID 'CDC-1' is a duplicate and will not be added again. [/home/emanuel/workspace/mesh_vo/MultiPlatformDiffRenderer/src/backends/xrt/hls/build/xclbin/_x/link/vivado/vpl/prj/prj.gen/sources_1/bd/system/ip/system_axi_ic_zynq_ultra_ps_e_0_S_AXI_HP2_FPD_imp_auto_us_df_1/system_axi_ic_zynq_ultra_ps_e_0_S_AXI_HP2_FPD_imp_auto_us_df_1_clocks.xdc:18]
WARNING: [Vivado_Tcl 4-921] Waiver ID 'CDC-1' -to list should not be empty. [/home/emanuel/workspace/mesh_vo/MultiPlatformDiffRenderer/src/backends/xrt/hls/build/xclbin/_x/link/vivado/vpl/prj/prj.gen/sources_1/bd/system/ip/system_axi_ic_zynq_ultra_ps_e_0_S_AXI_HP2_FPD_imp_auto_us_df_1/system_axi_ic_zynq_ultra_ps_e_0_S_AXI_HP2_FPD_imp_auto_us_df_1_clocks.xdc:24]
WARNING: [Vivado_Tcl 4-920] Waiver ID 'CDC-1' -to list has >10000 objects! [/home/emanuel/workspace/mesh_vo/MultiPlatformDiffRenderer/src/backends/xrt/hls/build/xclbin/_x/link/vivado/vpl/prj/prj.gen/sources_1/bd/system/ip/system_axi_ic_zynq_ultra_ps_e_0_S_AXI_HP2_FPD_imp_auto_us_df_1/system_axi_ic_zynq_ultra_ps_e_0_S_AXI_HP2_FPD_imp_auto_us_df_1_clocks.xdc:27]
WARNING: [Vivado_Tcl 4-920] Waiver ID 'CDC-1' -to list has >10000 objects! [/home/emanuel/workspace/mesh_vo/MultiPlatformDiffRenderer/src/backends/xrt/hls/build/xclbin/_x/link/vivado/vpl/prj/prj.gen/sources_1/bd/system/ip/system_axi_ic_zynq_ultra_ps_e_0_S_AXI_HP2_FPD_imp_auto_us_df_1/system_axi_ic_zynq_ultra_ps_e_0_S_AXI_HP2_FPD_imp_auto_us_df_1_clocks.xdc:30]
WARNING: [Vivado_Tcl 4-921] Waiver ID 'CDC-1' -to list should not be empty. [/home/emanuel/workspace/mesh_vo/MultiPlatformDiffRenderer/src/backends/xrt/hls/build/xclbin/_x/link/vivado/vpl/prj/prj.gen/sources_1/bd/system/ip/system_axi_ic_zynq_ultra_ps_e_0_S_AXI_HP2_FPD_imp_auto_us_df_1/system_axi_ic_zynq_ultra_ps_e_0_S_AXI_HP2_FPD_imp_auto_us_df_1_clocks.xdc:33]
WARNING: [Vivado_Tcl 4-921] Waiver ID 'CDC-1' -to list should not be empty. [/home/emanuel/workspace/mesh_vo/MultiPlatformDiffRenderer/src/backends/xrt/hls/build/xclbin/_x/link/vivado/vpl/prj/prj.gen/sources_1/bd/system/ip/system_axi_ic_zynq_ultra_ps_e_0_S_AXI_HP2_FPD_imp_auto_us_df_1/system_axi_ic_zynq_ultra_ps_e_0_S_AXI_HP2_FPD_imp_auto_us_df_1_clocks.xdc:36]
WARNING: [Vivado_Tcl 4-921] Waiver ID 'CDC-10' -to list should not be empty. [/home/emanuel/workspace/mesh_vo/MultiPlatformDiffRenderer/src/backends/xrt/hls/build/xclbin/_x/link/vivado/vpl/prj/prj.gen/sources_1/bd/system/ip/system_axi_ic_zynq_ultra_ps_e_0_S_AXI_HP2_FPD_imp_auto_us_df_1/system_axi_ic_zynq_ultra_ps_e_0_S_AXI_HP2_FPD_imp_auto_us_df_1_clocks.xdc:39]
WARNING: [Vivado_Tcl 4-935] Waiver ID 'CDC-10' is a duplicate and will not be added again. [/home/emanuel/workspace/mesh_vo/MultiPlatformDiffRenderer/src/backends/xrt/hls/build/xclbin/_x/link/vivado/vpl/prj/prj.gen/sources_1/bd/system/ip/system_axi_ic_zynq_ultra_ps_e_0_S_AXI_HP2_FPD_imp_auto_us_df_1/system_axi_ic_zynq_ultra_ps_e_0_S_AXI_HP2_FPD_imp_auto_us_df_1_clocks.xdc:45]
WARNING: [Vivado_Tcl 4-921] Waiver ID 'CDC-2' -to list should not be empty. [/home/emanuel/workspace/mesh_vo/MultiPlatformDiffRenderer/src/backends/xrt/hls/build/xclbin/_x/link/vivado/vpl/prj/prj.gen/sources_1/bd/system/ip/system_axi_ic_zynq_ultra_ps_e_0_S_AXI_HP2_FPD_imp_auto_us_df_1/system_axi_ic_zynq_ultra_ps_e_0_S_AXI_HP2_FPD_imp_auto_us_df_1_clocks.xdc:48]
WARNING: [Vivado_Tcl 4-935] Waiver ID 'CDC-11' is a duplicate and will not be added again. [/home/emanuel/workspace/mesh_vo/MultiPlatformDiffRenderer/src/backends/xrt/hls/build/xclbin/_x/link/vivado/vpl/prj/prj.gen/sources_1/bd/system/ip/system_axi_ic_zynq_ultra_ps_e_0_S_AXI_HP2_FPD_imp_auto_us_df_1/system_axi_ic_zynq_ultra_ps_e_0_S_AXI_HP2_FPD_imp_auto_us_df_1_clocks.xdc:54]
Finished Parsing XDC File [/home/emanuel/workspace/mesh_vo/MultiPlatformDiffRenderer/src/backends/xrt/hls/build/xclbin/_x/link/vivado/vpl/prj/prj.gen/sources_1/bd/system/ip/system_axi_ic_zynq_ultra_ps_e_0_S_AXI_HP2_FPD_imp_auto_us_df_1/system_axi_ic_zynq_ultra_ps_e_0_S_AXI_HP2_FPD_imp_auto_us_df_1_clocks.xdc] for cell 'system_i/axi_ic_zynq_ultra_ps_e_0_S_AXI_HP2_FPD/s01_couplers/auto_us_df/inst'
Parsing XDC File [/home/emanuel/workspace/mesh_vo/MultiPlatformDiffRenderer/src/backends/xrt/hls/build/xclbin/_x/link/vivado/vpl/prj/prj.gen/sources_1/bd/system/ip/system_axi_ic_zynq_ultra_ps_e_0_S_AXI_HP2_FPD_imp_s02_regslice_0/system_axi_ic_zynq_ultra_ps_e_0_S_AXI_HP2_FPD_imp_s02_regslice_0_clocks.xdc] for cell 'system_i/axi_ic_zynq_ultra_ps_e_0_S_AXI_HP2_FPD/s02_couplers/s02_regslice/inst'
Finished Parsing XDC File [/home/emanuel/workspace/mesh_vo/MultiPlatformDiffRenderer/src/backends/xrt/hls/build/xclbin/_x/link/vivado/vpl/prj/prj.gen/sources_1/bd/system/ip/system_axi_ic_zynq_ultra_ps_e_0_S_AXI_HP2_FPD_imp_s02_regslice_0/system_axi_ic_zynq_ultra_ps_e_0_S_AXI_HP2_FPD_imp_s02_regslice_0_clocks.xdc] for cell 'system_i/axi_ic_zynq_ultra_ps_e_0_S_AXI_HP2_FPD/s02_couplers/s02_regslice/inst'
Parsing XDC File [/home/emanuel/workspace/mesh_vo/MultiPlatformDiffRenderer/src/backends/xrt/hls/build/xclbin/_x/link/vivado/vpl/prj/prj.gen/sources_1/bd/system/ip/system_axi_ic_zynq_ultra_ps_e_0_S_AXI_HP2_FPD_imp_auto_us_df_2/system_axi_ic_zynq_ultra_ps_e_0_S_AXI_HP2_FPD_imp_auto_us_df_2_clocks.xdc] for cell 'system_i/axi_ic_zynq_ultra_ps_e_0_S_AXI_HP2_FPD/s02_couplers/auto_us_df/inst'
WARNING: [Vivado_Tcl 4-935] Waiver ID 'CDC-1' is a duplicate and will not be added again. [/home/emanuel/workspace/mesh_vo/MultiPlatformDiffRenderer/src/backends/xrt/hls/build/xclbin/_x/link/vivado/vpl/prj/prj.gen/sources_1/bd/system/ip/system_axi_ic_zynq_ultra_ps_e_0_S_AXI_HP2_FPD_imp_auto_us_df_2/system_axi_ic_zynq_ultra_ps_e_0_S_AXI_HP2_FPD_imp_auto_us_df_2_clocks.xdc:18]
WARNING: [Vivado_Tcl 4-921] Waiver ID 'CDC-1' -to list should not be empty. [/home/emanuel/workspace/mesh_vo/MultiPlatformDiffRenderer/src/backends/xrt/hls/build/xclbin/_x/link/vivado/vpl/prj/prj.gen/sources_1/bd/system/ip/system_axi_ic_zynq_ultra_ps_e_0_S_AXI_HP2_FPD_imp_auto_us_df_2/system_axi_ic_zynq_ultra_ps_e_0_S_AXI_HP2_FPD_imp_auto_us_df_2_clocks.xdc:24]
WARNING: [Vivado_Tcl 4-920] Waiver ID 'CDC-1' -to list has >10000 objects! [/home/emanuel/workspace/mesh_vo/MultiPlatformDiffRenderer/src/backends/xrt/hls/build/xclbin/_x/link/vivado/vpl/prj/prj.gen/sources_1/bd/system/ip/system_axi_ic_zynq_ultra_ps_e_0_S_AXI_HP2_FPD_imp_auto_us_df_2/system_axi_ic_zynq_ultra_ps_e_0_S_AXI_HP2_FPD_imp_auto_us_df_2_clocks.xdc:27]
WARNING: [Vivado_Tcl 4-920] Waiver ID 'CDC-1' -to list has >10000 objects! [/home/emanuel/workspace/mesh_vo/MultiPlatformDiffRenderer/src/backends/xrt/hls/build/xclbin/_x/link/vivado/vpl/prj/prj.gen/sources_1/bd/system/ip/system_axi_ic_zynq_ultra_ps_e_0_S_AXI_HP2_FPD_imp_auto_us_df_2/system_axi_ic_zynq_ultra_ps_e_0_S_AXI_HP2_FPD_imp_auto_us_df_2_clocks.xdc:30]
WARNING: [Vivado_Tcl 4-921] Waiver ID 'CDC-1' -to list should not be empty. [/home/emanuel/workspace/mesh_vo/MultiPlatformDiffRenderer/src/backends/xrt/hls/build/xclbin/_x/link/vivado/vpl/prj/prj.gen/sources_1/bd/system/ip/system_axi_ic_zynq_ultra_ps_e_0_S_AXI_HP2_FPD_imp_auto_us_df_2/system_axi_ic_zynq_ultra_ps_e_0_S_AXI_HP2_FPD_imp_auto_us_df_2_clocks.xdc:33]
WARNING: [Vivado_Tcl 4-921] Waiver ID 'CDC-1' -to list should not be empty. [/home/emanuel/workspace/mesh_vo/MultiPlatformDiffRenderer/src/backends/xrt/hls/build/xclbin/_x/link/vivado/vpl/prj/prj.gen/sources_1/bd/system/ip/system_axi_ic_zynq_ultra_ps_e_0_S_AXI_HP2_FPD_imp_auto_us_df_2/system_axi_ic_zynq_ultra_ps_e_0_S_AXI_HP2_FPD_imp_auto_us_df_2_clocks.xdc:36]
WARNING: [Vivado_Tcl 4-921] Waiver ID 'CDC-10' -to list should not be empty. [/home/emanuel/workspace/mesh_vo/MultiPlatformDiffRenderer/src/backends/xrt/hls/build/xclbin/_x/link/vivado/vpl/prj/prj.gen/sources_1/bd/system/ip/system_axi_ic_zynq_ultra_ps_e_0_S_AXI_HP2_FPD_imp_auto_us_df_2/system_axi_ic_zynq_ultra_ps_e_0_S_AXI_HP2_FPD_imp_auto_us_df_2_clocks.xdc:39]
WARNING: [Vivado_Tcl 4-935] Waiver ID 'CDC-10' is a duplicate and will not be added again. [/home/emanuel/workspace/mesh_vo/MultiPlatformDiffRenderer/src/backends/xrt/hls/build/xclbin/_x/link/vivado/vpl/prj/prj.gen/sources_1/bd/system/ip/system_axi_ic_zynq_ultra_ps_e_0_S_AXI_HP2_FPD_imp_auto_us_df_2/system_axi_ic_zynq_ultra_ps_e_0_S_AXI_HP2_FPD_imp_auto_us_df_2_clocks.xdc:45]
WARNING: [Vivado_Tcl 4-921] Waiver ID 'CDC-2' -to list should not be empty. [/home/emanuel/workspace/mesh_vo/MultiPlatformDiffRenderer/src/backends/xrt/hls/build/xclbin/_x/link/vivado/vpl/prj/prj.gen/sources_1/bd/system/ip/system_axi_ic_zynq_ultra_ps_e_0_S_AXI_HP2_FPD_imp_auto_us_df_2/system_axi_ic_zynq_ultra_ps_e_0_S_AXI_HP2_FPD_imp_auto_us_df_2_clocks.xdc:48]
WARNING: [Vivado_Tcl 4-935] Waiver ID 'CDC-11' is a duplicate and will not be added again. [/home/emanuel/workspace/mesh_vo/MultiPlatformDiffRenderer/src/backends/xrt/hls/build/xclbin/_x/link/vivado/vpl/prj/prj.gen/sources_1/bd/system/ip/system_axi_ic_zynq_ultra_ps_e_0_S_AXI_HP2_FPD_imp_auto_us_df_2/system_axi_ic_zynq_ultra_ps_e_0_S_AXI_HP2_FPD_imp_auto_us_df_2_clocks.xdc:54]
Finished Parsing XDC File [/home/emanuel/workspace/mesh_vo/MultiPlatformDiffRenderer/src/backends/xrt/hls/build/xclbin/_x/link/vivado/vpl/prj/prj.gen/sources_1/bd/system/ip/system_axi_ic_zynq_ultra_ps_e_0_S_AXI_HP2_FPD_imp_auto_us_df_2/system_axi_ic_zynq_ultra_ps_e_0_S_AXI_HP2_FPD_imp_auto_us_df_2_clocks.xdc] for cell 'system_i/axi_ic_zynq_ultra_ps_e_0_S_AXI_HP2_FPD/s02_couplers/auto_us_df/inst'
Parsing XDC File [/home/emanuel/workspace/mesh_vo/MultiPlatformDiffRenderer/src/backends/xrt/hls/build/xclbin/_x/link/vivado/vpl/prj/prj.gen/sources_1/bd/system/ip/system_axi_ic_zynq_ultra_ps_e_0_S_AXI_HP2_FPD_imp_s03_regslice_0/system_axi_ic_zynq_ultra_ps_e_0_S_AXI_HP2_FPD_imp_s03_regslice_0_clocks.xdc] for cell 'system_i/axi_ic_zynq_ultra_ps_e_0_S_AXI_HP2_FPD/s03_couplers/s03_regslice/inst'
Finished Parsing XDC File [/home/emanuel/workspace/mesh_vo/MultiPlatformDiffRenderer/src/backends/xrt/hls/build/xclbin/_x/link/vivado/vpl/prj/prj.gen/sources_1/bd/system/ip/system_axi_ic_zynq_ultra_ps_e_0_S_AXI_HP2_FPD_imp_s03_regslice_0/system_axi_ic_zynq_ultra_ps_e_0_S_AXI_HP2_FPD_imp_s03_regslice_0_clocks.xdc] for cell 'system_i/axi_ic_zynq_ultra_ps_e_0_S_AXI_HP2_FPD/s03_couplers/s03_regslice/inst'
Parsing XDC File [/home/emanuel/workspace/mesh_vo/MultiPlatformDiffRenderer/src/backends/xrt/hls/build/xclbin/_x/link/vivado/vpl/prj/prj.gen/sources_1/bd/system/ip/system_axi_ic_zynq_ultra_ps_e_0_S_AXI_HP2_FPD_imp_auto_us_df_3/system_axi_ic_zynq_ultra_ps_e_0_S_AXI_HP2_FPD_imp_auto_us_df_3_clocks.xdc] for cell 'system_i/axi_ic_zynq_ultra_ps_e_0_S_AXI_HP2_FPD/s03_couplers/auto_us_df/inst'
WARNING: [Vivado_Tcl 4-935] Waiver ID 'CDC-1' is a duplicate and will not be added again. [/home/emanuel/workspace/mesh_vo/MultiPlatformDiffRenderer/src/backends/xrt/hls/build/xclbin/_x/link/vivado/vpl/prj/prj.gen/sources_1/bd/system/ip/system_axi_ic_zynq_ultra_ps_e_0_S_AXI_HP2_FPD_imp_auto_us_df_3/system_axi_ic_zynq_ultra_ps_e_0_S_AXI_HP2_FPD_imp_auto_us_df_3_clocks.xdc:18]
WARNING: [Vivado_Tcl 4-921] Waiver ID 'CDC-1' -to list should not be empty. [/home/emanuel/workspace/mesh_vo/MultiPlatformDiffRenderer/src/backends/xrt/hls/build/xclbin/_x/link/vivado/vpl/prj/prj.gen/sources_1/bd/system/ip/system_axi_ic_zynq_ultra_ps_e_0_S_AXI_HP2_FPD_imp_auto_us_df_3/system_axi_ic_zynq_ultra_ps_e_0_S_AXI_HP2_FPD_imp_auto_us_df_3_clocks.xdc:24]
WARNING: [Vivado_Tcl 4-920] Waiver ID 'CDC-1' -to list has >10000 objects! [/home/emanuel/workspace/mesh_vo/MultiPlatformDiffRenderer/src/backends/xrt/hls/build/xclbin/_x/link/vivado/vpl/prj/prj.gen/sources_1/bd/system/ip/system_axi_ic_zynq_ultra_ps_e_0_S_AXI_HP2_FPD_imp_auto_us_df_3/system_axi_ic_zynq_ultra_ps_e_0_S_AXI_HP2_FPD_imp_auto_us_df_3_clocks.xdc:27]
WARNING: [Vivado_Tcl 4-920] Waiver ID 'CDC-1' -to list has >10000 objects! [/home/emanuel/workspace/mesh_vo/MultiPlatformDiffRenderer/src/backends/xrt/hls/build/xclbin/_x/link/vivado/vpl/prj/prj.gen/sources_1/bd/system/ip/system_axi_ic_zynq_ultra_ps_e_0_S_AXI_HP2_FPD_imp_auto_us_df_3/system_axi_ic_zynq_ultra_ps_e_0_S_AXI_HP2_FPD_imp_auto_us_df_3_clocks.xdc:30]
WARNING: [Vivado_Tcl 4-921] Waiver ID 'CDC-1' -to list should not be empty. [/home/emanuel/workspace/mesh_vo/MultiPlatformDiffRenderer/src/backends/xrt/hls/build/xclbin/_x/link/vivado/vpl/prj/prj.gen/sources_1/bd/system/ip/system_axi_ic_zynq_ultra_ps_e_0_S_AXI_HP2_FPD_imp_auto_us_df_3/system_axi_ic_zynq_ultra_ps_e_0_S_AXI_HP2_FPD_imp_auto_us_df_3_clocks.xdc:33]
WARNING: [Vivado_Tcl 4-921] Waiver ID 'CDC-1' -to list should not be empty. [/home/emanuel/workspace/mesh_vo/MultiPlatformDiffRenderer/src/backends/xrt/hls/build/xclbin/_x/link/vivado/vpl/prj/prj.gen/sources_1/bd/system/ip/system_axi_ic_zynq_ultra_ps_e_0_S_AXI_HP2_FPD_imp_auto_us_df_3/system_axi_ic_zynq_ultra_ps_e_0_S_AXI_HP2_FPD_imp_auto_us_df_3_clocks.xdc:36]
WARNING: [Vivado_Tcl 4-921] Waiver ID 'CDC-10' -to list should not be empty. [/home/emanuel/workspace/mesh_vo/MultiPlatformDiffRenderer/src/backends/xrt/hls/build/xclbin/_x/link/vivado/vpl/prj/prj.gen/sources_1/bd/system/ip/system_axi_ic_zynq_ultra_ps_e_0_S_AXI_HP2_FPD_imp_auto_us_df_3/system_axi_ic_zynq_ultra_ps_e_0_S_AXI_HP2_FPD_imp_auto_us_df_3_clocks.xdc:39]
WARNING: [Vivado_Tcl 4-935] Waiver ID 'CDC-10' is a duplicate and will not be added again. [/home/emanuel/workspace/mesh_vo/MultiPlatformDiffRenderer/src/backends/xrt/hls/build/xclbin/_x/link/vivado/vpl/prj/prj.gen/sources_1/bd/system/ip/system_axi_ic_zynq_ultra_ps_e_0_S_AXI_HP2_FPD_imp_auto_us_df_3/system_axi_ic_zynq_ultra_ps_e_0_S_AXI_HP2_FPD_imp_auto_us_df_3_clocks.xdc:45]
WARNING: [Vivado_Tcl 4-921] Waiver ID 'CDC-2' -to list should not be empty. [/home/emanuel/workspace/mesh_vo/MultiPlatformDiffRenderer/src/backends/xrt/hls/build/xclbin/_x/link/vivado/vpl/prj/prj.gen/sources_1/bd/system/ip/system_axi_ic_zynq_ultra_ps_e_0_S_AXI_HP2_FPD_imp_auto_us_df_3/system_axi_ic_zynq_ultra_ps_e_0_S_AXI_HP2_FPD_imp_auto_us_df_3_clocks.xdc:48]
WARNING: [Vivado_Tcl 4-935] Waiver ID 'CDC-11' is a duplicate and will not be added again. [/home/emanuel/workspace/mesh_vo/MultiPlatformDiffRenderer/src/backends/xrt/hls/build/xclbin/_x/link/vivado/vpl/prj/prj.gen/sources_1/bd/system/ip/system_axi_ic_zynq_ultra_ps_e_0_S_AXI_HP2_FPD_imp_auto_us_df_3/system_axi_ic_zynq_ultra_ps_e_0_S_AXI_HP2_FPD_imp_auto_us_df_3_clocks.xdc:54]
Finished Parsing XDC File [/home/emanuel/workspace/mesh_vo/MultiPlatformDiffRenderer/src/backends/xrt/hls/build/xclbin/_x/link/vivado/vpl/prj/prj.gen/sources_1/bd/system/ip/system_axi_ic_zynq_ultra_ps_e_0_S_AXI_HP2_FPD_imp_auto_us_df_3/system_axi_ic_zynq_ultra_ps_e_0_S_AXI_HP2_FPD_imp_auto_us_df_3_clocks.xdc] for cell 'system_i/axi_ic_zynq_ultra_ps_e_0_S_AXI_HP2_FPD/s03_couplers/auto_us_df/inst'
Parsing XDC File [/home/emanuel/workspace/mesh_vo/MultiPlatformDiffRenderer/src/backends/xrt/hls/build/xclbin/_x/link/vivado/vpl/prj/prj.gen/sources_1/bd/system/ip/system_axi_ic_zynq_ultra_ps_e_0_S_AXI_HP2_FPD_imp_s04_regslice_0/system_axi_ic_zynq_ultra_ps_e_0_S_AXI_HP2_FPD_imp_s04_regslice_0_clocks.xdc] for cell 'system_i/axi_ic_zynq_ultra_ps_e_0_S_AXI_HP2_FPD/s04_couplers/s04_regslice/inst'
Finished Parsing XDC File [/home/emanuel/workspace/mesh_vo/MultiPlatformDiffRenderer/src/backends/xrt/hls/build/xclbin/_x/link/vivado/vpl/prj/prj.gen/sources_1/bd/system/ip/system_axi_ic_zynq_ultra_ps_e_0_S_AXI_HP2_FPD_imp_s04_regslice_0/system_axi_ic_zynq_ultra_ps_e_0_S_AXI_HP2_FPD_imp_s04_regslice_0_clocks.xdc] for cell 'system_i/axi_ic_zynq_ultra_ps_e_0_S_AXI_HP2_FPD/s04_couplers/s04_regslice/inst'
Parsing XDC File [/home/emanuel/workspace/mesh_vo/MultiPlatformDiffRenderer/src/backends/xrt/hls/build/xclbin/_x/link/vivado/vpl/prj/prj.gen/sources_1/bd/system/ip/system_axi_ic_zynq_ultra_ps_e_0_S_AXI_HP2_FPD_imp_auto_us_df_4/system_axi_ic_zynq_ultra_ps_e_0_S_AXI_HP2_FPD_imp_auto_us_df_4_clocks.xdc] for cell 'system_i/axi_ic_zynq_ultra_ps_e_0_S_AXI_HP2_FPD/s04_couplers/auto_us_df/inst'
WARNING: [Vivado_Tcl 4-935] Waiver ID 'CDC-1' is a duplicate and will not be added again. [/home/emanuel/workspace/mesh_vo/MultiPlatformDiffRenderer/src/backends/xrt/hls/build/xclbin/_x/link/vivado/vpl/prj/prj.gen/sources_1/bd/system/ip/system_axi_ic_zynq_ultra_ps_e_0_S_AXI_HP2_FPD_imp_auto_us_df_4/system_axi_ic_zynq_ultra_ps_e_0_S_AXI_HP2_FPD_imp_auto_us_df_4_clocks.xdc:18]
WARNING: [Vivado_Tcl 4-921] Waiver ID 'CDC-1' -to list should not be empty. [/home/emanuel/workspace/mesh_vo/MultiPlatformDiffRenderer/src/backends/xrt/hls/build/xclbin/_x/link/vivado/vpl/prj/prj.gen/sources_1/bd/system/ip/system_axi_ic_zynq_ultra_ps_e_0_S_AXI_HP2_FPD_imp_auto_us_df_4/system_axi_ic_zynq_ultra_ps_e_0_S_AXI_HP2_FPD_imp_auto_us_df_4_clocks.xdc:24]
WARNING: [Vivado_Tcl 4-920] Waiver ID 'CDC-1' -to list has >10000 objects! [/home/emanuel/workspace/mesh_vo/MultiPlatformDiffRenderer/src/backends/xrt/hls/build/xclbin/_x/link/vivado/vpl/prj/prj.gen/sources_1/bd/system/ip/system_axi_ic_zynq_ultra_ps_e_0_S_AXI_HP2_FPD_imp_auto_us_df_4/system_axi_ic_zynq_ultra_ps_e_0_S_AXI_HP2_FPD_imp_auto_us_df_4_clocks.xdc:27]
WARNING: [Vivado_Tcl 4-920] Waiver ID 'CDC-1' -to list has >10000 objects! [/home/emanuel/workspace/mesh_vo/MultiPlatformDiffRenderer/src/backends/xrt/hls/build/xclbin/_x/link/vivado/vpl/prj/prj.gen/sources_1/bd/system/ip/system_axi_ic_zynq_ultra_ps_e_0_S_AXI_HP2_FPD_imp_auto_us_df_4/system_axi_ic_zynq_ultra_ps_e_0_S_AXI_HP2_FPD_imp_auto_us_df_4_clocks.xdc:30]
WARNING: [Vivado_Tcl 4-921] Waiver ID 'CDC-1' -to list should not be empty. [/home/emanuel/workspace/mesh_vo/MultiPlatformDiffRenderer/src/backends/xrt/hls/build/xclbin/_x/link/vivado/vpl/prj/prj.gen/sources_1/bd/system/ip/system_axi_ic_zynq_ultra_ps_e_0_S_AXI_HP2_FPD_imp_auto_us_df_4/system_axi_ic_zynq_ultra_ps_e_0_S_AXI_HP2_FPD_imp_auto_us_df_4_clocks.xdc:33]
WARNING: [Vivado_Tcl 4-921] Waiver ID 'CDC-1' -to list should not be empty. [/home/emanuel/workspace/mesh_vo/MultiPlatformDiffRenderer/src/backends/xrt/hls/build/xclbin/_x/link/vivado/vpl/prj/prj.gen/sources_1/bd/system/ip/system_axi_ic_zynq_ultra_ps_e_0_S_AXI_HP2_FPD_imp_auto_us_df_4/system_axi_ic_zynq_ultra_ps_e_0_S_AXI_HP2_FPD_imp_auto_us_df_4_clocks.xdc:36]
WARNING: [Vivado_Tcl 4-921] Waiver ID 'CDC-10' -to list should not be empty. [/home/emanuel/workspace/mesh_vo/MultiPlatformDiffRenderer/src/backends/xrt/hls/build/xclbin/_x/link/vivado/vpl/prj/prj.gen/sources_1/bd/system/ip/system_axi_ic_zynq_ultra_ps_e_0_S_AXI_HP2_FPD_imp_auto_us_df_4/system_axi_ic_zynq_ultra_ps_e_0_S_AXI_HP2_FPD_imp_auto_us_df_4_clocks.xdc:39]
WARNING: [Vivado_Tcl 4-935] Waiver ID 'CDC-10' is a duplicate and will not be added again. [/home/emanuel/workspace/mesh_vo/MultiPlatformDiffRenderer/src/backends/xrt/hls/build/xclbin/_x/link/vivado/vpl/prj/prj.gen/sources_1/bd/system/ip/system_axi_ic_zynq_ultra_ps_e_0_S_AXI_HP2_FPD_imp_auto_us_df_4/system_axi_ic_zynq_ultra_ps_e_0_S_AXI_HP2_FPD_imp_auto_us_df_4_clocks.xdc:45]
WARNING: [Vivado_Tcl 4-921] Waiver ID 'CDC-2' -to list should not be empty. [/home/emanuel/workspace/mesh_vo/MultiPlatformDiffRenderer/src/backends/xrt/hls/build/xclbin/_x/link/vivado/vpl/prj/prj.gen/sources_1/bd/system/ip/system_axi_ic_zynq_ultra_ps_e_0_S_AXI_HP2_FPD_imp_auto_us_df_4/system_axi_ic_zynq_ultra_ps_e_0_S_AXI_HP2_FPD_imp_auto_us_df_4_clocks.xdc:48]
WARNING: [Vivado_Tcl 4-935] Waiver ID 'CDC-11' is a duplicate and will not be added again. [/home/emanuel/workspace/mesh_vo/MultiPlatformDiffRenderer/src/backends/xrt/hls/build/xclbin/_x/link/vivado/vpl/prj/prj.gen/sources_1/bd/system/ip/system_axi_ic_zynq_ultra_ps_e_0_S_AXI_HP2_FPD_imp_auto_us_df_4/system_axi_ic_zynq_ultra_ps_e_0_S_AXI_HP2_FPD_imp_auto_us_df_4_clocks.xdc:54]
Finished Parsing XDC File [/home/emanuel/workspace/mesh_vo/MultiPlatformDiffRenderer/src/backends/xrt/hls/build/xclbin/_x/link/vivado/vpl/prj/prj.gen/sources_1/bd/system/ip/system_axi_ic_zynq_ultra_ps_e_0_S_AXI_HP2_FPD_imp_auto_us_df_4/system_axi_ic_zynq_ultra_ps_e_0_S_AXI_HP2_FPD_imp_auto_us_df_4_clocks.xdc] for cell 'system_i/axi_ic_zynq_ultra_ps_e_0_S_AXI_HP2_FPD/s04_couplers/auto_us_df/inst'
Parsing XDC File [/home/emanuel/workspace/mesh_vo/MultiPlatformDiffRenderer/src/backends/xrt/hls/build/xclbin/_x/link/vivado/vpl/prj/prj.gen/sources_1/bd/system/ip/system_axi_ic_zynq_ultra_ps_e_0_S_AXI_HP2_FPD_imp_s05_regslice_0/system_axi_ic_zynq_ultra_ps_e_0_S_AXI_HP2_FPD_imp_s05_regslice_0_clocks.xdc] for cell 'system_i/axi_ic_zynq_ultra_ps_e_0_S_AXI_HP2_FPD/s05_couplers/s05_regslice/inst'
Finished Parsing XDC File [/home/emanuel/workspace/mesh_vo/MultiPlatformDiffRenderer/src/backends/xrt/hls/build/xclbin/_x/link/vivado/vpl/prj/prj.gen/sources_1/bd/system/ip/system_axi_ic_zynq_ultra_ps_e_0_S_AXI_HP2_FPD_imp_s05_regslice_0/system_axi_ic_zynq_ultra_ps_e_0_S_AXI_HP2_FPD_imp_s05_regslice_0_clocks.xdc] for cell 'system_i/axi_ic_zynq_ultra_ps_e_0_S_AXI_HP2_FPD/s05_couplers/s05_regslice/inst'
Parsing XDC File [/home/emanuel/workspace/mesh_vo/MultiPlatformDiffRenderer/src/backends/xrt/hls/build/xclbin/_x/link/vivado/vpl/prj/prj.gen/sources_1/bd/system/ip/system_axi_ic_zynq_ultra_ps_e_0_S_AXI_HP2_FPD_imp_auto_us_df_5/system_axi_ic_zynq_ultra_ps_e_0_S_AXI_HP2_FPD_imp_auto_us_df_5_clocks.xdc] for cell 'system_i/axi_ic_zynq_ultra_ps_e_0_S_AXI_HP2_FPD/s05_couplers/auto_us_df/inst'
WARNING: [Vivado_Tcl 4-921] Waiver ID 'CDC-1' -to list should not be empty. [/home/emanuel/workspace/mesh_vo/MultiPlatformDiffRenderer/src/backends/xrt/hls/build/xclbin/_x/link/vivado/vpl/prj/prj.gen/sources_1/bd/system/ip/system_axi_ic_zynq_ultra_ps_e_0_S_AXI_HP2_FPD_imp_auto_us_df_5/system_axi_ic_zynq_ultra_ps_e_0_S_AXI_HP2_FPD_imp_auto_us_df_5_clocks.xdc:15]
WARNING: [Vivado_Tcl 4-921] Waiver ID 'CDC-1' -to list should not be empty. [/home/emanuel/workspace/mesh_vo/MultiPlatformDiffRenderer/src/backends/xrt/hls/build/xclbin/_x/link/vivado/vpl/prj/prj.gen/sources_1/bd/system/ip/system_axi_ic_zynq_ultra_ps_e_0_S_AXI_HP2_FPD_imp_auto_us_df_5/system_axi_ic_zynq_ultra_ps_e_0_S_AXI_HP2_FPD_imp_auto_us_df_5_clocks.xdc:18]
WARNING: [Vivado_Tcl 4-921] Waiver ID 'CDC-1' -to list should not be empty. [/home/emanuel/workspace/mesh_vo/MultiPlatformDiffRenderer/src/backends/xrt/hls/build/xclbin/_x/link/vivado/vpl/prj/prj.gen/sources_1/bd/system/ip/system_axi_ic_zynq_ultra_ps_e_0_S_AXI_HP2_FPD_imp_auto_us_df_5/system_axi_ic_zynq_ultra_ps_e_0_S_AXI_HP2_FPD_imp_auto_us_df_5_clocks.xdc:24]
WARNING: [Vivado_Tcl 4-920] Waiver ID 'CDC-1' -to list has >10000 objects! [/home/emanuel/workspace/mesh_vo/MultiPlatformDiffRenderer/src/backends/xrt/hls/build/xclbin/_x/link/vivado/vpl/prj/prj.gen/sources_1/bd/system/ip/system_axi_ic_zynq_ultra_ps_e_0_S_AXI_HP2_FPD_imp_auto_us_df_5/system_axi_ic_zynq_ultra_ps_e_0_S_AXI_HP2_FPD_imp_auto_us_df_5_clocks.xdc:27]
WARNING: [Vivado_Tcl 4-920] Waiver ID 'CDC-1' -to list has >10000 objects! [/home/emanuel/workspace/mesh_vo/MultiPlatformDiffRenderer/src/backends/xrt/hls/build/xclbin/_x/link/vivado/vpl/prj/prj.gen/sources_1/bd/system/ip/system_axi_ic_zynq_ultra_ps_e_0_S_AXI_HP2_FPD_imp_auto_us_df_5/system_axi_ic_zynq_ultra_ps_e_0_S_AXI_HP2_FPD_imp_auto_us_df_5_clocks.xdc:30]
WARNING: [Vivado_Tcl 4-921] Waiver ID 'CDC-1' -to list should not be empty. [/home/emanuel/workspace/mesh_vo/MultiPlatformDiffRenderer/src/backends/xrt/hls/build/xclbin/_x/link/vivado/vpl/prj/prj.gen/sources_1/bd/system/ip/system_axi_ic_zynq_ultra_ps_e_0_S_AXI_HP2_FPD_imp_auto_us_df_5/system_axi_ic_zynq_ultra_ps_e_0_S_AXI_HP2_FPD_imp_auto_us_df_5_clocks.xdc:33]
WARNING: [Vivado_Tcl 4-921] Waiver ID 'CDC-1' -to list should not be empty. [/home/emanuel/workspace/mesh_vo/MultiPlatformDiffRenderer/src/backends/xrt/hls/build/xclbin/_x/link/vivado/vpl/prj/prj.gen/sources_1/bd/system/ip/system_axi_ic_zynq_ultra_ps_e_0_S_AXI_HP2_FPD_imp_auto_us_df_5/system_axi_ic_zynq_ultra_ps_e_0_S_AXI_HP2_FPD_imp_auto_us_df_5_clocks.xdc:36]
WARNING: [Vivado_Tcl 4-921] Waiver ID 'CDC-10' -to list should not be empty. [/home/emanuel/workspace/mesh_vo/MultiPlatformDiffRenderer/src/backends/xrt/hls/build/xclbin/_x/link/vivado/vpl/prj/prj.gen/sources_1/bd/system/ip/system_axi_ic_zynq_ultra_ps_e_0_S_AXI_HP2_FPD_imp_auto_us_df_5/system_axi_ic_zynq_ultra_ps_e_0_S_AXI_HP2_FPD_imp_auto_us_df_5_clocks.xdc:39]
WARNING: [Vivado_Tcl 4-935] Waiver ID 'CDC-10' is a duplicate and will not be added again. [/home/emanuel/workspace/mesh_vo/MultiPlatformDiffRenderer/src/backends/xrt/hls/build/xclbin/_x/link/vivado/vpl/prj/prj.gen/sources_1/bd/system/ip/system_axi_ic_zynq_ultra_ps_e_0_S_AXI_HP2_FPD_imp_auto_us_df_5/system_axi_ic_zynq_ultra_ps_e_0_S_AXI_HP2_FPD_imp_auto_us_df_5_clocks.xdc:45]
WARNING: [Vivado_Tcl 4-921] Waiver ID 'CDC-2' -to list should not be empty. [/home/emanuel/workspace/mesh_vo/MultiPlatformDiffRenderer/src/backends/xrt/hls/build/xclbin/_x/link/vivado/vpl/prj/prj.gen/sources_1/bd/system/ip/system_axi_ic_zynq_ultra_ps_e_0_S_AXI_HP2_FPD_imp_auto_us_df_5/system_axi_ic_zynq_ultra_ps_e_0_S_AXI_HP2_FPD_imp_auto_us_df_5_clocks.xdc:48]
WARNING: [Vivado_Tcl 4-935] Waiver ID 'CDC-11' is a duplicate and will not be added again. [/home/emanuel/workspace/mesh_vo/MultiPlatformDiffRenderer/src/backends/xrt/hls/build/xclbin/_x/link/vivado/vpl/prj/prj.gen/sources_1/bd/system/ip/system_axi_ic_zynq_ultra_ps_e_0_S_AXI_HP2_FPD_imp_auto_us_df_5/system_axi_ic_zynq_ultra_ps_e_0_S_AXI_HP2_FPD_imp_auto_us_df_5_clocks.xdc:54]
Finished Parsing XDC File [/home/emanuel/workspace/mesh_vo/MultiPlatformDiffRenderer/src/backends/xrt/hls/build/xclbin/_x/link/vivado/vpl/prj/prj.gen/sources_1/bd/system/ip/system_axi_ic_zynq_ultra_ps_e_0_S_AXI_HP2_FPD_imp_auto_us_df_5/system_axi_ic_zynq_ultra_ps_e_0_S_AXI_HP2_FPD_imp_auto_us_df_5_clocks.xdc] for cell 'system_i/axi_ic_zynq_ultra_ps_e_0_S_AXI_HP2_FPD/s05_couplers/auto_us_df/inst'
Parsing XDC File [/home/emanuel/workspace/mesh_vo/MultiPlatformDiffRenderer/src/backends/xrt/hls/build/xclbin/_x/link/vivado/vpl/prj/prj.gen/sources_1/bd/system/ip/system_axi_ic_zynq_ultra_ps_e_0_S_AXI_HP2_FPD_imp_m00_data_fifo_0/system_axi_ic_zynq_ultra_ps_e_0_S_AXI_HP2_FPD_imp_m00_data_fifo_0_clocks.xdc] for cell 'system_i/axi_ic_zynq_ultra_ps_e_0_S_AXI_HP2_FPD/m00_couplers/m00_data_fifo/inst'
WARNING: [Vivado_Tcl 4-939] Waiver ID 'LUTAR-1' object list should not be empty (perhaps an invalid wildcard was used or only unsupported objects). [/home/emanuel/workspace/mesh_vo/MultiPlatformDiffRenderer/src/backends/xrt/hls/build/xclbin/_x/link/vivado/vpl/prj/prj.gen/sources_1/bd/system/ip/system_axi_ic_zynq_ultra_ps_e_0_S_AXI_HP2_FPD_imp_m00_data_fifo_0/system_axi_ic_zynq_ultra_ps_e_0_S_AXI_HP2_FPD_imp_m00_data_fifo_0_clocks.xdc:2]
Finished Parsing XDC File [/home/emanuel/workspace/mesh_vo/MultiPlatformDiffRenderer/src/backends/xrt/hls/build/xclbin/_x/link/vivado/vpl/prj/prj.gen/sources_1/bd/system/ip/system_axi_ic_zynq_ultra_ps_e_0_S_AXI_HP2_FPD_imp_m00_data_fifo_0/system_axi_ic_zynq_ultra_ps_e_0_S_AXI_HP2_FPD_imp_m00_data_fifo_0_clocks.xdc] for cell 'system_i/axi_ic_zynq_ultra_ps_e_0_S_AXI_HP2_FPD/m00_couplers/m00_data_fifo/inst'
Parsing XDC File [/home/emanuel/workspace/mesh_vo/MultiPlatformDiffRenderer/src/backends/xrt/hls/build/xclbin/_x/link/vivado/vpl/prj/prj.gen/sources_1/bd/system/ip/system_axi_ic_zynq_ultra_ps_e_0_S_AXI_HP2_FPD_imp_m00_regslice_0/system_axi_ic_zynq_ultra_ps_e_0_S_AXI_HP2_FPD_imp_m00_regslice_0_clocks.xdc] for cell 'system_i/axi_ic_zynq_ultra_ps_e_0_S_AXI_HP2_FPD/m00_couplers/m00_regslice/inst'
Finished Parsing XDC File [/home/emanuel/workspace/mesh_vo/MultiPlatformDiffRenderer/src/backends/xrt/hls/build/xclbin/_x/link/vivado/vpl/prj/prj.gen/sources_1/bd/system/ip/system_axi_ic_zynq_ultra_ps_e_0_S_AXI_HP2_FPD_imp_m00_regslice_0/system_axi_ic_zynq_ultra_ps_e_0_S_AXI_HP2_FPD_imp_m00_regslice_0_clocks.xdc] for cell 'system_i/axi_ic_zynq_ultra_ps_e_0_S_AXI_HP2_FPD/m00_couplers/m00_regslice/inst'
INFO: [Project 1-1714] 13 XPM XDC files have been applied to the design.
INFO: [Opt 31-138] Pushed 0 inverter(s) to 0 load pin(s).
INFO: [Project 1-1687] 33 scoped IP constraints or related sub-commands were skipped due to synthesis logic optimizations usually triggered by constant connectivity or unconnected output pins. To review the skipped constraints and messages, run the command 'set_param netlist.IPMsgFiltering false' before opening the design.
Netlist sorting complete. Time (s): cpu = 00:00:00.02 ; elapsed = 00:00:00.02 . Memory (MB): peak = 3645.766 ; gain = 0.000 ; free physical = 6636 ; free virtual = 14962
INFO: [Project 1-111] Unisim Transformation Summary:
  A total of 634 instances were transformed.
  DSP48E1 => DSP48E2 (DSP_ALU, DSP_A_B_DATA, DSP_C_DATA, DSP_MULTIPLIER, DSP_M_DATA, DSP_OUTPUT, DSP_PREADD, DSP_PREADD_DATA): 182 instances
  DSP48E2 => DSP48E2 (DSP_ALU, DSP_A_B_DATA, DSP_C_DATA, DSP_MULTIPLIER, DSP_M_DATA, DSP_OUTPUT, DSP_PREADD, DSP_PREADD_DATA): 18 instances
  RAM16X1D => RAM32X1D (RAMD32(x2)): 224 instances
  RAM16X1S => RAM32X1S (RAMS32): 96 instances
  RAM32M16 => RAM32M16 (RAMD32(x14), RAMS32(x2)): 74 instances
  RAM64M => RAM64M (RAMD64E(x4)): 40 instances

41 Infos, 64 Warnings, 0 Critical Warnings and 0 Errors encountered.
link_design completed successfully
link_design: Time (s): cpu = 00:01:08 ; elapsed = 00:00:51 . Memory (MB): peak = 3645.766 ; gain = 2263.551 ; free physical = 6628 ; free virtual = 14954
source /home/emanuel/workspace/mesh_vo/MultiPlatformDiffRenderer/src/backends/xrt/hls/build/xclbin/_x/link/vivado/vpl/scripts/impl_1/_full_init_post.tcl
Parsing XDC File [/home/emanuel/workspace/mesh_vo/MultiPlatformDiffRenderer/src/backends/xrt/hls/build/xclbin/_x/link/vivado/vpl/output/_user_impl_clk.xdc]
Finished Parsing XDC File [/home/emanuel/workspace/mesh_vo/MultiPlatformDiffRenderer/src/backends/xrt/hls/build/xclbin/_x/link/vivado/vpl/output/_user_impl_clk.xdc]
source /home/emanuel/workspace/mesh_vo/MultiPlatformDiffRenderer/src/backends/xrt/hls/build/xclbin/_x/link/vivado/vpl/scripts/impl_1/_full_opt_pre.tcl
Post-synthesis utilization DRC check...
available resources:
   luts      : -1
   registers : -1
   brams     : -1
   dsps      : -1
required resources:
   luts      : 32525
   registers : 39355
   brams     : 28
   dsps      : 200
WARNING: There is no resource utilization data in hardware platform, utilization DRC is skipped
INFO: System Diagram: Run step: synthed

Command: opt_design
Attempting to get a license for feature 'Implementation' and/or device 'xck26'
INFO: [Common 17-349] Got license for feature 'Implementation' and/or device 'xck26'
Running DRC as a precondition to command opt_design

Starting DRC Task
INFO: [DRC 23-27] Running DRC with 8 threads
INFO: [Project 1-461] DRC finished with 0 Errors
INFO: [Project 1-462] Please refer to the DRC report (report_drc) for more information.

Time (s): cpu = 00:00:04 ; elapsed = 00:00:00.87 . Memory (MB): peak = 3645.766 ; gain = 0.000 ; free physical = 6408 ; free virtual = 14753

Starting Cache Timing Information Task
INFO: [Timing 38-35] Done setting XDC timing constraints.
Ending Cache Timing Information Task | Checksum: 1ff5c3b4a

Time (s): cpu = 00:00:22 ; elapsed = 00:00:05 . Memory (MB): peak = 3687.766 ; gain = 42.000 ; free physical = 6485 ; free virtual = 14828

Starting Logic Optimization Task

Phase 1 Initialization

Phase 1.1 Core Generation And Design Setup
Phase 1.1 Core Generation And Design Setup | Checksum: 1ff5c3b4a

Time (s): cpu = 00:00:00.27 ; elapsed = 00:00:00.27 . Memory (MB): peak = 4021.562 ; gain = 0.000 ; free physical = 6287 ; free virtual = 14632

Phase 1.2 Setup Constraints And Sort Netlist
Phase 1.2 Setup Constraints And Sort Netlist | Checksum: 1ff5c3b4a

Time (s): cpu = 00:00:00.32 ; elapsed = 00:00:00.32 . Memory (MB): peak = 4021.562 ; gain = 0.000 ; free physical = 6287 ; free virtual = 14633
Phase 1 Initialization | Checksum: 1ff5c3b4a

Time (s): cpu = 00:00:00.33 ; elapsed = 00:00:00.33 . Memory (MB): peak = 4021.562 ; gain = 0.000 ; free physical = 6287 ; free virtual = 14634

Phase 2 Timer Update And Timing Data Collection

Phase 2.1 Timer Update
Phase 2.1 Timer Update | Checksum: 1ff5c3b4a

Time (s): cpu = 00:00:08 ; elapsed = 00:00:02 . Memory (MB): peak = 4021.562 ; gain = 0.000 ; free physical = 6181 ; free virtual = 14541

Phase 2.2 Timing Data Collection
Phase 2.2 Timing Data Collection | Checksum: 1ff5c3b4a

Time (s): cpu = 00:00:09 ; elapsed = 00:00:03 . Memory (MB): peak = 4021.562 ; gain = 0.000 ; free physical = 6157 ; free virtual = 14523
Phase 2 Timer Update And Timing Data Collection | Checksum: 1ff5c3b4a

Time (s): cpu = 00:00:09 ; elapsed = 00:00:03 . Memory (MB): peak = 4021.562 ; gain = 0.000 ; free physical = 6157 ; free virtual = 14523

Phase 3 Retarget
INFO: [Opt 31-1851] Number of loadless carry chains removed were: 0
INFO: [Opt 31-1834] Total Chains To Be Transformed Were: 0 AND Number of Transformed insts Created are: 0
INFO: [Opt 31-1566] Pulled 11 inverters resulting in an inversion of 63 pins
INFO: [Opt 31-138] Pushed 92 inverter(s) to 1115 load pin(s).
INFO: [Opt 31-49] Retargeted 0 cell(s).
Phase 3 Retarget | Checksum: 177a8a9c8

Time (s): cpu = 00:00:11 ; elapsed = 00:00:05 . Memory (MB): peak = 4021.562 ; gain = 0.000 ; free physical = 6126 ; free virtual = 14518
Retarget | Checksum: 177a8a9c8
INFO: [Opt 31-389] Phase Retarget created 1002 cells and removed 1650 cells
INFO: [Opt 31-1021] In phase Retarget, 143 netlist objects are constrained preventing optimization. Please run opt_design with -debug_log to get more detail. 

Phase 4 Constant propagation
INFO: [Opt 31-138] Pushed 6 inverter(s) to 9 load pin(s).
Phase 4 Constant propagation | Checksum: 250f1427d

Time (s): cpu = 00:00:12 ; elapsed = 00:00:06 . Memory (MB): peak = 4021.562 ; gain = 0.000 ; free physical = 6110 ; free virtual = 14515
Constant propagation | Checksum: 250f1427d
INFO: [Opt 31-389] Phase Constant propagation created 317 cells and removed 2289 cells
INFO: [Opt 31-1021] In phase Constant propagation, 149 netlist objects are constrained preventing optimization. Please run opt_design with -debug_log to get more detail. 

Phase 5 Sweep
INFO: [Constraints 18-11670] Building netlist checker database with flags, 0x8
Done building netlist checker database: Time (s): cpu = 00:00:00.05 ; elapsed = 00:00:00.06 . Memory (MB): peak = 4021.562 ; gain = 0.000 ; free physical = 6121 ; free virtual = 14530
INFO: [Constraints 18-11670] Building netlist checker database with flags, 0x8
Done building netlist checker database: Time (s): cpu = 00:00:00.05 ; elapsed = 00:00:00.04 . Memory (MB): peak = 4021.562 ; gain = 0.000 ; free physical = 6700 ; free virtual = 15109
Phase 5 Sweep | Checksum: 22ecd151e

Time (s): cpu = 00:00:15 ; elapsed = 00:00:09 . Memory (MB): peak = 4021.562 ; gain = 0.000 ; free physical = 6795 ; free virtual = 15209
Sweep | Checksum: 22ecd151e
INFO: [Opt 31-389] Phase Sweep created 0 cells and removed 3041 cells
INFO: [Opt 31-1021] In phase Sweep, 725 netlist objects are constrained preventing optimization. Please run opt_design with -debug_log to get more detail. 

Phase 6 BUFG optimization
INFO: [Opt 31-1077] Phase BUFG optimization inserted 0 global clock buffer(s) for CLOCK_LOW_FANOUT.
Phase 6 BUFG optimization | Checksum: 22ecd151e

Time (s): cpu = 00:00:18 ; elapsed = 00:00:11 . Memory (MB): peak = 4053.578 ; gain = 32.016 ; free physical = 6791 ; free virtual = 15206
BUFG optimization | Checksum: 22ecd151e
INFO: [Opt 31-662] Phase BUFG optimization created 0 cells of which 0 are BUFGs and removed 0 cells.

Phase 7 Shift Register Optimization
INFO: [Opt 31-1064] SRL Remap converted 0 SRLs to 0 registers and converted 0 registers of register chains to 0 SRLs
Phase 7 Shift Register Optimization | Checksum: 22ecd151e

Time (s): cpu = 00:00:19 ; elapsed = 00:00:11 . Memory (MB): peak = 4053.578 ; gain = 32.016 ; free physical = 6784 ; free virtual = 15199
Shift Register Optimization | Checksum: 22ecd151e
INFO: [Opt 31-389] Phase Shift Register Optimization created 0 cells and removed 0 cells

Phase 8 Post Processing Netlist
Phase 8 Post Processing Netlist | Checksum: 18470dfef

Time (s): cpu = 00:00:19 ; elapsed = 00:00:11 . Memory (MB): peak = 4053.578 ; gain = 32.016 ; free physical = 6794 ; free virtual = 15208
Post Processing Netlist | Checksum: 18470dfef
INFO: [Opt 31-389] Phase Post Processing Netlist created 0 cells and removed 0 cells
INFO: [Opt 31-1021] In phase Post Processing Netlist, 215 netlist objects are constrained preventing optimization. Please run opt_design with -debug_log to get more detail. 

Phase 9 Finalization

Phase 9.1 Finalizing Design Cores and Updating Shapes
Phase 9.1 Finalizing Design Cores and Updating Shapes | Checksum: 1745146ae

Time (s): cpu = 00:00:21 ; elapsed = 00:00:13 . Memory (MB): peak = 4053.578 ; gain = 32.016 ; free physical = 6705 ; free virtual = 15114

Phase 9.2 Verifying Netlist Connectivity

Starting Connectivity Check Task

Time (s): cpu = 00:00:00.15 ; elapsed = 00:00:00.15 . Memory (MB): peak = 4053.578 ; gain = 0.000 ; free physical = 6705 ; free virtual = 15114
Phase 9.2 Verifying Netlist Connectivity | Checksum: 1745146ae

Time (s): cpu = 00:00:21 ; elapsed = 00:00:13 . Memory (MB): peak = 4053.578 ; gain = 32.016 ; free physical = 6705 ; free virtual = 15114
Phase 9 Finalization | Checksum: 1745146ae

Time (s): cpu = 00:00:22 ; elapsed = 00:00:13 . Memory (MB): peak = 4053.578 ; gain = 32.016 ; free physical = 6705 ; free virtual = 15114
Opt_design Change Summary
=========================


-------------------------------------------------------------------------------------------------------------------------
|  Phase                        |  #Cells created  |  #Cells Removed  |  #Constrained objects preventing optimizations  |
-------------------------------------------------------------------------------------------------------------------------
|  Retarget                     |            1002  |            1650  |                                            143  |
|  Constant propagation         |             317  |            2289  |                                            149  |
|  Sweep                        |               0  |            3041  |                                            725  |
|  BUFG optimization            |               0  |               0  |                                              0  |
|  Shift Register Optimization  |               0  |               0  |                                              0  |
|  Post Processing Netlist      |               0  |               0  |                                            215  |
-------------------------------------------------------------------------------------------------------------------------


Ending Logic Optimization Task | Checksum: 1745146ae

Time (s): cpu = 00:00:22 ; elapsed = 00:00:13 . Memory (MB): peak = 4053.578 ; gain = 32.016 ; free physical = 6705 ; free virtual = 15114

Starting Power Optimization Task
INFO: [Pwropt 34-132] Skipping clock gating for clocks with a period < 2.00 ns.
INFO: [Pwropt 34-9] Applying IDT optimizations ...
INFO: [Pwropt 34-10] Applying ODC optimizations ...
INFO: [Timing 38-35] Done setting XDC timing constraints.
Running Vector-less Activity Propagation...

Finished Running Vector-less Activity Propagation


Starting PowerOpt Patch Enables Task
INFO: [Pwropt 34-162] WRITE_MODE attribute of 0 BRAM(s) out of a total of 56 has been updated to save power. Run report_power_opt to get a complete listing of the BRAMs updated.
INFO: [Pwropt 34-201] Structural ODC has moved 0 WE to EN ports
Number of BRAM Ports augmented: 15 newly gated: 2 Total Ports: 112
Ending PowerOpt Patch Enables Task | Checksum: 16a10e329

Time (s): cpu = 00:00:00.65 ; elapsed = 00:00:00.57 . Memory (MB): peak = 4782.328 ; gain = 0.000 ; free physical = 5550 ; free virtual = 13979
Ending Power Optimization Task | Checksum: 16a10e329

Time (s): cpu = 00:00:44 ; elapsed = 00:00:15 . Memory (MB): peak = 4782.328 ; gain = 728.750 ; free physical = 5550 ; free virtual = 13979

Starting Final Cleanup Task
Ending Final Cleanup Task | Checksum: 16a10e329

Time (s): cpu = 00:00:00.01 ; elapsed = 00:00:00.01 . Memory (MB): peak = 4782.328 ; gain = 0.000 ; free physical = 5550 ; free virtual = 13979

Starting Netlist Obfuscation Task
Netlist sorting complete. Time (s): cpu = 00:00:00.08 ; elapsed = 00:00:00.08 . Memory (MB): peak = 4782.328 ; gain = 0.000 ; free physical = 5550 ; free virtual = 13979
Ending Netlist Obfuscation Task | Checksum: 1a9d96d78

Time (s): cpu = 00:00:00.09 ; elapsed = 00:00:00.09 . Memory (MB): peak = 4782.328 ; gain = 0.000 ; free physical = 5550 ; free virtual = 13979
INFO: [Common 17-83] Releasing license: Implementation
73 Infos, 64 Warnings, 0 Critical Warnings and 0 Errors encountered.
opt_design completed successfully
opt_design: Time (s): cpu = 00:01:33 ; elapsed = 00:00:37 . Memory (MB): peak = 4782.328 ; gain = 1136.562 ; free physical = 5550 ; free virtual = 13979
source /home/emanuel/workspace/mesh_vo/MultiPlatformDiffRenderer/src/backends/xrt/hls/build/xclbin/_x/link/vivado/vpl/scripts/impl_1/_full_opt_post.tcl
source /home/emanuel/workspace/mesh_vo/MultiPlatformDiffRenderer/src/backends/xrt/hls/build/xclbin/_x/link/vivado/vpl/scripts/impl_1/_full_place_pre.tcl
CRITICAL WARNING: [Vivado 12-4430] You are lowering the severity from an ERROR. This can potentially lead to board damage or other functionality issues on hardware. If this is not desired, please run 'reset_property SEVERITY [get_drc_checks HDPR-5]' to undo this change.
Command: place_design
Attempting to get a license for feature 'Implementation' and/or device 'xck26'
INFO: [Common 17-349] Got license for feature 'Implementation' and/or device 'xck26'
INFO: [Common 17-83] Releasing license: Implementation
INFO: [DRC 23-27] Running DRC with 8 threads
INFO: [Vivado_Tcl 4-198] DRC finished with 0 Errors
INFO: [Vivado_Tcl 4-199] Please refer to the DRC report (report_drc) for more information.
Running DRC as a precondition to command place_design
INFO: [DRC 23-27] Running DRC with 8 threads
INFO: [Vivado_Tcl 4-198] DRC finished with 0 Errors
INFO: [Vivado_Tcl 4-199] Please refer to the DRC report (report_drc) for more information.
INFO: [Place 30-611] Multithreading enabled for place_design using a maximum of 8 CPUs

Starting Placer Task

Phase 1 Placer Initialization

Phase 1.1 Placer Initialization Netlist Sorting
Netlist sorting complete. Time (s): cpu = 00:00:00.02 ; elapsed = 00:00:00.02 . Memory (MB): peak = 4782.328 ; gain = 0.000 ; free physical = 5552 ; free virtual = 13979
Phase 1.1 Placer Initialization Netlist Sorting | Checksum: 10a5117fd

Time (s): cpu = 00:00:00.05 ; elapsed = 00:00:00.06 . Memory (MB): peak = 4782.328 ; gain = 0.000 ; free physical = 5552 ; free virtual = 13979
Netlist sorting complete. Time (s): cpu = 00:00:00.02 ; elapsed = 00:00:00.01 . Memory (MB): peak = 4782.328 ; gain = 0.000 ; free physical = 5552 ; free virtual = 13980

Phase 1.2 IO Placement/ Clock Placement/ Build Placer Device
INFO: [Timing 38-35] Done setting XDC timing constraints.
Phase 1.2 IO Placement/ Clock Placement/ Build Placer Device | Checksum: 1f60042a5

Time (s): cpu = 00:00:41 ; elapsed = 00:00:22 . Memory (MB): peak = 4999.699 ; gain = 217.371 ; free physical = 5968 ; free virtual = 14585

Phase 1.3 Build Placer Netlist Model
Phase 1.3 Build Placer Netlist Model | Checksum: 21431113c

Time (s): cpu = 00:01:22 ; elapsed = 00:00:40 . Memory (MB): peak = 5031.715 ; gain = 249.387 ; free physical = 5501 ; free virtual = 14319

Phase 1.4 Constrain Clocks/Macros
Phase 1.4 Constrain Clocks/Macros | Checksum: 21431113c

Time (s): cpu = 00:01:22 ; elapsed = 00:00:41 . Memory (MB): peak = 5031.715 ; gain = 249.387 ; free physical = 5453 ; free virtual = 14271
Phase 1 Placer Initialization | Checksum: 21431113c

Time (s): cpu = 00:01:22 ; elapsed = 00:00:41 . Memory (MB): peak = 5031.715 ; gain = 249.387 ; free physical = 5419 ; free virtual = 14275

Phase 2 Global Placement

Phase 2.1 Floorplanning

Phase 2.1.1 Partition Driven Placement

Phase 2.1.1.1 PBP: Partition Driven Placement
Phase 2.1.1.1 PBP: Partition Driven Placement | Checksum: 25804a5f8

Time (s): cpu = 00:02:26 ; elapsed = 00:01:05 . Memory (MB): peak = 5031.715 ; gain = 249.387 ; free physical = 4734 ; free virtual = 13648

Phase 2.1.1.2 PBP: Clock Region Placement
INFO: [Place 30-3162] Check ILP status : ILP-based clock placer completed successfully.
Phase 2.1.1.2 PBP: Clock Region Placement | Checksum: 2b1a52e73

Time (s): cpu = 00:02:28 ; elapsed = 00:01:07 . Memory (MB): peak = 5031.715 ; gain = 249.387 ; free physical = 4748 ; free virtual = 13660

Phase 2.1.1.3 PBP: Compute Congestion
Phase 2.1.1.3 PBP: Compute Congestion | Checksum: 2b1a52e73

Time (s): cpu = 00:02:44 ; elapsed = 00:01:11 . Memory (MB): peak = 5250.699 ; gain = 468.371 ; free physical = 4449 ; free virtual = 13362

Phase 2.1.1.4 PBP: UpdateTiming
Phase 2.1.1.4 PBP: UpdateTiming | Checksum: 259513bcf

Time (s): cpu = 00:02:50 ; elapsed = 00:01:14 . Memory (MB): peak = 5282.715 ; gain = 500.387 ; free physical = 4443 ; free virtual = 13356

Phase 2.1.1.5 PBP: Add part constraints
Phase 2.1.1.5 PBP: Add part constraints | Checksum: 259513bcf

Time (s): cpu = 00:02:50 ; elapsed = 00:01:14 . Memory (MB): peak = 5282.715 ; gain = 500.387 ; free physical = 4443 ; free virtual = 13356
Phase 2.1.1 Partition Driven Placement | Checksum: 259513bcf

Time (s): cpu = 00:02:50 ; elapsed = 00:01:14 . Memory (MB): peak = 5282.715 ; gain = 500.387 ; free physical = 4443 ; free virtual = 13356
Phase 2.1 Floorplanning | Checksum: 259513bcf

Time (s): cpu = 00:02:50 ; elapsed = 00:01:14 . Memory (MB): peak = 5282.715 ; gain = 500.387 ; free physical = 4443 ; free virtual = 13356

Phase 2.2 Update Timing before SLR Path Opt
Phase 2.2 Update Timing before SLR Path Opt | Checksum: 259513bcf

Time (s): cpu = 00:02:50 ; elapsed = 00:01:14 . Memory (MB): peak = 5282.715 ; gain = 500.387 ; free physical = 4443 ; free virtual = 13356

Phase 2.3 Post-Processing in Floorplanning
Phase 2.3 Post-Processing in Floorplanning | Checksum: 259513bcf

Time (s): cpu = 00:02:51 ; elapsed = 00:01:14 . Memory (MB): peak = 5282.715 ; gain = 500.387 ; free physical = 4435 ; free virtual = 13348

Phase 2.4 Global Place Phase1
Phase 2.4 Global Place Phase1 | Checksum: 1b474c260

Time (s): cpu = 00:06:51 ; elapsed = 00:02:45 . Memory (MB): peak = 5399.715 ; gain = 617.387 ; free physical = 185 ; free virtual = 5169

Phase 2.5 Global Place Phase2

Phase 2.5.1 UpdateTiming Before Physical Synthesis
Phase 2.5.1 UpdateTiming Before Physical Synthesis | Checksum: 1ed633c52

Time (s): cpu = 00:07:01 ; elapsed = 00:02:49 . Memory (MB): peak = 5399.715 ; gain = 617.387 ; free physical = 238 ; free virtual = 4999

Phase 2.5.2 Physical Synthesis In Placer
INFO: [Physopt 32-1035] Found 13 LUTNM shape to break, 4664 LUT instances to create LUTNM shape
INFO: [Physopt 32-1044] Break lutnm for timing: one critical 11, two critical 2, total 13, new lutff created 0
INFO: [Physopt 32-1138] End 1 Pass. Optimized 2213 nets or LUTs. Breaked 13 LUTs, combined 2200 existing LUTs and moved 0 existing LUT
INFO: [Physopt 32-1030] Pass 1. Identified 26 candidate driver sets for equivalent driver rewiring.
INFO: [Physopt 32-661] Optimized 11 nets.  Re-placed 65 instances.
INFO: [Physopt 32-775] End 1 Pass. Optimized 11 nets or cells. Created 0 new cell, deleted 0 existing cell and moved 65 existing cells
Netlist sorting complete. Time (s): cpu = 00:00:00.26 ; elapsed = 00:00:00.26 . Memory (MB): peak = 5399.715 ; gain = 0.000 ; free physical = 185 ; free virtual = 4426
INFO: [Physopt 32-1408] Pass 1. Identified 1 candidate net for high-fanout optimization.
INFO: [Physopt 32-81] Processed net system_i/ImageRenderHLS_1/inst/ap_rst_n_inv. Replicated 26 times.
INFO: [Physopt 32-232] Optimized 1 net. Created 26 new instances.
INFO: [Physopt 32-775] End 1 Pass. Optimized 1 net or cell. Created 26 new cells, deleted 0 existing cell and moved 0 existing cell
Netlist sorting complete. Time (s): cpu = 00:00:00.25 ; elapsed = 00:00:00.26 . Memory (MB): peak = 5399.715 ; gain = 0.000 ; free physical = 335 ; free virtual = 4281
INFO: [Physopt 32-456] No candidate cells for DSP register optimization found in the design.
INFO: [Physopt 32-775] End 2 Pass. Optimized 0 net or cell. Created 0 new cell, deleted 0 existing cell and moved 0 existing cell
INFO: [Physopt 32-1123] No candidate cells found for Shift Register to Pipeline optimization
INFO: [Physopt 32-775] End 2 Pass. Optimized 0 net or cell. Created 0 new cell, deleted 0 existing cell and moved 0 existing cell
INFO: [Physopt 32-1401] No candidate cells found for Shift Register optimization.
INFO: [Physopt 32-677] No candidate cells for Shift Register optimization found in the design
INFO: [Physopt 32-775] End 1 Pass. Optimized 0 net or cell. Created 0 new cell, deleted 0 existing cell and moved 0 existing cell
INFO: [Physopt 32-526] No candidate cells for BRAM register optimization found in the design
INFO: [Physopt 32-775] End 1 Pass. Optimized 0 net or cell. Created 0 new cell, deleted 0 existing cell and moved 0 existing cell
INFO: [Physopt 32-846] No candidate cells for URAM register optimization found in the design
INFO: [Physopt 32-775] End 1 Pass. Optimized 0 net or cell. Created 0 new cell, deleted 0 existing cell and moved 0 existing cell
INFO: [Physopt 32-846] No candidate cells for URAM register optimization found in the design
INFO: [Physopt 32-775] End 1 Pass. Optimized 0 net or cell. Created 0 new cell, deleted 0 existing cell and moved 0 existing cell
INFO: [Physopt 32-949] No candidate nets found for dynamic/static region interface net replication
INFO: [Physopt 32-775] End 1 Pass. Optimized 0 net or cell. Created 0 new cell, deleted 0 existing cell and moved 0 existing cell
Netlist sorting complete. Time (s): cpu = 00:00:00.02 ; elapsed = 00:00:00.02 . Memory (MB): peak = 5399.715 ; gain = 0.000 ; free physical = 316 ; free virtual = 4263

Summary of Physical Synthesis Optimizations
============================================


-----------------------------------------------------------------------------------------------------------------------------------------------------------
|  Optimization                                     |  Added Cells  |  Removed Cells  |  Optimized Cells/Nets  |  Dont Touch  |  Iterations  |  Elapsed   |
-----------------------------------------------------------------------------------------------------------------------------------------------------------
|  LUT Combining                                    |           13  |           2200  |                  2213  |           0  |           1  |  00:00:04  |
|  Retime                                           |            0  |              0  |                     0  |           0  |           1  |  00:00:00  |
|  Equivalent Driver Rewiring                       |            0  |              0  |                    11  |           0  |           1  |  00:00:02  |
|  Very High Fanout                                 |           26  |              0  |                     1  |           0  |           1  |  00:00:02  |
|  DSP Register                                     |            0  |              0  |                     0  |           0  |           1  |  00:00:00  |
|  Shift Register to Pipeline                       |            0  |              0  |                     0  |           0  |           1  |  00:00:00  |
|  Shift Register                                   |            0  |              0  |                     0  |           0  |           1  |  00:00:00  |
|  BRAM Register                                    |            0  |              0  |                     0  |           0  |           1  |  00:00:00  |
|  URAM Register                                    |            0  |              0  |                     0  |           0  |           1  |  00:00:00  |
|  Dynamic/Static Region Interface Net Replication  |            0  |              0  |                     0  |           0  |           1  |  00:00:00  |
|  Total                                            |           39  |           2200  |                  2225  |           0  |          10  |  00:00:09  |
-----------------------------------------------------------------------------------------------------------------------------------------------------------


Phase 2.5.2 Physical Synthesis In Placer | Checksum: 226d5a599

Time (s): cpu = 00:07:21 ; elapsed = 00:03:06 . Memory (MB): peak = 5399.715 ; gain = 617.387 ; free physical = 1726 ; free virtual = 5240
Phase 2.5 Global Place Phase2 | Checksum: 2473303d8

Time (s): cpu = 00:08:01 ; elapsed = 00:03:18 . Memory (MB): peak = 5399.715 ; gain = 617.387 ; free physical = 2218 ; free virtual = 5948
Phase 2 Global Placement | Checksum: 2473303d8

Time (s): cpu = 00:08:01 ; elapsed = 00:03:18 . Memory (MB): peak = 5399.715 ; gain = 617.387 ; free physical = 2224 ; free virtual = 5957

Phase 3 Detail Placement

Phase 3.1 Commit Multi Column Macros
Phase 3.1 Commit Multi Column Macros | Checksum: 264c1184c

Time (s): cpu = 00:08:26 ; elapsed = 00:03:26 . Memory (MB): peak = 5399.715 ; gain = 617.387 ; free physical = 4586 ; free virtual = 8363

Phase 3.2 Commit Most Macros & LUTRAMs
Phase 3.2 Commit Most Macros & LUTRAMs | Checksum: 31eab8454

Time (s): cpu = 00:08:39 ; elapsed = 00:03:32 . Memory (MB): peak = 5399.715 ; gain = 617.387 ; free physical = 4551 ; free virtual = 8401

Phase 3.3 Small Shape DP

Phase 3.3.1 Small Shape Clustering
Phase 3.3.1 Small Shape Clustering | Checksum: 36dfff526

Time (s): cpu = 00:09:28 ; elapsed = 00:03:49 . Memory (MB): peak = 5399.715 ; gain = 617.387 ; free physical = 6039 ; free virtual = 10145

Phase 3.3.2 Slice Area Swap

Phase 3.3.2.1 Slice Area Swap Initial
Phase 3.3.2.1 Slice Area Swap Initial | Checksum: 31552d1d6

Time (s): cpu = 00:09:34 ; elapsed = 00:03:54 . Memory (MB): peak = 5399.715 ; gain = 617.387 ; free physical = 6021 ; free virtual = 10137
Phase 3.3.2 Slice Area Swap | Checksum: 31552d1d6

Time (s): cpu = 00:09:35 ; elapsed = 00:03:54 . Memory (MB): peak = 5399.715 ; gain = 617.387 ; free physical = 6020 ; free virtual = 10136
Phase 3.3 Small Shape DP | Checksum: 2c9351d92

Time (s): cpu = 00:09:59 ; elapsed = 00:04:01 . Memory (MB): peak = 5399.715 ; gain = 617.387 ; free physical = 5977 ; free virtual = 10092

Phase 3.4 Re-assign LUT pins
Phase 3.4 Re-assign LUT pins | Checksum: 23ec9a86f

Time (s): cpu = 00:10:03 ; elapsed = 00:04:04 . Memory (MB): peak = 5399.715 ; gain = 617.387 ; free physical = 5992 ; free virtual = 10103

Phase 3.5 Pipeline Register Optimization
Phase 3.5 Pipeline Register Optimization | Checksum: 2d2be3b34

Time (s): cpu = 00:10:04 ; elapsed = 00:04:05 . Memory (MB): peak = 5399.715 ; gain = 617.387 ; free physical = 5993 ; free virtual = 10105

Phase 3.6 Fast Optimization
Phase 3.6 Fast Optimization | Checksum: 2c28f3eff

Time (s): cpu = 00:10:51 ; elapsed = 00:04:17 . Memory (MB): peak = 5399.715 ; gain = 617.387 ; free physical = 5955 ; free virtual = 10063
Phase 3 Detail Placement | Checksum: 2c28f3eff

Time (s): cpu = 00:10:52 ; elapsed = 00:04:17 . Memory (MB): peak = 5399.715 ; gain = 617.387 ; free physical = 6018 ; free virtual = 10126

Phase 4 Post Placement Optimization and Clean-Up

Phase 4.1 Post Commit Optimization
INFO: [Timing 38-35] Done setting XDC timing constraints.

Phase 4.1.1 Post Placement Optimization
Post Placement Optimization Initialization | Checksum: 29121e2d7

Phase 4.1.1.1 BUFG Insertion

Starting Physical Synthesis Task

Phase 1 Physical Synthesis Initialization
INFO: [Physopt 32-721] Multithreading enabled for phys_opt_design using a maximum of 8 CPUs
INFO: [Physopt 32-619] Estimated Timing Summary | WNS=0.286 | TNS=0.000 |
Phase 1 Physical Synthesis Initialization | Checksum: 11ca15ed0

Time (s): cpu = 00:00:06 ; elapsed = 00:00:02 . Memory (MB): peak = 5399.715 ; gain = 0.000 ; free physical = 5929 ; free virtual = 10046
INFO: [Place 46-34] Processed net system_i/ImageRenderHLS_1/inst/grp_Render_fu_346/grp_RenderTiledFragBuff2_Uniforms_InTextures_OutTextures_s_fu_482/grp_render_tile_Fragment_Uniforms_InTextures_s_fu_661/grp_draw_triangle_InTextures_Uniforms_Fragment_s_fu_499/grp_draw_triangle_Pipeline_draw_triangle_y_loop_draw_triangle_x_loop_fu_378/grp_fragment_shader_fu_501/fmul_32ns_32ns_32_5_max_dsp_1_x_U214/grp_fu_263_ce, BUFG insertion was skipped due to possible timing degradation.
INFO: [Place 46-35] Processed net system_i/ImageRenderHLS_1/inst/grp_Render_fu_346/grp_RenderTiledFragBuff2_Uniforms_InTextures_OutTextures_s_fu_482/grp_render_tile_Fragment_Uniforms_InTextures_s_fu_661/grp_draw_triangle_InTextures_Uniforms_Fragment_s_fu_499/grp_draw_triangle_Pipeline_draw_triangle_y_loop_draw_triangle_x_loop_fu_378/grp_fragment_shader_fu_501/fexp_32ns_32ns_32_13_full_dsp_1_U232/ce_r, inserted BUFG to drive 1941 loads.
INFO: [Place 46-45] Replicated bufg driver system_i/ImageRenderHLS_1/inst/grp_Render_fu_346/grp_RenderTiledFragBuff2_Uniforms_InTextures_OutTextures_s_fu_482/grp_render_tile_Fragment_Uniforms_InTextures_s_fu_661/grp_draw_triangle_InTextures_Uniforms_Fragment_s_fu_499/grp_draw_triangle_Pipeline_draw_triangle_y_loop_draw_triangle_x_loop_fu_378/grp_fragment_shader_fu_501/fexp_32ns_32ns_32_13_full_dsp_1_U232/ce_r_reg_replica
INFO: [Place 46-56] BUFG insertion identified 2 candidate nets. Inserted BUFG: 1, Replicated BUFG Driver: 1, Skipped due to Placement/Routing Conflicts: 0, Skipped due to Timing Degradation: 1, Skipped due to netlist editing failed: 0.
Ending Physical Synthesis Task | Checksum: 2258bace1

Time (s): cpu = 00:00:14 ; elapsed = 00:00:05 . Memory (MB): peak = 5399.715 ; gain = 0.000 ; free physical = 5901 ; free virtual = 10019
Phase 4.1.1.1 BUFG Insertion | Checksum: 18d7bc5a2

Time (s): cpu = 00:12:57 ; elapsed = 00:04:55 . Memory (MB): peak = 5399.715 ; gain = 617.387 ; free physical = 5900 ; free virtual = 10018

Phase 4.1.1.2 Post Placement Timing Optimization
INFO: [Place 30-746] Post Placement Timing Summary WNS=0.537. For the most accurate timing information please run report_timing.
Phase 4.1.1.2 Post Placement Timing Optimization | Checksum: 206f6c91d

Time (s): cpu = 00:13:01 ; elapsed = 00:04:59 . Memory (MB): peak = 5399.715 ; gain = 617.387 ; free physical = 5884 ; free virtual = 10002

Time (s): cpu = 00:13:01 ; elapsed = 00:04:59 . Memory (MB): peak = 5399.715 ; gain = 617.387 ; free physical = 5884 ; free virtual = 10002
Phase 4.1 Post Commit Optimization | Checksum: 206f6c91d

Time (s): cpu = 00:13:02 ; elapsed = 00:04:59 . Memory (MB): peak = 5399.715 ; gain = 617.387 ; free physical = 5882 ; free virtual = 10001
Netlist sorting complete. Time (s): cpu = 00:00:00.08 ; elapsed = 00:00:00.09 . Memory (MB): peak = 5435.699 ; gain = 0.000 ; free physical = 5832 ; free virtual = 9937

Phase 4.2 Post Placement Cleanup
Phase 4.2 Post Placement Cleanup | Checksum: 231a83b24

Time (s): cpu = 00:13:26 ; elapsed = 00:05:09 . Memory (MB): peak = 5435.699 ; gain = 653.371 ; free physical = 5832 ; free virtual = 9937

Phase 4.3 Placer Reporting

Phase 4.3.1 Print Estimated Congestion
INFO: [Place 30-612] Post-Placement Estimated Congestion 
 ________________________________________________________________________
|           | Global Congestion | Long Congestion   | Short Congestion  |
| Direction | Region Size       | Region Size       | Region Size       |
|___________|___________________|___________________|___________________|
|      North|                1x1|                1x1|                2x2|
|___________|___________________|___________________|___________________|
|      South|                1x1|                1x1|                2x2|
|___________|___________________|___________________|___________________|
|       East|                1x1|                1x1|                2x2|
|___________|___________________|___________________|___________________|
|       West|                1x1|                1x1|                8x8|
|___________|___________________|___________________|___________________|

Phase 4.3.1 Print Estimated Congestion | Checksum: 231a83b24

Time (s): cpu = 00:13:27 ; elapsed = 00:05:09 . Memory (MB): peak = 5435.699 ; gain = 653.371 ; free physical = 5832 ; free virtual = 9937
Phase 4.3 Placer Reporting | Checksum: 231a83b24

Time (s): cpu = 00:13:27 ; elapsed = 00:05:10 . Memory (MB): peak = 5435.699 ; gain = 653.371 ; free physical = 5831 ; free virtual = 9936

Phase 4.4 Final Placement Cleanup
Netlist sorting complete. Time (s): cpu = 00:00:00.03 ; elapsed = 00:00:00.02 . Memory (MB): peak = 5435.699 ; gain = 0.000 ; free physical = 5826 ; free virtual = 9931

Time (s): cpu = 00:13:28 ; elapsed = 00:05:10 . Memory (MB): peak = 5435.699 ; gain = 653.371 ; free physical = 5826 ; free virtual = 9931
Phase 4 Post Placement Optimization and Clean-Up | Checksum: 2ef82b435

Time (s): cpu = 00:13:28 ; elapsed = 00:05:10 . Memory (MB): peak = 5435.699 ; gain = 653.371 ; free physical = 5825 ; free virtual = 9930
Ending Placer Task | Checksum: 29a246cfb

Time (s): cpu = 00:13:29 ; elapsed = 00:05:10 . Memory (MB): peak = 5435.699 ; gain = 653.371 ; free physical = 5825 ; free virtual = 9930
118 Infos, 64 Warnings, 1 Critical Warnings and 0 Errors encountered.
place_design completed successfully
place_design: Time (s): cpu = 00:13:40 ; elapsed = 00:05:13 . Memory (MB): peak = 5435.699 ; gain = 653.371 ; free physical = 5824 ; free virtual = 9929
source /home/emanuel/workspace/mesh_vo/MultiPlatformDiffRenderer/src/backends/xrt/hls/build/xclbin/_x/link/vivado/vpl/scripts/impl_1/_full_place_post.tcl
INFO: System Diagram: Run step: placed

Command: phys_opt_design
Attempting to get a license for feature 'Implementation' and/or device 'xck26'
INFO: [Common 17-349] Got license for feature 'Implementation' and/or device 'xck26'

Starting Initial Update Timing Task

Time (s): cpu = 00:00:44 ; elapsed = 00:00:14 . Memory (MB): peak = 5435.699 ; gain = 0.000 ; free physical = 5822 ; free virtual = 9919
INFO: [Vivado_Tcl 4-2279] Estimated Timing Summary | WNS= 0.537 | TNS= 0.000 | 
INFO: [Vivado_Tcl 4-383] Design worst setup slack (WNS) is greater than or equal to 0.000 ns. All physical synthesis setup optimizations will be skipped.
INFO: [Vivado_Tcl 4-232] No setup violation found. The netlist was not modified.
INFO: [Common 17-83] Releasing license: Implementation
123 Infos, 64 Warnings, 1 Critical Warnings and 0 Errors encountered.
phys_opt_design completed successfully
phys_opt_design: Time (s): cpu = 00:00:45 ; elapsed = 00:00:15 . Memory (MB): peak = 5435.699 ; gain = 0.000 ; free physical = 5822 ; free virtual = 9919
Command: route_design
Attempting to get a license for feature 'Implementation' and/or device 'xck26'
INFO: [Common 17-349] Got license for feature 'Implementation' and/or device 'xck26'


Starting Routing Task
INFO: [Route 35-254] Multithreading enabled for route_design using a maximum of 8 CPUs

Phase 1 Build RT Design
Checksum: PlaceDB: e40d357d ConstDB: 0 ShapeSum: c54e3f2b RouteDB: f0c8f853
Nodegraph reading from file.  Time (s): cpu = 00:00:00.66 ; elapsed = 00:00:00.69 . Memory (MB): peak = 5435.699 ; gain = 0.000 ; free physical = 5831 ; free virtual = 9931
Post Restoration Checksum: NetGraph: 5bc2f9db | NumContArr: d43d6b05 | Constraints: d5a97b25 | Timing: c2a8fa9d
Phase 1 Build RT Design | Checksum: 2c852daa2

Time (s): cpu = 00:00:49 ; elapsed = 00:00:12 . Memory (MB): peak = 5435.699 ; gain = 0.000 ; free physical = 5820 ; free virtual = 9917

Phase 2 Router Initialization

Phase 2.1 Fix Topology Constraints
Phase 2.1 Fix Topology Constraints | Checksum: 2c852daa2

Time (s): cpu = 00:00:50 ; elapsed = 00:00:12 . Memory (MB): peak = 5435.699 ; gain = 0.000 ; free physical = 5820 ; free virtual = 9917

Phase 2.2 Pre Route Cleanup
Phase 2.2 Pre Route Cleanup | Checksum: 2c852daa2

Time (s): cpu = 00:00:51 ; elapsed = 00:00:12 . Memory (MB): peak = 5435.699 ; gain = 0.000 ; free physical = 5820 ; free virtual = 9917

Phase 2.3 Global Clock Net Routing
 Number of Nodes with overlaps = 0
Phase 2.3 Global Clock Net Routing | Checksum: 317d4a5dc

Time (s): cpu = 00:00:56 ; elapsed = 00:00:15 . Memory (MB): peak = 5435.699 ; gain = 0.000 ; free physical = 5816 ; free virtual = 9911

Phase 2.4 Update Timing
Phase 2.4 Update Timing | Checksum: 1e13045de

Time (s): cpu = 00:01:20 ; elapsed = 00:00:23 . Memory (MB): peak = 5435.699 ; gain = 0.000 ; free physical = 5839 ; free virtual = 9935
INFO: [Route 35-416] Intermediate Timing Summary | WNS=0.685  | TNS=0.000  | WHS=-0.082 | THS=-74.256|


Router Utilization Summary
  Global Vertical Routing Utilization    = 0 %
  Global Horizontal Routing Utilization  = 0 %
  Routable Net Status*
  *Does not include unroutable nets such as driverless and loadless.
  Run report_route_status for detailed report.
  Number of Failed Nets               = 78881
    (Failed Nets is the sum of unrouted and partially routed nets)
  Number of Unrouted Nets             = 69299
  Number of Partially Routed Nets     = 9582
  Number of Node Overlaps             = 0

Phase 2 Router Initialization | Checksum: 20b63f9c2

Time (s): cpu = 00:02:09 ; elapsed = 00:00:37 . Memory (MB): peak = 5435.699 ; gain = 0.000 ; free physical = 4692 ; free virtual = 8840

Phase 3 Global Routing
Phase 3 Global Routing | Checksum: 20b63f9c2

Time (s): cpu = 00:02:10 ; elapsed = 00:00:37 . Memory (MB): peak = 5435.699 ; gain = 0.000 ; free physical = 4685 ; free virtual = 8832

Phase 4 Initial Routing

Phase 4.1 Initial Net Routing Pass
Phase 4.1 Initial Net Routing Pass | Checksum: 188bb3dd6

Time (s): cpu = 00:02:40 ; elapsed = 00:00:48 . Memory (MB): peak = 5435.699 ; gain = 0.000 ; free physical = 4530 ; free virtual = 8681
Phase 4 Initial Routing | Checksum: 1da5aaa79

Time (s): cpu = 00:02:42 ; elapsed = 00:00:48 . Memory (MB): peak = 5435.699 ; gain = 0.000 ; free physical = 4483 ; free virtual = 8634

Phase 5 Rip-up And Reroute

Phase 5.1 Global Iteration 0
 Number of Nodes with overlaps = 12967
 Number of Nodes with overlaps = 1163
 Number of Nodes with overlaps = 179
 Number of Nodes with overlaps = 55
 Number of Nodes with overlaps = 25
 Number of Nodes with overlaps = 18
 Number of Nodes with overlaps = 14
 Number of Nodes with overlaps = 12
 Number of Nodes with overlaps = 9
 Number of Nodes with overlaps = 6
 Number of Nodes with overlaps = 7
 Number of Nodes with overlaps = 6
 Number of Nodes with overlaps = 4
 Number of Nodes with overlaps = 2
 Number of Nodes with overlaps = 2
 Number of Nodes with overlaps = 1
 Number of Nodes with overlaps = 1
 Number of Nodes with overlaps = 1
 Number of Nodes with overlaps = 0
INFO: [Route 35-416] Intermediate Timing Summary | WNS=0.368  | TNS=0.000  | WHS=-0.066 | THS=-2.043 |

Phase 5.1 Global Iteration 0 | Checksum: 2ab5ceadb

Time (s): cpu = 00:06:49 ; elapsed = 00:02:38 . Memory (MB): peak = 5435.699 ; gain = 0.000 ; free physical = 6421 ; free virtual = 10579

Phase 5.2 Additional Iteration for Hold
Phase 5.2 Additional Iteration for Hold | Checksum: 22d4baa74

Time (s): cpu = 00:06:49 ; elapsed = 00:02:38 . Memory (MB): peak = 5435.699 ; gain = 0.000 ; free physical = 6421 ; free virtual = 10579
Phase 5 Rip-up And Reroute | Checksum: 22d4baa74

Time (s): cpu = 00:06:50 ; elapsed = 00:02:38 . Memory (MB): peak = 5435.699 ; gain = 0.000 ; free physical = 6421 ; free virtual = 10579

Phase 6 Delay and Skew Optimization

Phase 6.1 Delay CleanUp
INFO: [Route 35-416] Intermediate Timing Summary | WNS=0.368  | TNS=0.000  | WHS=0.010  | THS=0.000  |

INFO: [Route 35-416] Intermediate Timing Summary | WNS=0.368  | TNS=0.000  | WHS=0.010  | THS=0.000  |

Phase 6.1 Delay CleanUp | Checksum: 28f8442a4

Time (s): cpu = 00:07:19 ; elapsed = 00:02:45 . Memory (MB): peak = 5435.699 ; gain = 0.000 ; free physical = 6403 ; free virtual = 10562

Phase 6.2 Clock Skew Optimization
Phase 6.2 Clock Skew Optimization | Checksum: 28f8442a4

Time (s): cpu = 00:07:19 ; elapsed = 00:02:45 . Memory (MB): peak = 5435.699 ; gain = 0.000 ; free physical = 6403 ; free virtual = 10562
Phase 6 Delay and Skew Optimization | Checksum: 28f8442a4

Time (s): cpu = 00:07:19 ; elapsed = 00:02:45 . Memory (MB): peak = 5435.699 ; gain = 0.000 ; free physical = 6403 ; free virtual = 10562

Phase 7 Post Hold Fix

Phase 7.1 Hold Fix Iter
INFO: [Route 35-416] Intermediate Timing Summary | WNS=0.368  | TNS=0.000  | WHS=0.010  | THS=0.000  |

Phase 7.1 Hold Fix Iter | Checksum: 27484621f

Time (s): cpu = 00:07:41 ; elapsed = 00:02:51 . Memory (MB): peak = 5435.699 ; gain = 0.000 ; free physical = 6350 ; free virtual = 10509
Phase 7 Post Hold Fix | Checksum: 27484621f

Time (s): cpu = 00:07:41 ; elapsed = 00:02:51 . Memory (MB): peak = 5435.699 ; gain = 0.000 ; free physical = 6350 ; free virtual = 10511

Phase 8 Route finalize

Router Utilization Summary
  Global Vertical Routing Utilization    = 8.81875 %
  Global Horizontal Routing Utilization  = 10.8302 %
  Routable Net Status*
  *Does not include unroutable nets such as driverless and loadless.
  Run report_route_status for detailed report.
  Number of Failed Nets               = 0
    (Failed Nets is the sum of unrouted and partially routed nets)
  Number of Unrouted Nets             = 0
  Number of Partially Routed Nets     = 0
  Number of Node Overlaps             = 0

Phase 8 Route finalize | Checksum: 27484621f

Time (s): cpu = 00:07:43 ; elapsed = 00:02:51 . Memory (MB): peak = 5435.699 ; gain = 0.000 ; free physical = 6350 ; free virtual = 10511

Phase 9 Verifying routed nets

 Verification completed successfully
Phase 9 Verifying routed nets | Checksum: 27484621f

Time (s): cpu = 00:07:43 ; elapsed = 00:02:52 . Memory (MB): peak = 5435.699 ; gain = 0.000 ; free physical = 6349 ; free virtual = 10510

Phase 10 Depositing Routes
Phase 10 Depositing Routes | Checksum: 27484621f

Time (s): cpu = 00:07:52 ; elapsed = 00:02:56 . Memory (MB): peak = 5435.699 ; gain = 0.000 ; free physical = 6350 ; free virtual = 10510

Phase 11 Resolve XTalk
Phase 11 Resolve XTalk | Checksum: 27484621f

Time (s): cpu = 00:07:52 ; elapsed = 00:02:57 . Memory (MB): peak = 5435.699 ; gain = 0.000 ; free physical = 6350 ; free virtual = 10510

Phase 12 Post Process Routing
Phase 12 Post Process Routing | Checksum: 27484621f

Time (s): cpu = 00:07:53 ; elapsed = 00:02:57 . Memory (MB): peak = 5435.699 ; gain = 0.000 ; free physical = 6350 ; free virtual = 10510

Phase 13 Post Router Timing
INFO: [Route 35-57] Estimated Timing Summary | WNS=0.368  | TNS=0.000  | WHS=0.010  | THS=0.000  |

INFO: [Route 35-327] The final timing numbers are based on the router estimated timing analysis. For a complete and accurate timing signoff, please run report_timing_summary.
Phase 13 Post Router Timing | Checksum: 27484621f

Time (s): cpu = 00:07:54 ; elapsed = 00:02:57 . Memory (MB): peak = 5435.699 ; gain = 0.000 ; free physical = 6349 ; free virtual = 10509
Total Elapsed time in route_design: 177.09 secs

Phase 14 Post-Route Event Processing
Phase 14 Post-Route Event Processing | Checksum: 1d3be38b4

Time (s): cpu = 00:07:55 ; elapsed = 00:02:57 . Memory (MB): peak = 5435.699 ; gain = 0.000 ; free physical = 6349 ; free virtual = 10509
INFO: [Route 35-16] Router Completed Successfully
Ending Routing Task | Checksum: 1d3be38b4

Time (s): cpu = 00:07:56 ; elapsed = 00:02:58 . Memory (MB): peak = 5435.699 ; gain = 0.000 ; free physical = 6348 ; free virtual = 10508

Routing Is Done.
INFO: [Common 17-83] Releasing license: Implementation
134 Infos, 64 Warnings, 1 Critical Warnings and 0 Errors encountered.
route_design completed successfully
route_design: Time (s): cpu = 00:07:57 ; elapsed = 00:02:59 . Memory (MB): peak = 5435.699 ; gain = 0.000 ; free physical = 6347 ; free virtual = 10507
INFO: [Vivado 12-24828] Executing command : report_timing_summary -max_paths 10 -file system_wrapper_timing_summary_routed.rpt -pb system_wrapper_timing_summary_routed.pb -rpx system_wrapper_timing_summary_routed.rpx -warn_on_violation 
INFO: [Timing 38-91] UpdateTimingParams: Speed grade: -2LV, Temperature grade: C, Delay Type: min_max.
INFO: [Timing 38-191] Multithreading enabled for timing update using a maximum of 8 CPUs
report_timing_summary: Time (s): cpu = 00:00:52 ; elapsed = 00:00:13 . Memory (MB): peak = 5435.699 ; gain = 0.000 ; free physical = 6255 ; free virtual = 10459
generate_parallel_reports: Time (s): cpu = 00:00:52 ; elapsed = 00:00:13 . Memory (MB): peak = 5435.699 ; gain = 0.000 ; free physical = 6255 ; free virtual = 10459
source /home/emanuel/workspace/mesh_vo/MultiPlatformDiffRenderer/src/backends/xrt/hls/build/xclbin/_x/link/vivado/vpl/scripts/impl_1/_full_route_post.tcl
report_accelerator_utilization: Time (s): cpu = 00:00:15 ; elapsed = 00:00:06 . Memory (MB): peak = 5435.699 ; gain = 0.000 ; free physical = 6151 ; free virtual = 10404
INFO: System Diagram: Run step: routed

WARNING: Unable to find metadata file: /home/emanuel/workspace/mesh_vo/MultiPlatformDiffRenderer/src/backends/xrt/hls/build/xclbin/_x/link/int/debug_ip_layout.rtd
INFO: [Timing 38-480] Writing timing data to binary archive.
Write ShapeDB Complete: Time (s): cpu = 00:00:01 ; elapsed = 00:00:00.28 . Memory (MB): peak = 5435.699 ; gain = 0.000 ; free physical = 6110 ; free virtual = 10440
Wrote PlaceDB: Time (s): cpu = 00:00:15 ; elapsed = 00:00:05 . Memory (MB): peak = 5435.699 ; gain = 0.000 ; free physical = 5943 ; free virtual = 10384
Wrote PulsedLatchDB: Time (s): cpu = 00:00:00 ; elapsed = 00:00:00 . Memory (MB): peak = 5435.699 ; gain = 0.000 ; free physical = 5943 ; free virtual = 10384
Writing XDEF routing.
Writing XDEF routing logical nets.
Writing XDEF routing special nets.
Wrote RouteStorage: Time (s): cpu = 00:00:02 ; elapsed = 00:00:01 . Memory (MB): peak = 5435.699 ; gain = 0.000 ; free physical = 5949 ; free virtual = 10404
Wrote Netlist Cache: Time (s): cpu = 00:00:00.11 ; elapsed = 00:00:00.11 . Memory (MB): peak = 5435.699 ; gain = 0.000 ; free physical = 5948 ; free virtual = 10412
Wrote Device Cache: Time (s): cpu = 00:00:00.02 ; elapsed = 00:00:00.02 . Memory (MB): peak = 5435.699 ; gain = 0.000 ; free physical = 5948 ; free virtual = 10415
Write Physdb Complete: Time (s): cpu = 00:00:17 ; elapsed = 00:00:07 . Memory (MB): peak = 5435.699 ; gain = 0.000 ; free physical = 5948 ; free virtual = 10415
INFO: [Common 17-1381] The checkpoint '/home/emanuel/workspace/mesh_vo/MultiPlatformDiffRenderer/src/backends/xrt/hls/build/xclbin/_x/link/vivado/vpl/prj/prj.runs/impl_1/system_wrapper_routed.dcp' has been generated.
write_checkpoint: Time (s): cpu = 00:00:20 ; elapsed = 00:00:10 . Memory (MB): peak = 5435.699 ; gain = 0.000 ; free physical = 8808 ; free virtual = 13170
source /home/emanuel/workspace/mesh_vo/MultiPlatformDiffRenderer/src/backends/xrt/hls/build/xclbin/_x/link/vivado/vpl/scripts/impl_1/_full_write_bitstream_pre.tcl
INFO: [OCL_UTIL] clock frequency scaling is disabled for this flow, perform the normal timing check instead
INFO: [OCL_UTIL] get_timing_paths -quiet -slack_lesser_than 0

WARNING::74 - Unsupported FPGA device name 'xck26-sfvc784-2LV-c'. Verify that the specified device is a valid customer supported device.
-p xck26-sfvc784-2LV-c
   ^

Command: write_bitstream -force system_wrapper.bit
Attempting to get a license for feature 'Implementation' and/or device 'xck26'
INFO: [Common 17-349] Got license for feature 'Implementation' and/or device 'xck26'
Running DRC as a precondition to command write_bitstream
INFO: [IP_Flow 19-1839] IP Catalog is up to date.
INFO: [DRC 23-27] Running DRC with 8 threads
INFO: [Vivado 12-3199] DRC finished with 0 Errors
INFO: [Vivado 12-3200] Please refer to the DRC report (report_drc) for more information.
INFO: [Designutils 20-2272] Running write_bitstream with 8 threads.
Loading data files...
Loading site data...
Loading route data...
Processing options...
Creating bitmap...
Creating bitstream...
Writing bitstream ./system_wrapper.bit...
INFO: [Vivado 12-1842] Bitgen Completed Successfully.
INFO: [Project 1-1876] WebTalk data collection is mandatory when using a ULT device. To see the specific WebTalk data collected for your design, open the usage_statistics_webtalk.html or usage_statistics_webtalk.xml file in the implementation directory.
INFO: [Common 17-83] Releasing license: Implementation
148 Infos, 64 Warnings, 1 Critical Warnings and 0 Errors encountered.
write_bitstream completed successfully
write_bitstream: Time (s): cpu = 00:00:53 ; elapsed = 00:00:18 . Memory (MB): peak = 5715.836 ; gain = 0.000 ; free physical = 7077 ; free virtual = 11527
source /home/emanuel/workspace/mesh_vo/MultiPlatformDiffRenderer/src/backends/xrt/hls/build/xclbin/_x/link/vivado/vpl/scripts/impl_1/_full_write_bitstream_post.tcl
INFO: [Common 17-206] Exiting Vivado at Thu Jan 22 12:55:45 2026...
