#-----------------------------------------------------------
# Vivado v2024.2 (64-bit)
# SW Build 5239630 on Fri Nov 08 22:34:34 MST 2024
# IP Build 5239520 on Sun Nov 10 16:12:51 MST 2024
# SharedData Build 5239561 on Fri Nov 08 14:39:27 MST 2024
# Start of session at: Thu Jan 22 12:32:01 2026
# Process ID         : 991440
# Current directory  : /home/emanuel/workspace/mesh_vo/MultiPlatformDiffRenderer/src/backends/xrt/hls/build/xclbin/_x/link/vivado/vpl
# Command line       : vivado -log vivado.log -applog -messageDb vivado.pb -mode batch -source vpl.tcl -notrace
# Log file           : /home/emanuel/workspace/mesh_vo/MultiPlatformDiffRenderer/src/backends/xrt/hls/build/xclbin/_x/link/vivado/vpl/vivado.log
# Journal file       : /home/emanuel/workspace/mesh_vo/MultiPlatformDiffRenderer/src/backends/xrt/hls/build/xclbin/_x/link/vivado/vpl/vivado.jou
# Running On         : HP-ProBook-445-G7
# Platform           : Ubuntu
# Operating System   : Ubuntu 24.04.3 LTS
# Processor Detail   : AMD Ryzen 7 4700U with Radeon Graphics
# CPU Frequency      : 1210.828 MHz
# CPU Physical cores : 8
# CPU Logical cores  : 8
# Host memory        : 24568 MB
# Swap memory        : 8589 MB
# Total Virtual      : 33158 MB
# Available Virtual  : 19660 MB
#-----------------------------------------------------------
source vpl.tcl -notrace
INFO: Dispatch client connection id - 36697
[12:32:03] Run vpl: Step create_project: Started
INFO: [OCL_UTIL] current step: vpl.create_project
Creating Vivado project.
INFO: [OCL_UTIL] set ::origin_dir_loc .local/hw_platform/prj
INFO: [OCL_UTIL] set ::user_project_name prj
INFO: [OCL_UTIL] internal step: source .local/hw_platform/prj/rebuild.tcl to create prj project
INFO: [Project 1-1727] Source BDs should be added before importing the top BD /home/emanuel/workspace/mesh_vo/MultiPlatformDiffRenderer/src/backends/xrt/hls/build/xclbin/_x/link/vivado/vpl/.local/hw_platform/prj/project_1.srcs/sources_1/bd/system/system.bd with BDC
INFO: [IP_Flow 19-234] Refreshing IP repositories
INFO: [IP_Flow 19-1704] No user IP repositories specified
INFO: [IP_Flow 19-2313] Loaded Vivado IP repository '/tools/Xilinx/Vivado/2024.2/data/ip'.
INFO: Project created:prj
[12:32:08] Run vpl: Step create_project: Completed
[12:32:08] Run vpl: Step create_bd: Started
INFO: [OCL_UTIL] current step: vpl.create_bd
INFO: [OCL_UTIL] set_property ip_repo_paths /home/emanuel/workspace/mesh_vo/MultiPlatformDiffRenderer/src/backends/xrt/hls/build/xclbin/_x/link/int/xo/ip_repo/xilinx_com_hls_ImageRenderHLS_1_0 .local/hw_platform/ipcache /tools/Xilinx/Vitis/2024.2/data/ip [current_project]
INFO: [OCL_UTIL] internal step: update_ip_catalog
INFO: [IP_Flow 19-234] Refreshing IP repositories
INFO: [IP_Flow 19-1700] Loaded user IP repository '/home/emanuel/workspace/mesh_vo/MultiPlatformDiffRenderer/src/backends/xrt/hls/build/xclbin/_x/link/int/xo/ip_repo/xilinx_com_hls_ImageRenderHLS_1_0'.
INFO: [IP_Flow 19-1700] Loaded user IP repository '/home/emanuel/workspace/mesh_vo/MultiPlatformDiffRenderer/src/backends/xrt/hls/build/xclbin/_x/link/vivado/vpl/.local/hw_platform/ipcache'.
INFO: [IP_Flow 19-1700] Loaded user IP repository '/tools/Xilinx/Vitis/2024.2/data/ip'.
INFO: [OCL_UTIL] internal step: config_ip_cache -use_cache_location /home/emanuel/workspace/mesh_vo/MultiPlatformDiffRenderer/src/backends/xrt/hls/build/xclbin/.ipcache
INFO: [OCL_UTIL] set_property synth_checkpoint_mode Hierarchical [get_files -all system.bd]
INFO: [OCL_UTIL] internal step: open_bd_design -auto_upgrade [get_files system.bd]
Reading block design file </home/emanuel/workspace/mesh_vo/MultiPlatformDiffRenderer/src/backends/xrt/hls/build/xclbin/_x/link/vivado/vpl/prj/prj.srcs/sources_1/bd/system/system.bd>...
Adding component instance block -- xilinx.com:ip:zynq_ultra_ps_e:3.5 - zynq_ultra_ps_e_0
Adding component instance block -- xilinx.com:ip:clk_wiz:6.0 - clk_wiz_0
Adding component instance block -- xilinx.com:ip:proc_sys_reset:5.0 - proc_sys_reset_1
Adding component instance block -- xilinx.com:ip:proc_sys_reset:5.0 - proc_sys_reset_2
Adding component instance block -- xilinx.com:ip:proc_sys_reset:5.0 - proc_sys_reset_3
Adding component instance block -- xilinx.com:ip:axi_intc:4.1 - axi_intc_0
Adding component instance block -- xilinx.com:ip:axi_interconnect:2.1 - ps8_0_axi_periph
Adding component instance block -- xilinx.com:ip:axi_protocol_converter:2.1 - auto_pc
Successfully read diagram <system> from block design file </home/emanuel/workspace/mesh_vo/MultiPlatformDiffRenderer/src/backends/xrt/hls/build/xclbin/_x/link/vivado/vpl/prj/prj.srcs/sources_1/bd/system/system.bd>
INFO: [BD 41-1799] The block design contains upgradeable cell(s), automatically upgrading to newest version...
INFO: [IP_Flow 19-3420] Updated system_ps8_0_axi_periph_0 to use current project options
INFO: [OCL_UTIL] internal step: report locked IPs
INFO: [OCL_UTIL] internal step: source .local/dr.bd.tcl
INFO: [PSU-1]  DP_AUDIO clock source: RPLL is also being used by other peripheral clocks. Their outputs may get impacted if any driver changes DP_AUDIO PLL source to support runtime audio change 
INFO: [PSU-1]  DP_AUDIO clock source: RPLL is also being used by other peripheral clocks. Their outputs may get impacted if any driver changes DP_AUDIO PLL source to support runtime audio change 
INFO: [BD 5-1043] It is recommended to use inline hdl version xilinx.com:inline_hdl:ilconcat:1.0 for the IP type xilinx.com:ip:xlconcat:2.1 for improved performance and reduced disk space. IPs with VLNV xilinx.com:ip:xlconcat:2.1 may be deprecated in future releases. More information on inline hdl IP is available in UG994 
INFO: [BD 5-1043] It is recommended to use inline hdl version xilinx.com:inline_hdl:ilconstant:1.0 for the IP type xilinx.com:ip:xlconstant:1.1 for improved performance and reduced disk space. IPs with VLNV xilinx.com:ip:xlconstant:1.1 may be deprecated in future releases. More information on inline hdl IP is available in UG994 
INFO: [OCL_UTIL] internal step: save_bd_design
Wrote  : </home/emanuel/workspace/mesh_vo/MultiPlatformDiffRenderer/src/backends/xrt/hls/build/xclbin/_x/link/vivado/vpl/prj/prj.srcs/sources_1/bd/system/system.bd> 
[12:32:14] Run vpl: Step create_bd: Completed
[12:32:14] Run vpl: Step update_bd: Started
INFO: [OCL_UTIL] current step: vpl.update_bd
INFO: [OCL_UTIL] internal step: inserting profiling and debug cores
--- DPA: insert_chipscope_debug: No chipscope_debugs dict name - nothing to insert
INFO: Platform is not decorated with AXI-Lite and trace masters
INFO: Platform does not require extraction of debug/profile metadata.
--- DPA: -----------------------------------------------------------
--- DPA: Automation Dictionary:
--- DPA: -----------------------------------------------------------
WARNING: No monitor points found for BD automation.
--- DPA: Did not find NoC with PFM.AXI_PORT and sptag=DDR
--- DPA: Did not find NoC with PFM.AXI_PORT and sptag=LPDDR
--- DPA: Step 1 - Add debug/profile monitors...
--- DPA: Step 2 - No trace added
--- DPA: Step 3 - Add AI engine support...
--- DPA: Step 4 - Add AXI-Lite control...
--- DPA: Step 5 - Group IP into System_DPA...
INFO: [OCL_UTIL] internal step: assign_bd_address
INFO: [BD 41-3093] Triggering Legacy Auto Assign Algorithm
Slave segment '/zynq_ultra_ps_e_0/SAXIGP4/HP2_DDR_HIGH' is being assigned into address space '/ImageRenderHLS_1/Data_m_axi_gmem0' at <0x8_0000_0000 [ 32G ]>.
Slave segment '/zynq_ultra_ps_e_0/SAXIGP4/HP2_DDR_HIGH' is being assigned into address space '/ImageRenderHLS_1/Data_m_axi_gmem1' at <0x8_0000_0000 [ 32G ]>.
Slave segment '/zynq_ultra_ps_e_0/SAXIGP4/HP2_DDR_HIGH' is being assigned into address space '/ImageRenderHLS_1/Data_m_axi_gmem2' at <0x8_0000_0000 [ 32G ]>.
Slave segment '/zynq_ultra_ps_e_0/SAXIGP4/HP2_DDR_HIGH' is being assigned into address space '/ImageRenderHLS_1/Data_m_axi_gmem3' at <0x8_0000_0000 [ 32G ]>.
Slave segment '/zynq_ultra_ps_e_0/SAXIGP4/HP2_DDR_HIGH' is being assigned into address space '/ImageRenderHLS_1/Data_m_axi_gmem4' at <0x8_0000_0000 [ 32G ]>.
Slave segment '/zynq_ultra_ps_e_0/SAXIGP4/HP2_DDR_HIGH' is being assigned into address space '/ImageRenderHLS_1/Data_m_axi_gmem5' at <0x8_0000_0000 [ 32G ]>.
Slave segment '/zynq_ultra_ps_e_0/SAXIGP4/HP2_DDR_LOW' is being assigned into address space '/ImageRenderHLS_1/Data_m_axi_gmem0' at <0x0000_0000 [ 2G ]>.
Slave segment '/zynq_ultra_ps_e_0/SAXIGP4/HP2_DDR_LOW' is being assigned into address space '/ImageRenderHLS_1/Data_m_axi_gmem1' at <0x0000_0000 [ 2G ]>.
Slave segment '/zynq_ultra_ps_e_0/SAXIGP4/HP2_DDR_LOW' is being assigned into address space '/ImageRenderHLS_1/Data_m_axi_gmem2' at <0x0000_0000 [ 2G ]>.
Slave segment '/zynq_ultra_ps_e_0/SAXIGP4/HP2_DDR_LOW' is being assigned into address space '/ImageRenderHLS_1/Data_m_axi_gmem3' at <0x0000_0000 [ 2G ]>.
Slave segment '/zynq_ultra_ps_e_0/SAXIGP4/HP2_DDR_LOW' is being assigned into address space '/ImageRenderHLS_1/Data_m_axi_gmem4' at <0x0000_0000 [ 2G ]>.
Slave segment '/zynq_ultra_ps_e_0/SAXIGP4/HP2_DDR_LOW' is being assigned into address space '/ImageRenderHLS_1/Data_m_axi_gmem5' at <0x0000_0000 [ 2G ]>.
Slave segment '/zynq_ultra_ps_e_0/SAXIGP4/HP2_QSPI' is being assigned into address space '/ImageRenderHLS_1/Data_m_axi_gmem0' at <0xC000_0000 [ 512M ]>.
Slave segment '/zynq_ultra_ps_e_0/SAXIGP4/HP2_QSPI' is being assigned into address space '/ImageRenderHLS_1/Data_m_axi_gmem1' at <0xC000_0000 [ 512M ]>.
Slave segment '/zynq_ultra_ps_e_0/SAXIGP4/HP2_QSPI' is being assigned into address space '/ImageRenderHLS_1/Data_m_axi_gmem2' at <0xC000_0000 [ 512M ]>.
Slave segment '/zynq_ultra_ps_e_0/SAXIGP4/HP2_QSPI' is being assigned into address space '/ImageRenderHLS_1/Data_m_axi_gmem3' at <0xC000_0000 [ 512M ]>.
Slave segment '/zynq_ultra_ps_e_0/SAXIGP4/HP2_QSPI' is being assigned into address space '/ImageRenderHLS_1/Data_m_axi_gmem4' at <0xC000_0000 [ 512M ]>.
Slave segment '/zynq_ultra_ps_e_0/SAXIGP4/HP2_QSPI' is being assigned into address space '/ImageRenderHLS_1/Data_m_axi_gmem5' at <0xC000_0000 [ 512M ]>.
Slave segment '/ImageRenderHLS_1/s_axi_control/Reg' is being assigned into address space '/zynq_ultra_ps_e_0/Data' at <0x8001_0000 [ 64K ]>.
Slave segment '/zynq_ultra_ps_e_0/SAXIGP4/HP2_LPS_OCM' is being assigned into address space '/ImageRenderHLS_1/Data_m_axi_gmem0' at <0xFF00_0000 [ 16M ]>.
WARNING: [BD 41-1051] Slave segment '/zynq_ultra_ps_e_0/SAXIGP4/HP2_LPS_OCM' with 'register' usage does not match address space '/ImageRenderHLS_1/Data_m_axi_gmem0' with 'memory' usage so will be excluded from this address space. Please use the 'include_bd_addr_seg' command to override this precaution if required.
Excluding slave segment /zynq_ultra_ps_e_0/SAXIGP4/HP2_LPS_OCM from address space /ImageRenderHLS_1/Data_m_axi_gmem0.
Slave segment '/zynq_ultra_ps_e_0/SAXIGP4/HP2_LPS_OCM' is being assigned into address space '/ImageRenderHLS_1/Data_m_axi_gmem1' at <0xFF00_0000 [ 16M ]>.
WARNING: [BD 41-1051] Slave segment '/zynq_ultra_ps_e_0/SAXIGP4/HP2_LPS_OCM' with 'register' usage does not match address space '/ImageRenderHLS_1/Data_m_axi_gmem1' with 'memory' usage so will be excluded from this address space. Please use the 'include_bd_addr_seg' command to override this precaution if required.
Excluding slave segment /zynq_ultra_ps_e_0/SAXIGP4/HP2_LPS_OCM from address space /ImageRenderHLS_1/Data_m_axi_gmem1.
Slave segment '/zynq_ultra_ps_e_0/SAXIGP4/HP2_LPS_OCM' is being assigned into address space '/ImageRenderHLS_1/Data_m_axi_gmem2' at <0xFF00_0000 [ 16M ]>.
WARNING: [BD 41-1051] Slave segment '/zynq_ultra_ps_e_0/SAXIGP4/HP2_LPS_OCM' with 'register' usage does not match address space '/ImageRenderHLS_1/Data_m_axi_gmem2' with 'memory' usage so will be excluded from this address space. Please use the 'include_bd_addr_seg' command to override this precaution if required.
Excluding slave segment /zynq_ultra_ps_e_0/SAXIGP4/HP2_LPS_OCM from address space /ImageRenderHLS_1/Data_m_axi_gmem2.
Slave segment '/zynq_ultra_ps_e_0/SAXIGP4/HP2_LPS_OCM' is being assigned into address space '/ImageRenderHLS_1/Data_m_axi_gmem3' at <0xFF00_0000 [ 16M ]>.
WARNING: [BD 41-1051] Slave segment '/zynq_ultra_ps_e_0/SAXIGP4/HP2_LPS_OCM' with 'register' usage does not match address space '/ImageRenderHLS_1/Data_m_axi_gmem3' with 'memory' usage so will be excluded from this address space. Please use the 'include_bd_addr_seg' command to override this precaution if required.
Excluding slave segment /zynq_ultra_ps_e_0/SAXIGP4/HP2_LPS_OCM from address space /ImageRenderHLS_1/Data_m_axi_gmem3.
Slave segment '/zynq_ultra_ps_e_0/SAXIGP4/HP2_LPS_OCM' is being assigned into address space '/ImageRenderHLS_1/Data_m_axi_gmem4' at <0xFF00_0000 [ 16M ]>.
WARNING: [BD 41-1051] Slave segment '/zynq_ultra_ps_e_0/SAXIGP4/HP2_LPS_OCM' with 'register' usage does not match address space '/ImageRenderHLS_1/Data_m_axi_gmem4' with 'memory' usage so will be excluded from this address space. Please use the 'include_bd_addr_seg' command to override this precaution if required.
Excluding slave segment /zynq_ultra_ps_e_0/SAXIGP4/HP2_LPS_OCM from address space /ImageRenderHLS_1/Data_m_axi_gmem4.
Slave segment '/zynq_ultra_ps_e_0/SAXIGP4/HP2_LPS_OCM' is being assigned into address space '/ImageRenderHLS_1/Data_m_axi_gmem5' at <0xFF00_0000 [ 16M ]>.
WARNING: [BD 41-1051] Slave segment '/zynq_ultra_ps_e_0/SAXIGP4/HP2_LPS_OCM' with 'register' usage does not match address space '/ImageRenderHLS_1/Data_m_axi_gmem5' with 'memory' usage so will be excluded from this address space. Please use the 'include_bd_addr_seg' command to override this precaution if required.
Excluding slave segment /zynq_ultra_ps_e_0/SAXIGP4/HP2_LPS_OCM from address space /ImageRenderHLS_1/Data_m_axi_gmem5.
INFO: [OCL_UTIL] bd::util_cmd set_bd_source Vitis [current_bd_design]
INFO: [OCL_UTIL] internal step: writing address_map.xml
INFO: [OCL_UTIL] internal step: collect BD interface connectivity and update compute units
INFO: [OCL_UTIL] internal step: save_bd_design
Wrote  : </home/emanuel/workspace/mesh_vo/MultiPlatformDiffRenderer/src/backends/xrt/hls/build/xclbin/_x/link/vivado/vpl/prj/prj.srcs/sources_1/bd/system/system.bd> 
[12:32:14] Run vpl: Step update_bd: Completed
[12:32:14] Run vpl: Step generate_target: Started
INFO: [OCL_UTIL] current step: vpl.generate_target
INFO: [BD 41-1799] The block design contains upgradeable cell(s), automatically upgrading to newest version...
INFO: [IP_Flow 19-3420] Updated system_ps8_0_axi_periph_0 to use current project options
INFO: [IP_Flow 19-3420] Updated system_axi_ic_zynq_ultra_ps_e_0_S_AXI_HP2_FPD_0 to use current project options
INFO: [OCL_UTIL] internal step: generate_target all [get_files system.bd]
WARNING: [BD 41-1629] Slave segment </zynq_ultra_ps_e_0/SAXIGP4/HP2_LPS_OCM> is excluded from all addressing paths.
Excluding slave segment /zynq_ultra_ps_e_0/SAXIGP4/HP2_LPS_OCM from address space /ImageRenderHLS_1/Data_m_axi_gmem0.
Excluding slave segment /zynq_ultra_ps_e_0/SAXIGP4/HP2_LPS_OCM from address space /ImageRenderHLS_1/Data_m_axi_gmem1.
Excluding slave segment /zynq_ultra_ps_e_0/SAXIGP4/HP2_LPS_OCM from address space /ImageRenderHLS_1/Data_m_axi_gmem2.
Excluding slave segment /zynq_ultra_ps_e_0/SAXIGP4/HP2_LPS_OCM from address space /ImageRenderHLS_1/Data_m_axi_gmem3.
Excluding slave segment /zynq_ultra_ps_e_0/SAXIGP4/HP2_LPS_OCM from address space /ImageRenderHLS_1/Data_m_axi_gmem4.
Excluding slave segment /zynq_ultra_ps_e_0/SAXIGP4/HP2_LPS_OCM from address space /ImageRenderHLS_1/Data_m_axi_gmem5.
Excluding slave segment /zynq_ultra_ps_e_0/SAXIGP4/HP2_LPS_OCM from address space /ImageRenderHLS_1/Data_m_axi_gmem0.
Excluding slave segment /zynq_ultra_ps_e_0/SAXIGP4/HP2_LPS_OCM from address space /ImageRenderHLS_1/Data_m_axi_gmem1.
Excluding slave segment /zynq_ultra_ps_e_0/SAXIGP4/HP2_LPS_OCM from address space /ImageRenderHLS_1/Data_m_axi_gmem2.
Excluding slave segment /zynq_ultra_ps_e_0/SAXIGP4/HP2_LPS_OCM from address space /ImageRenderHLS_1/Data_m_axi_gmem3.
Excluding slave segment /zynq_ultra_ps_e_0/SAXIGP4/HP2_LPS_OCM from address space /ImageRenderHLS_1/Data_m_axi_gmem4.
Excluding slave segment /zynq_ultra_ps_e_0/SAXIGP4/HP2_LPS_OCM from address space /ImageRenderHLS_1/Data_m_axi_gmem5.
Excluding slave segment /zynq_ultra_ps_e_0/SAXIGP4/HP2_LPS_OCM from address space /ImageRenderHLS_1/Data_m_axi_gmem0.
Excluding slave segment /zynq_ultra_ps_e_0/SAXIGP4/HP2_LPS_OCM from address space /ImageRenderHLS_1/Data_m_axi_gmem0.
Excluding slave segment /zynq_ultra_ps_e_0/SAXIGP4/HP2_LPS_OCM from address space /ImageRenderHLS_1/Data_m_axi_gmem1.
Excluding slave segment /zynq_ultra_ps_e_0/SAXIGP4/HP2_LPS_OCM from address space /ImageRenderHLS_1/Data_m_axi_gmem1.
Excluding slave segment /zynq_ultra_ps_e_0/SAXIGP4/HP2_LPS_OCM from address space /ImageRenderHLS_1/Data_m_axi_gmem2.
Excluding slave segment /zynq_ultra_ps_e_0/SAXIGP4/HP2_LPS_OCM from address space /ImageRenderHLS_1/Data_m_axi_gmem2.
Excluding slave segment /zynq_ultra_ps_e_0/SAXIGP4/HP2_LPS_OCM from address space /ImageRenderHLS_1/Data_m_axi_gmem3.
Excluding slave segment /zynq_ultra_ps_e_0/SAXIGP4/HP2_LPS_OCM from address space /ImageRenderHLS_1/Data_m_axi_gmem3.
Excluding slave segment /zynq_ultra_ps_e_0/SAXIGP4/HP2_LPS_OCM from address space /ImageRenderHLS_1/Data_m_axi_gmem4.
Excluding slave segment /zynq_ultra_ps_e_0/SAXIGP4/HP2_LPS_OCM from address space /ImageRenderHLS_1/Data_m_axi_gmem4.
Excluding slave segment /zynq_ultra_ps_e_0/SAXIGP4/HP2_LPS_OCM from address space /ImageRenderHLS_1/Data_m_axi_gmem5.
Excluding slave segment /zynq_ultra_ps_e_0/SAXIGP4/HP2_LPS_OCM from address space /ImageRenderHLS_1/Data_m_axi_gmem5.
Excluding slave segment /zynq_ultra_ps_e_0/SAXIGP4/HP2_LPS_OCM from address space /ImageRenderHLS_1/Data_m_axi_gmem0.
Excluding slave segment /zynq_ultra_ps_e_0/SAXIGP4/HP2_LPS_OCM from address space /ImageRenderHLS_1/Data_m_axi_gmem1.
Excluding slave segment /zynq_ultra_ps_e_0/SAXIGP4/HP2_LPS_OCM from address space /ImageRenderHLS_1/Data_m_axi_gmem2.
Excluding slave segment /zynq_ultra_ps_e_0/SAXIGP4/HP2_LPS_OCM from address space /ImageRenderHLS_1/Data_m_axi_gmem3.
Excluding slave segment /zynq_ultra_ps_e_0/SAXIGP4/HP2_LPS_OCM from address space /ImageRenderHLS_1/Data_m_axi_gmem4.
Excluding slave segment /zynq_ultra_ps_e_0/SAXIGP4/HP2_LPS_OCM from address space /ImageRenderHLS_1/Data_m_axi_gmem5.
Excluding slave segment /zynq_ultra_ps_e_0/SAXIGP4/HP2_LPS_OCM from address space /ImageRenderHLS_1/Data_m_axi_gmem0.
Excluding slave segment /zynq_ultra_ps_e_0/SAXIGP4/HP2_LPS_OCM from address space /ImageRenderHLS_1/Data_m_axi_gmem1.
Excluding slave segment /zynq_ultra_ps_e_0/SAXIGP4/HP2_LPS_OCM from address space /ImageRenderHLS_1/Data_m_axi_gmem2.
Excluding slave segment /zynq_ultra_ps_e_0/SAXIGP4/HP2_LPS_OCM from address space /ImageRenderHLS_1/Data_m_axi_gmem3.
Excluding slave segment /zynq_ultra_ps_e_0/SAXIGP4/HP2_LPS_OCM from address space /ImageRenderHLS_1/Data_m_axi_gmem4.
Excluding slave segment /zynq_ultra_ps_e_0/SAXIGP4/HP2_LPS_OCM from address space /ImageRenderHLS_1/Data_m_axi_gmem5.
Excluding slave segment /zynq_ultra_ps_e_0/SAXIGP4/HP2_LPS_OCM from address space /ImageRenderHLS_1/Data_m_axi_gmem0.
Excluding slave segment /zynq_ultra_ps_e_0/SAXIGP4/HP2_LPS_OCM from address space /ImageRenderHLS_1/Data_m_axi_gmem1.
Excluding slave segment /zynq_ultra_ps_e_0/SAXIGP4/HP2_LPS_OCM from address space /ImageRenderHLS_1/Data_m_axi_gmem2.
Excluding slave segment /zynq_ultra_ps_e_0/SAXIGP4/HP2_LPS_OCM from address space /ImageRenderHLS_1/Data_m_axi_gmem3.
Excluding slave segment /zynq_ultra_ps_e_0/SAXIGP4/HP2_LPS_OCM from address space /ImageRenderHLS_1/Data_m_axi_gmem4.
Excluding slave segment /zynq_ultra_ps_e_0/SAXIGP4/HP2_LPS_OCM from address space /ImageRenderHLS_1/Data_m_axi_gmem5.
Excluding slave segment /zynq_ultra_ps_e_0/SAXIGP4/HP2_LPS_OCM from address space /ImageRenderHLS_1/Data_m_axi_gmem0.
Excluding slave segment /zynq_ultra_ps_e_0/SAXIGP4/HP2_LPS_OCM from address space /ImageRenderHLS_1/Data_m_axi_gmem0.
Excluding slave segment /zynq_ultra_ps_e_0/SAXIGP4/HP2_LPS_OCM from address space /ImageRenderHLS_1/Data_m_axi_gmem1.
Excluding slave segment /zynq_ultra_ps_e_0/SAXIGP4/HP2_LPS_OCM from address space /ImageRenderHLS_1/Data_m_axi_gmem2.
Excluding slave segment /zynq_ultra_ps_e_0/SAXIGP4/HP2_LPS_OCM from address space /ImageRenderHLS_1/Data_m_axi_gmem3.
Excluding slave segment /zynq_ultra_ps_e_0/SAXIGP4/HP2_LPS_OCM from address space /ImageRenderHLS_1/Data_m_axi_gmem4.
Excluding slave segment /zynq_ultra_ps_e_0/SAXIGP4/HP2_LPS_OCM from address space /ImageRenderHLS_1/Data_m_axi_gmem5.
Excluding slave segment /zynq_ultra_ps_e_0/SAXIGP4/HP2_LPS_OCM from address space /ImageRenderHLS_1/Data_m_axi_gmem1.
Excluding slave segment /zynq_ultra_ps_e_0/SAXIGP4/HP2_LPS_OCM from address space /ImageRenderHLS_1/Data_m_axi_gmem2.
Excluding slave segment /zynq_ultra_ps_e_0/SAXIGP4/HP2_LPS_OCM from address space /ImageRenderHLS_1/Data_m_axi_gmem3.
Excluding slave segment /zynq_ultra_ps_e_0/SAXIGP4/HP2_LPS_OCM from address space /ImageRenderHLS_1/Data_m_axi_gmem4.
Excluding slave segment /zynq_ultra_ps_e_0/SAXIGP4/HP2_LPS_OCM from address space /ImageRenderHLS_1/Data_m_axi_gmem5.
Excluding slave segment /zynq_ultra_ps_e_0/SAXIGP4/HP2_LPS_OCM from address space /ImageRenderHLS_1/Data_m_axi_gmem0.
Excluding slave segment /zynq_ultra_ps_e_0/SAXIGP4/HP2_LPS_OCM from address space /ImageRenderHLS_1/Data_m_axi_gmem1.
Excluding slave segment /zynq_ultra_ps_e_0/SAXIGP4/HP2_LPS_OCM from address space /ImageRenderHLS_1/Data_m_axi_gmem2.
Excluding slave segment /zynq_ultra_ps_e_0/SAXIGP4/HP2_LPS_OCM from address space /ImageRenderHLS_1/Data_m_axi_gmem3.
Excluding slave segment /zynq_ultra_ps_e_0/SAXIGP4/HP2_LPS_OCM from address space /ImageRenderHLS_1/Data_m_axi_gmem4.
Excluding slave segment /zynq_ultra_ps_e_0/SAXIGP4/HP2_LPS_OCM from address space /ImageRenderHLS_1/Data_m_axi_gmem5.
Excluding slave segment /zynq_ultra_ps_e_0/SAXIGP4/HP2_LPS_OCM from address space /ImageRenderHLS_1/Data_m_axi_gmem0.
Excluding slave segment /zynq_ultra_ps_e_0/SAXIGP4/HP2_LPS_OCM from address space /ImageRenderHLS_1/Data_m_axi_gmem1.
Excluding slave segment /zynq_ultra_ps_e_0/SAXIGP4/HP2_LPS_OCM from address space /ImageRenderHLS_1/Data_m_axi_gmem2.
Excluding slave segment /zynq_ultra_ps_e_0/SAXIGP4/HP2_LPS_OCM from address space /ImageRenderHLS_1/Data_m_axi_gmem3.
Excluding slave segment /zynq_ultra_ps_e_0/SAXIGP4/HP2_LPS_OCM from address space /ImageRenderHLS_1/Data_m_axi_gmem4.
Excluding slave segment /zynq_ultra_ps_e_0/SAXIGP4/HP2_LPS_OCM from address space /ImageRenderHLS_1/Data_m_axi_gmem5.
Excluding slave segment /zynq_ultra_ps_e_0/SAXIGP4/HP2_LPS_OCM from address space /ImageRenderHLS_1/Data_m_axi_gmem0.
Excluding slave segment /zynq_ultra_ps_e_0/SAXIGP4/HP2_LPS_OCM from address space /ImageRenderHLS_1/Data_m_axi_gmem1.
Excluding slave segment /zynq_ultra_ps_e_0/SAXIGP4/HP2_LPS_OCM from address space /ImageRenderHLS_1/Data_m_axi_gmem2.
Excluding slave segment /zynq_ultra_ps_e_0/SAXIGP4/HP2_LPS_OCM from address space /ImageRenderHLS_1/Data_m_axi_gmem3.
Excluding slave segment /zynq_ultra_ps_e_0/SAXIGP4/HP2_LPS_OCM from address space /ImageRenderHLS_1/Data_m_axi_gmem4.
Excluding slave segment /zynq_ultra_ps_e_0/SAXIGP4/HP2_LPS_OCM from address space /ImageRenderHLS_1/Data_m_axi_gmem5.
Excluding slave segment /zynq_ultra_ps_e_0/SAXIGP4/HP2_LPS_OCM from address space /ImageRenderHLS_1/Data_m_axi_gmem0.
Excluding slave segment /zynq_ultra_ps_e_0/SAXIGP4/HP2_LPS_OCM from address space /ImageRenderHLS_1/Data_m_axi_gmem1.
Excluding slave segment /zynq_ultra_ps_e_0/SAXIGP4/HP2_LPS_OCM from address space /ImageRenderHLS_1/Data_m_axi_gmem2.
Excluding slave segment /zynq_ultra_ps_e_0/SAXIGP4/HP2_LPS_OCM from address space /ImageRenderHLS_1/Data_m_axi_gmem3.
Excluding slave segment /zynq_ultra_ps_e_0/SAXIGP4/HP2_LPS_OCM from address space /ImageRenderHLS_1/Data_m_axi_gmem4.
Excluding slave segment /zynq_ultra_ps_e_0/SAXIGP4/HP2_LPS_OCM from address space /ImageRenderHLS_1/Data_m_axi_gmem5.
Excluding slave segment /zynq_ultra_ps_e_0/SAXIGP4/HP2_LPS_OCM from address space /ImageRenderHLS_1/Data_m_axi_gmem0.
Excluding slave segment /zynq_ultra_ps_e_0/SAXIGP4/HP2_LPS_OCM from address space /ImageRenderHLS_1/Data_m_axi_gmem1.
Excluding slave segment /zynq_ultra_ps_e_0/SAXIGP4/HP2_LPS_OCM from address space /ImageRenderHLS_1/Data_m_axi_gmem2.
Excluding slave segment /zynq_ultra_ps_e_0/SAXIGP4/HP2_LPS_OCM from address space /ImageRenderHLS_1/Data_m_axi_gmem3.
Excluding slave segment /zynq_ultra_ps_e_0/SAXIGP4/HP2_LPS_OCM from address space /ImageRenderHLS_1/Data_m_axi_gmem4.
Excluding slave segment /zynq_ultra_ps_e_0/SAXIGP4/HP2_LPS_OCM from address space /ImageRenderHLS_1/Data_m_axi_gmem5.
Excluding slave segment /zynq_ultra_ps_e_0/SAXIGP4/HP2_LPS_OCM from address space /ImageRenderHLS_1/Data_m_axi_gmem0.
Excluding slave segment /zynq_ultra_ps_e_0/SAXIGP4/HP2_LPS_OCM from address space /ImageRenderHLS_1/Data_m_axi_gmem1.
Excluding slave segment /zynq_ultra_ps_e_0/SAXIGP4/HP2_LPS_OCM from address space /ImageRenderHLS_1/Data_m_axi_gmem2.
Excluding slave segment /zynq_ultra_ps_e_0/SAXIGP4/HP2_LPS_OCM from address space /ImageRenderHLS_1/Data_m_axi_gmem3.
Excluding slave segment /zynq_ultra_ps_e_0/SAXIGP4/HP2_LPS_OCM from address space /ImageRenderHLS_1/Data_m_axi_gmem4.
Excluding slave segment /zynq_ultra_ps_e_0/SAXIGP4/HP2_LPS_OCM from address space /ImageRenderHLS_1/Data_m_axi_gmem5.
Excluding slave segment /zynq_ultra_ps_e_0/SAXIGP4/HP2_LPS_OCM from address space /ImageRenderHLS_1/Data_m_axi_gmem0.
Excluding slave segment /zynq_ultra_ps_e_0/SAXIGP4/HP2_LPS_OCM from address space /ImageRenderHLS_1/Data_m_axi_gmem1.
Excluding slave segment /zynq_ultra_ps_e_0/SAXIGP4/HP2_LPS_OCM from address space /ImageRenderHLS_1/Data_m_axi_gmem2.
Excluding slave segment /zynq_ultra_ps_e_0/SAXIGP4/HP2_LPS_OCM from address space /ImageRenderHLS_1/Data_m_axi_gmem3.
Excluding slave segment /zynq_ultra_ps_e_0/SAXIGP4/HP2_LPS_OCM from address space /ImageRenderHLS_1/Data_m_axi_gmem4.
Excluding slave segment /zynq_ultra_ps_e_0/SAXIGP4/HP2_LPS_OCM from address space /ImageRenderHLS_1/Data_m_axi_gmem5.
Excluding slave segment /zynq_ultra_ps_e_0/SAXIGP4/HP2_LPS_OCM from address space /ImageRenderHLS_1/Data_m_axi_gmem0.
Excluding slave segment /zynq_ultra_ps_e_0/SAXIGP4/HP2_LPS_OCM from address space /ImageRenderHLS_1/Data_m_axi_gmem1.
Excluding slave segment /zynq_ultra_ps_e_0/SAXIGP4/HP2_LPS_OCM from address space /ImageRenderHLS_1/Data_m_axi_gmem2.
Excluding slave segment /zynq_ultra_ps_e_0/SAXIGP4/HP2_LPS_OCM from address space /ImageRenderHLS_1/Data_m_axi_gmem3.
Excluding slave segment /zynq_ultra_ps_e_0/SAXIGP4/HP2_LPS_OCM from address space /ImageRenderHLS_1/Data_m_axi_gmem4.
Excluding slave segment /zynq_ultra_ps_e_0/SAXIGP4/HP2_LPS_OCM from address space /ImageRenderHLS_1/Data_m_axi_gmem5.
Excluding slave segment /zynq_ultra_ps_e_0/SAXIGP4/HP2_LPS_OCM from address space /ImageRenderHLS_1/Data_m_axi_gmem0.
Excluding slave segment /zynq_ultra_ps_e_0/SAXIGP4/HP2_LPS_OCM from address space /ImageRenderHLS_1/Data_m_axi_gmem1.
Excluding slave segment /zynq_ultra_ps_e_0/SAXIGP4/HP2_LPS_OCM from address space /ImageRenderHLS_1/Data_m_axi_gmem2.
Excluding slave segment /zynq_ultra_ps_e_0/SAXIGP4/HP2_LPS_OCM from address space /ImageRenderHLS_1/Data_m_axi_gmem3.
Excluding slave segment /zynq_ultra_ps_e_0/SAXIGP4/HP2_LPS_OCM from address space /ImageRenderHLS_1/Data_m_axi_gmem4.
Excluding slave segment /zynq_ultra_ps_e_0/SAXIGP4/HP2_LPS_OCM from address space /ImageRenderHLS_1/Data_m_axi_gmem5.
Excluding slave segment /zynq_ultra_ps_e_0/SAXIGP4/HP2_LPS_OCM from address space /ImageRenderHLS_1/Data_m_axi_gmem0.
Excluding slave segment /zynq_ultra_ps_e_0/SAXIGP4/HP2_LPS_OCM from address space /ImageRenderHLS_1/Data_m_axi_gmem1.
Excluding slave segment /zynq_ultra_ps_e_0/SAXIGP4/HP2_LPS_OCM from address space /ImageRenderHLS_1/Data_m_axi_gmem2.
Excluding slave segment /zynq_ultra_ps_e_0/SAXIGP4/HP2_LPS_OCM from address space /ImageRenderHLS_1/Data_m_axi_gmem3.
Excluding slave segment /zynq_ultra_ps_e_0/SAXIGP4/HP2_LPS_OCM from address space /ImageRenderHLS_1/Data_m_axi_gmem4.
Excluding slave segment /zynq_ultra_ps_e_0/SAXIGP4/HP2_LPS_OCM from address space /ImageRenderHLS_1/Data_m_axi_gmem5.
Excluding slave segment /zynq_ultra_ps_e_0/SAXIGP4/HP2_LPS_OCM from address space /ImageRenderHLS_1/Data_m_axi_gmem0.
Excluding slave segment /zynq_ultra_ps_e_0/SAXIGP4/HP2_LPS_OCM from address space /ImageRenderHLS_1/Data_m_axi_gmem1.
Excluding slave segment /zynq_ultra_ps_e_0/SAXIGP4/HP2_LPS_OCM from address space /ImageRenderHLS_1/Data_m_axi_gmem2.
Excluding slave segment /zynq_ultra_ps_e_0/SAXIGP4/HP2_LPS_OCM from address space /ImageRenderHLS_1/Data_m_axi_gmem3.
Excluding slave segment /zynq_ultra_ps_e_0/SAXIGP4/HP2_LPS_OCM from address space /ImageRenderHLS_1/Data_m_axi_gmem4.
Excluding slave segment /zynq_ultra_ps_e_0/SAXIGP4/HP2_LPS_OCM from address space /ImageRenderHLS_1/Data_m_axi_gmem5.
Excluding slave segment /zynq_ultra_ps_e_0/SAXIGP4/HP2_LPS_OCM from address space /ImageRenderHLS_1/Data_m_axi_gmem0.
Excluding slave segment /zynq_ultra_ps_e_0/SAXIGP4/HP2_LPS_OCM from address space /ImageRenderHLS_1/Data_m_axi_gmem1.
Excluding slave segment /zynq_ultra_ps_e_0/SAXIGP4/HP2_LPS_OCM from address space /ImageRenderHLS_1/Data_m_axi_gmem2.
Excluding slave segment /zynq_ultra_ps_e_0/SAXIGP4/HP2_LPS_OCM from address space /ImageRenderHLS_1/Data_m_axi_gmem3.
Excluding slave segment /zynq_ultra_ps_e_0/SAXIGP4/HP2_LPS_OCM from address space /ImageRenderHLS_1/Data_m_axi_gmem4.
Excluding slave segment /zynq_ultra_ps_e_0/SAXIGP4/HP2_LPS_OCM from address space /ImageRenderHLS_1/Data_m_axi_gmem5.
Excluding slave segment /zynq_ultra_ps_e_0/SAXIGP4/HP2_LPS_OCM from address space /ImageRenderHLS_1/Data_m_axi_gmem0.
Excluding slave segment /zynq_ultra_ps_e_0/SAXIGP4/HP2_LPS_OCM from address space /ImageRenderHLS_1/Data_m_axi_gmem1.
Excluding slave segment /zynq_ultra_ps_e_0/SAXIGP4/HP2_LPS_OCM from address space /ImageRenderHLS_1/Data_m_axi_gmem2.
Excluding slave segment /zynq_ultra_ps_e_0/SAXIGP4/HP2_LPS_OCM from address space /ImageRenderHLS_1/Data_m_axi_gmem3.
Excluding slave segment /zynq_ultra_ps_e_0/SAXIGP4/HP2_LPS_OCM from address space /ImageRenderHLS_1/Data_m_axi_gmem4.
Excluding slave segment /zynq_ultra_ps_e_0/SAXIGP4/HP2_LPS_OCM from address space /ImageRenderHLS_1/Data_m_axi_gmem5.
Excluding slave segment /zynq_ultra_ps_e_0/SAXIGP4/HP2_LPS_OCM from address space /ImageRenderHLS_1/Data_m_axi_gmem0.
Excluding slave segment /zynq_ultra_ps_e_0/SAXIGP4/HP2_LPS_OCM from address space /ImageRenderHLS_1/Data_m_axi_gmem1.
Excluding slave segment /zynq_ultra_ps_e_0/SAXIGP4/HP2_LPS_OCM from address space /ImageRenderHLS_1/Data_m_axi_gmem2.
Excluding slave segment /zynq_ultra_ps_e_0/SAXIGP4/HP2_LPS_OCM from address space /ImageRenderHLS_1/Data_m_axi_gmem3.
Excluding slave segment /zynq_ultra_ps_e_0/SAXIGP4/HP2_LPS_OCM from address space /ImageRenderHLS_1/Data_m_axi_gmem4.
Excluding slave segment /zynq_ultra_ps_e_0/SAXIGP4/HP2_LPS_OCM from address space /ImageRenderHLS_1/Data_m_axi_gmem5.
Excluding slave segment /zynq_ultra_ps_e_0/SAXIGP4/HP2_LPS_OCM from address space /ImageRenderHLS_1/Data_m_axi_gmem0.
Excluding slave segment /zynq_ultra_ps_e_0/SAXIGP4/HP2_LPS_OCM from address space /ImageRenderHLS_1/Data_m_axi_gmem1.
Excluding slave segment /zynq_ultra_ps_e_0/SAXIGP4/HP2_LPS_OCM from address space /ImageRenderHLS_1/Data_m_axi_gmem2.
Excluding slave segment /zynq_ultra_ps_e_0/SAXIGP4/HP2_LPS_OCM from address space /ImageRenderHLS_1/Data_m_axi_gmem3.
Excluding slave segment /zynq_ultra_ps_e_0/SAXIGP4/HP2_LPS_OCM from address space /ImageRenderHLS_1/Data_m_axi_gmem4.
Excluding slave segment /zynq_ultra_ps_e_0/SAXIGP4/HP2_LPS_OCM from address space /ImageRenderHLS_1/Data_m_axi_gmem5.
Excluding slave segment /zynq_ultra_ps_e_0/SAXIGP4/HP2_LPS_OCM from address space /ImageRenderHLS_1/Data_m_axi_gmem0.
Excluding slave segment /zynq_ultra_ps_e_0/SAXIGP4/HP2_LPS_OCM from address space /ImageRenderHLS_1/Data_m_axi_gmem1.
Excluding slave segment /zynq_ultra_ps_e_0/SAXIGP4/HP2_LPS_OCM from address space /ImageRenderHLS_1/Data_m_axi_gmem2.
Excluding slave segment /zynq_ultra_ps_e_0/SAXIGP4/HP2_LPS_OCM from address space /ImageRenderHLS_1/Data_m_axi_gmem3.
Excluding slave segment /zynq_ultra_ps_e_0/SAXIGP4/HP2_LPS_OCM from address space /ImageRenderHLS_1/Data_m_axi_gmem4.
Excluding slave segment /zynq_ultra_ps_e_0/SAXIGP4/HP2_LPS_OCM from address space /ImageRenderHLS_1/Data_m_axi_gmem5.
Excluding slave segment /zynq_ultra_ps_e_0/SAXIGP4/HP2_LPS_OCM from address space /ImageRenderHLS_1/Data_m_axi_gmem0.
Excluding slave segment /zynq_ultra_ps_e_0/SAXIGP4/HP2_LPS_OCM from address space /ImageRenderHLS_1/Data_m_axi_gmem1.
Excluding slave segment /zynq_ultra_ps_e_0/SAXIGP4/HP2_LPS_OCM from address space /ImageRenderHLS_1/Data_m_axi_gmem2.
Excluding slave segment /zynq_ultra_ps_e_0/SAXIGP4/HP2_LPS_OCM from address space /ImageRenderHLS_1/Data_m_axi_gmem3.
Excluding slave segment /zynq_ultra_ps_e_0/SAXIGP4/HP2_LPS_OCM from address space /ImageRenderHLS_1/Data_m_axi_gmem4.
Excluding slave segment /zynq_ultra_ps_e_0/SAXIGP4/HP2_LPS_OCM from address space /ImageRenderHLS_1/Data_m_axi_gmem5.
WARNING: [BD 5-699] No address segments matched 'get_bd_addr_segs -of_object /zynq_ultra_ps_e_0/SAXIGP4/HP2_LPS_OCM'
WARNING: [BD 5-699] No address segments matched 'get_bd_addr_segs -of_object /zynq_ultra_ps_e_0/SAXIGP4/HP2_LPS_OCM'
WARNING: [BD 5-699] No address segments matched 'get_bd_addr_segs -of_object /zynq_ultra_ps_e_0/SAXIGP4/HP2_LPS_OCM'
WARNING: [BD 5-699] No address segments matched 'get_bd_addr_segs -of_object /zynq_ultra_ps_e_0/SAXIGP4/HP2_LPS_OCM'
WARNING: [BD 5-699] No address segments matched 'get_bd_addr_segs -of_object /zynq_ultra_ps_e_0/SAXIGP4/HP2_LPS_OCM'
WARNING: [BD 5-699] No address segments matched 'get_bd_addr_segs -of_object /zynq_ultra_ps_e_0/SAXIGP4/HP2_LPS_OCM'
Excluding slave segment /zynq_ultra_ps_e_0/SAXIGP4/HP2_LPS_OCM from address space /ImageRenderHLS_1/Data_m_axi_gmem0.
Excluding slave segment /zynq_ultra_ps_e_0/SAXIGP4/HP2_LPS_OCM from address space /ImageRenderHLS_1/Data_m_axi_gmem1.
Excluding slave segment /zynq_ultra_ps_e_0/SAXIGP4/HP2_LPS_OCM from address space /ImageRenderHLS_1/Data_m_axi_gmem2.
Excluding slave segment /zynq_ultra_ps_e_0/SAXIGP4/HP2_LPS_OCM from address space /ImageRenderHLS_1/Data_m_axi_gmem3.
Excluding slave segment /zynq_ultra_ps_e_0/SAXIGP4/HP2_LPS_OCM from address space /ImageRenderHLS_1/Data_m_axi_gmem4.
Excluding slave segment /zynq_ultra_ps_e_0/SAXIGP4/HP2_LPS_OCM from address space /ImageRenderHLS_1/Data_m_axi_gmem5.
Excluding slave segment /zynq_ultra_ps_e_0/SAXIGP4/HP2_LPS_OCM from address space /ImageRenderHLS_1/Data_m_axi_gmem0.
Excluding slave segment /zynq_ultra_ps_e_0/SAXIGP4/HP2_LPS_OCM from address space /ImageRenderHLS_1/Data_m_axi_gmem1.
Excluding slave segment /zynq_ultra_ps_e_0/SAXIGP4/HP2_LPS_OCM from address space /ImageRenderHLS_1/Data_m_axi_gmem2.
Excluding slave segment /zynq_ultra_ps_e_0/SAXIGP4/HP2_LPS_OCM from address space /ImageRenderHLS_1/Data_m_axi_gmem3.
Excluding slave segment /zynq_ultra_ps_e_0/SAXIGP4/HP2_LPS_OCM from address space /ImageRenderHLS_1/Data_m_axi_gmem4.
Excluding slave segment /zynq_ultra_ps_e_0/SAXIGP4/HP2_LPS_OCM from address space /ImageRenderHLS_1/Data_m_axi_gmem5.
Excluding slave segment /zynq_ultra_ps_e_0/SAXIGP4/HP2_LPS_OCM from address space /ImageRenderHLS_1/Data_m_axi_gmem0.
Excluding slave segment /zynq_ultra_ps_e_0/SAXIGP4/HP2_LPS_OCM from address space /ImageRenderHLS_1/Data_m_axi_gmem1.
Excluding slave segment /zynq_ultra_ps_e_0/SAXIGP4/HP2_LPS_OCM from address space /ImageRenderHLS_1/Data_m_axi_gmem2.
Excluding slave segment /zynq_ultra_ps_e_0/SAXIGP4/HP2_LPS_OCM from address space /ImageRenderHLS_1/Data_m_axi_gmem3.
Excluding slave segment /zynq_ultra_ps_e_0/SAXIGP4/HP2_LPS_OCM from address space /ImageRenderHLS_1/Data_m_axi_gmem4.
Excluding slave segment /zynq_ultra_ps_e_0/SAXIGP4/HP2_LPS_OCM from address space /ImageRenderHLS_1/Data_m_axi_gmem5.
Excluding slave segment /zynq_ultra_ps_e_0/SAXIGP4/HP2_LPS_OCM from address space /ImageRenderHLS_1/Data_m_axi_gmem0.
Excluding slave segment /zynq_ultra_ps_e_0/SAXIGP4/HP2_LPS_OCM from address space /ImageRenderHLS_1/Data_m_axi_gmem1.
Excluding slave segment /zynq_ultra_ps_e_0/SAXIGP4/HP2_LPS_OCM from address space /ImageRenderHLS_1/Data_m_axi_gmem2.
Excluding slave segment /zynq_ultra_ps_e_0/SAXIGP4/HP2_LPS_OCM from address space /ImageRenderHLS_1/Data_m_axi_gmem3.
Excluding slave segment /zynq_ultra_ps_e_0/SAXIGP4/HP2_LPS_OCM from address space /ImageRenderHLS_1/Data_m_axi_gmem4.
Excluding slave segment /zynq_ultra_ps_e_0/SAXIGP4/HP2_LPS_OCM from address space /ImageRenderHLS_1/Data_m_axi_gmem5.
Excluding slave segment /zynq_ultra_ps_e_0/SAXIGP4/HP2_LPS_OCM from address space /ImageRenderHLS_1/Data_m_axi_gmem0.
Excluding slave segment /zynq_ultra_ps_e_0/SAXIGP4/HP2_LPS_OCM from address space /ImageRenderHLS_1/Data_m_axi_gmem1.
Excluding slave segment /zynq_ultra_ps_e_0/SAXIGP4/HP2_LPS_OCM from address space /ImageRenderHLS_1/Data_m_axi_gmem2.
Excluding slave segment /zynq_ultra_ps_e_0/SAXIGP4/HP2_LPS_OCM from address space /ImageRenderHLS_1/Data_m_axi_gmem3.
Excluding slave segment /zynq_ultra_ps_e_0/SAXIGP4/HP2_LPS_OCM from address space /ImageRenderHLS_1/Data_m_axi_gmem4.
Excluding slave segment /zynq_ultra_ps_e_0/SAXIGP4/HP2_LPS_OCM from address space /ImageRenderHLS_1/Data_m_axi_gmem5.
Excluding slave segment /zynq_ultra_ps_e_0/SAXIGP4/HP2_LPS_OCM from address space /ImageRenderHLS_1/Data_m_axi_gmem0.
Excluding slave segment /zynq_ultra_ps_e_0/SAXIGP4/HP2_LPS_OCM from address space /ImageRenderHLS_1/Data_m_axi_gmem1.
Excluding slave segment /zynq_ultra_ps_e_0/SAXIGP4/HP2_LPS_OCM from address space /ImageRenderHLS_1/Data_m_axi_gmem2.
Excluding slave segment /zynq_ultra_ps_e_0/SAXIGP4/HP2_LPS_OCM from address space /ImageRenderHLS_1/Data_m_axi_gmem3.
Excluding slave segment /zynq_ultra_ps_e_0/SAXIGP4/HP2_LPS_OCM from address space /ImageRenderHLS_1/Data_m_axi_gmem4.
Excluding slave segment /zynq_ultra_ps_e_0/SAXIGP4/HP2_LPS_OCM from address space /ImageRenderHLS_1/Data_m_axi_gmem5.
Excluding slave segment /zynq_ultra_ps_e_0/SAXIGP4/HP2_LPS_OCM from address space /ImageRenderHLS_1/Data_m_axi_gmem0.
Excluding slave segment /zynq_ultra_ps_e_0/SAXIGP4/HP2_LPS_OCM from address space /ImageRenderHLS_1/Data_m_axi_gmem1.
Excluding slave segment /zynq_ultra_ps_e_0/SAXIGP4/HP2_LPS_OCM from address space /ImageRenderHLS_1/Data_m_axi_gmem2.
Excluding slave segment /zynq_ultra_ps_e_0/SAXIGP4/HP2_LPS_OCM from address space /ImageRenderHLS_1/Data_m_axi_gmem3.
Excluding slave segment /zynq_ultra_ps_e_0/SAXIGP4/HP2_LPS_OCM from address space /ImageRenderHLS_1/Data_m_axi_gmem4.
Excluding slave segment /zynq_ultra_ps_e_0/SAXIGP4/HP2_LPS_OCM from address space /ImageRenderHLS_1/Data_m_axi_gmem5.
Excluding slave segment /zynq_ultra_ps_e_0/SAXIGP4/HP2_LPS_OCM from address space /ImageRenderHLS_1/Data_m_axi_gmem0.
Excluding slave segment /zynq_ultra_ps_e_0/SAXIGP4/HP2_LPS_OCM from address space /ImageRenderHLS_1/Data_m_axi_gmem1.
Excluding slave segment /zynq_ultra_ps_e_0/SAXIGP4/HP2_LPS_OCM from address space /ImageRenderHLS_1/Data_m_axi_gmem2.
Excluding slave segment /zynq_ultra_ps_e_0/SAXIGP4/HP2_LPS_OCM from address space /ImageRenderHLS_1/Data_m_axi_gmem3.
Excluding slave segment /zynq_ultra_ps_e_0/SAXIGP4/HP2_LPS_OCM from address space /ImageRenderHLS_1/Data_m_axi_gmem4.
Excluding slave segment /zynq_ultra_ps_e_0/SAXIGP4/HP2_LPS_OCM from address space /ImageRenderHLS_1/Data_m_axi_gmem5.
Excluding slave segment /zynq_ultra_ps_e_0/SAXIGP4/HP2_LPS_OCM from address space /ImageRenderHLS_1/Data_m_axi_gmem0.
Excluding slave segment /zynq_ultra_ps_e_0/SAXIGP4/HP2_LPS_OCM from address space /ImageRenderHLS_1/Data_m_axi_gmem1.
Excluding slave segment /zynq_ultra_ps_e_0/SAXIGP4/HP2_LPS_OCM from address space /ImageRenderHLS_1/Data_m_axi_gmem2.
Excluding slave segment /zynq_ultra_ps_e_0/SAXIGP4/HP2_LPS_OCM from address space /ImageRenderHLS_1/Data_m_axi_gmem3.
Excluding slave segment /zynq_ultra_ps_e_0/SAXIGP4/HP2_LPS_OCM from address space /ImageRenderHLS_1/Data_m_axi_gmem4.
Excluding slave segment /zynq_ultra_ps_e_0/SAXIGP4/HP2_LPS_OCM from address space /ImageRenderHLS_1/Data_m_axi_gmem5.
Excluding slave segment /zynq_ultra_ps_e_0/SAXIGP4/HP2_LPS_OCM from address space /ImageRenderHLS_1/Data_m_axi_gmem0.
Excluding slave segment /zynq_ultra_ps_e_0/SAXIGP4/HP2_LPS_OCM from address space /ImageRenderHLS_1/Data_m_axi_gmem1.
Excluding slave segment /zynq_ultra_ps_e_0/SAXIGP4/HP2_LPS_OCM from address space /ImageRenderHLS_1/Data_m_axi_gmem2.
Excluding slave segment /zynq_ultra_ps_e_0/SAXIGP4/HP2_LPS_OCM from address space /ImageRenderHLS_1/Data_m_axi_gmem3.
Excluding slave segment /zynq_ultra_ps_e_0/SAXIGP4/HP2_LPS_OCM from address space /ImageRenderHLS_1/Data_m_axi_gmem4.
Excluding slave segment /zynq_ultra_ps_e_0/SAXIGP4/HP2_LPS_OCM from address space /ImageRenderHLS_1/Data_m_axi_gmem5.
Excluding slave segment /zynq_ultra_ps_e_0/SAXIGP4/HP2_LPS_OCM from address space /ImageRenderHLS_1/Data_m_axi_gmem0.
Excluding slave segment /zynq_ultra_ps_e_0/SAXIGP4/HP2_LPS_OCM from address space /ImageRenderHLS_1/Data_m_axi_gmem1.
Excluding slave segment /zynq_ultra_ps_e_0/SAXIGP4/HP2_LPS_OCM from address space /ImageRenderHLS_1/Data_m_axi_gmem2.
Excluding slave segment /zynq_ultra_ps_e_0/SAXIGP4/HP2_LPS_OCM from address space /ImageRenderHLS_1/Data_m_axi_gmem3.
Excluding slave segment /zynq_ultra_ps_e_0/SAXIGP4/HP2_LPS_OCM from address space /ImageRenderHLS_1/Data_m_axi_gmem4.
Excluding slave segment /zynq_ultra_ps_e_0/SAXIGP4/HP2_LPS_OCM from address space /ImageRenderHLS_1/Data_m_axi_gmem5.
Excluding slave segment /zynq_ultra_ps_e_0/SAXIGP4/HP2_LPS_OCM from address space /ImageRenderHLS_1/Data_m_axi_gmem0.
Excluding slave segment /zynq_ultra_ps_e_0/SAXIGP4/HP2_LPS_OCM from address space /ImageRenderHLS_1/Data_m_axi_gmem1.
Excluding slave segment /zynq_ultra_ps_e_0/SAXIGP4/HP2_LPS_OCM from address space /ImageRenderHLS_1/Data_m_axi_gmem2.
Excluding slave segment /zynq_ultra_ps_e_0/SAXIGP4/HP2_LPS_OCM from address space /ImageRenderHLS_1/Data_m_axi_gmem3.
Excluding slave segment /zynq_ultra_ps_e_0/SAXIGP4/HP2_LPS_OCM from address space /ImageRenderHLS_1/Data_m_axi_gmem4.
Excluding slave segment /zynq_ultra_ps_e_0/SAXIGP4/HP2_LPS_OCM from address space /ImageRenderHLS_1/Data_m_axi_gmem5.
Excluding slave segment /zynq_ultra_ps_e_0/SAXIGP4/HP2_LPS_OCM from address space /ImageRenderHLS_1/Data_m_axi_gmem0.
Excluding slave segment /zynq_ultra_ps_e_0/SAXIGP4/HP2_LPS_OCM from address space /ImageRenderHLS_1/Data_m_axi_gmem1.
Excluding slave segment /zynq_ultra_ps_e_0/SAXIGP4/HP2_LPS_OCM from address space /ImageRenderHLS_1/Data_m_axi_gmem2.
Excluding slave segment /zynq_ultra_ps_e_0/SAXIGP4/HP2_LPS_OCM from address space /ImageRenderHLS_1/Data_m_axi_gmem3.
Excluding slave segment /zynq_ultra_ps_e_0/SAXIGP4/HP2_LPS_OCM from address space /ImageRenderHLS_1/Data_m_axi_gmem4.
Excluding slave segment /zynq_ultra_ps_e_0/SAXIGP4/HP2_LPS_OCM from address space /ImageRenderHLS_1/Data_m_axi_gmem5.
Excluding slave segment /zynq_ultra_ps_e_0/SAXIGP4/HP2_LPS_OCM from address space /ImageRenderHLS_1/Data_m_axi_gmem0.
Excluding slave segment /zynq_ultra_ps_e_0/SAXIGP4/HP2_LPS_OCM from address space /ImageRenderHLS_1/Data_m_axi_gmem1.
Excluding slave segment /zynq_ultra_ps_e_0/SAXIGP4/HP2_LPS_OCM from address space /ImageRenderHLS_1/Data_m_axi_gmem2.
Excluding slave segment /zynq_ultra_ps_e_0/SAXIGP4/HP2_LPS_OCM from address space /ImageRenderHLS_1/Data_m_axi_gmem3.
Excluding slave segment /zynq_ultra_ps_e_0/SAXIGP4/HP2_LPS_OCM from address space /ImageRenderHLS_1/Data_m_axi_gmem4.
Excluding slave segment /zynq_ultra_ps_e_0/SAXIGP4/HP2_LPS_OCM from address space /ImageRenderHLS_1/Data_m_axi_gmem5.
Excluding slave segment /zynq_ultra_ps_e_0/SAXIGP4/HP2_LPS_OCM from address space /ImageRenderHLS_1/Data_m_axi_gmem0.
Excluding slave segment /zynq_ultra_ps_e_0/SAXIGP4/HP2_LPS_OCM from address space /ImageRenderHLS_1/Data_m_axi_gmem1.
Excluding slave segment /zynq_ultra_ps_e_0/SAXIGP4/HP2_LPS_OCM from address space /ImageRenderHLS_1/Data_m_axi_gmem2.
Excluding slave segment /zynq_ultra_ps_e_0/SAXIGP4/HP2_LPS_OCM from address space /ImageRenderHLS_1/Data_m_axi_gmem3.
Excluding slave segment /zynq_ultra_ps_e_0/SAXIGP4/HP2_LPS_OCM from address space /ImageRenderHLS_1/Data_m_axi_gmem4.
Excluding slave segment /zynq_ultra_ps_e_0/SAXIGP4/HP2_LPS_OCM from address space /ImageRenderHLS_1/Data_m_axi_gmem5.
Excluding slave segment /zynq_ultra_ps_e_0/SAXIGP4/HP2_LPS_OCM from address space /ImageRenderHLS_1/Data_m_axi_gmem0.
Excluding slave segment /zynq_ultra_ps_e_0/SAXIGP4/HP2_LPS_OCM from address space /ImageRenderHLS_1/Data_m_axi_gmem1.
Excluding slave segment /zynq_ultra_ps_e_0/SAXIGP4/HP2_LPS_OCM from address space /ImageRenderHLS_1/Data_m_axi_gmem2.
Excluding slave segment /zynq_ultra_ps_e_0/SAXIGP4/HP2_LPS_OCM from address space /ImageRenderHLS_1/Data_m_axi_gmem3.
Excluding slave segment /zynq_ultra_ps_e_0/SAXIGP4/HP2_LPS_OCM from address space /ImageRenderHLS_1/Data_m_axi_gmem4.
Excluding slave segment /zynq_ultra_ps_e_0/SAXIGP4/HP2_LPS_OCM from address space /ImageRenderHLS_1/Data_m_axi_gmem5.
Excluding slave segment /zynq_ultra_ps_e_0/SAXIGP4/HP2_LPS_OCM from address space /ImageRenderHLS_1/Data_m_axi_gmem0.
Excluding slave segment /zynq_ultra_ps_e_0/SAXIGP4/HP2_LPS_OCM from address space /ImageRenderHLS_1/Data_m_axi_gmem1.
Excluding slave segment /zynq_ultra_ps_e_0/SAXIGP4/HP2_LPS_OCM from address space /ImageRenderHLS_1/Data_m_axi_gmem2.
Excluding slave segment /zynq_ultra_ps_e_0/SAXIGP4/HP2_LPS_OCM from address space /ImageRenderHLS_1/Data_m_axi_gmem3.
Excluding slave segment /zynq_ultra_ps_e_0/SAXIGP4/HP2_LPS_OCM from address space /ImageRenderHLS_1/Data_m_axi_gmem4.
Excluding slave segment /zynq_ultra_ps_e_0/SAXIGP4/HP2_LPS_OCM from address space /ImageRenderHLS_1/Data_m_axi_gmem5.
Excluding slave segment /zynq_ultra_ps_e_0/SAXIGP4/HP2_LPS_OCM from address space /ImageRenderHLS_1/Data_m_axi_gmem0.
Excluding slave segment /zynq_ultra_ps_e_0/SAXIGP4/HP2_LPS_OCM from address space /ImageRenderHLS_1/Data_m_axi_gmem1.
Excluding slave segment /zynq_ultra_ps_e_0/SAXIGP4/HP2_LPS_OCM from address space /ImageRenderHLS_1/Data_m_axi_gmem2.
Excluding slave segment /zynq_ultra_ps_e_0/SAXIGP4/HP2_LPS_OCM from address space /ImageRenderHLS_1/Data_m_axi_gmem3.
Excluding slave segment /zynq_ultra_ps_e_0/SAXIGP4/HP2_LPS_OCM from address space /ImageRenderHLS_1/Data_m_axi_gmem4.
Excluding slave segment /zynq_ultra_ps_e_0/SAXIGP4/HP2_LPS_OCM from address space /ImageRenderHLS_1/Data_m_axi_gmem5.
Excluding slave segment /zynq_ultra_ps_e_0/SAXIGP4/HP2_LPS_OCM from address space /ImageRenderHLS_1/Data_m_axi_gmem0.
Excluding slave segment /zynq_ultra_ps_e_0/SAXIGP4/HP2_LPS_OCM from address space /ImageRenderHLS_1/Data_m_axi_gmem1.
Excluding slave segment /zynq_ultra_ps_e_0/SAXIGP4/HP2_LPS_OCM from address space /ImageRenderHLS_1/Data_m_axi_gmem2.
Excluding slave segment /zynq_ultra_ps_e_0/SAXIGP4/HP2_LPS_OCM from address space /ImageRenderHLS_1/Data_m_axi_gmem3.
Excluding slave segment /zynq_ultra_ps_e_0/SAXIGP4/HP2_LPS_OCM from address space /ImageRenderHLS_1/Data_m_axi_gmem4.
Excluding slave segment /zynq_ultra_ps_e_0/SAXIGP4/HP2_LPS_OCM from address space /ImageRenderHLS_1/Data_m_axi_gmem5.
Excluding slave segment /zynq_ultra_ps_e_0/SAXIGP4/HP2_LPS_OCM from address space /ImageRenderHLS_1/Data_m_axi_gmem0.
Excluding slave segment /zynq_ultra_ps_e_0/SAXIGP4/HP2_LPS_OCM from address space /ImageRenderHLS_1/Data_m_axi_gmem1.
Excluding slave segment /zynq_ultra_ps_e_0/SAXIGP4/HP2_LPS_OCM from address space /ImageRenderHLS_1/Data_m_axi_gmem2.
Excluding slave segment /zynq_ultra_ps_e_0/SAXIGP4/HP2_LPS_OCM from address space /ImageRenderHLS_1/Data_m_axi_gmem3.
Excluding slave segment /zynq_ultra_ps_e_0/SAXIGP4/HP2_LPS_OCM from address space /ImageRenderHLS_1/Data_m_axi_gmem4.
Excluding slave segment /zynq_ultra_ps_e_0/SAXIGP4/HP2_LPS_OCM from address space /ImageRenderHLS_1/Data_m_axi_gmem5.
Excluding slave segment /zynq_ultra_ps_e_0/SAXIGP4/HP2_LPS_OCM from address space /ImageRenderHLS_1/Data_m_axi_gmem0.
Excluding slave segment /zynq_ultra_ps_e_0/SAXIGP4/HP2_LPS_OCM from address space /ImageRenderHLS_1/Data_m_axi_gmem1.
Excluding slave segment /zynq_ultra_ps_e_0/SAXIGP4/HP2_LPS_OCM from address space /ImageRenderHLS_1/Data_m_axi_gmem2.
Excluding slave segment /zynq_ultra_ps_e_0/SAXIGP4/HP2_LPS_OCM from address space /ImageRenderHLS_1/Data_m_axi_gmem3.
Excluding slave segment /zynq_ultra_ps_e_0/SAXIGP4/HP2_LPS_OCM from address space /ImageRenderHLS_1/Data_m_axi_gmem4.
Excluding slave segment /zynq_ultra_ps_e_0/SAXIGP4/HP2_LPS_OCM from address space /ImageRenderHLS_1/Data_m_axi_gmem5.
Excluding slave segment /zynq_ultra_ps_e_0/SAXIGP4/HP2_LPS_OCM from address space /ImageRenderHLS_1/Data_m_axi_gmem0.
Excluding slave segment /zynq_ultra_ps_e_0/SAXIGP4/HP2_LPS_OCM from address space /ImageRenderHLS_1/Data_m_axi_gmem1.
Excluding slave segment /zynq_ultra_ps_e_0/SAXIGP4/HP2_LPS_OCM from address space /ImageRenderHLS_1/Data_m_axi_gmem2.
Excluding slave segment /zynq_ultra_ps_e_0/SAXIGP4/HP2_LPS_OCM from address space /ImageRenderHLS_1/Data_m_axi_gmem3.
Excluding slave segment /zynq_ultra_ps_e_0/SAXIGP4/HP2_LPS_OCM from address space /ImageRenderHLS_1/Data_m_axi_gmem4.
Excluding slave segment /zynq_ultra_ps_e_0/SAXIGP4/HP2_LPS_OCM from address space /ImageRenderHLS_1/Data_m_axi_gmem5.
INFO: [PSU-1]  DP_AUDIO clock source: RPLL is also being used by other peripheral clocks. Their outputs may get impacted if any driver changes DP_AUDIO PLL source to support runtime audio change 
WARNING: [xilinx.com:ip:axi_intc:4.1-6] /axi_intc_0: Property SENSITIVITY = "NULL" for interrupt input 31 not recognized - using default interrupt type Rising Edge. Please change this manually if necessary.
WARNING: [xilinx.com:ip:axi_intc:4.1-6] /axi_intc_0: Property SENSITIVITY = "NULL" for interrupt input 30 not recognized - using default interrupt type Rising Edge. Please change this manually if necessary.
WARNING: [xilinx.com:ip:axi_intc:4.1-6] /axi_intc_0: Property SENSITIVITY = "NULL" for interrupt input 29 not recognized - using default interrupt type Rising Edge. Please change this manually if necessary.
WARNING: [xilinx.com:ip:axi_intc:4.1-6] /axi_intc_0: Property SENSITIVITY = "NULL" for interrupt input 28 not recognized - using default interrupt type Rising Edge. Please change this manually if necessary.
WARNING: [xilinx.com:ip:axi_intc:4.1-6] /axi_intc_0: Property SENSITIVITY = "NULL" for interrupt input 27 not recognized - using default interrupt type Rising Edge. Please change this manually if necessary.
WARNING: [xilinx.com:ip:axi_intc:4.1-6] /axi_intc_0: Property SENSITIVITY = "NULL" for interrupt input 26 not recognized - using default interrupt type Rising Edge. Please change this manually if necessary.
WARNING: [xilinx.com:ip:axi_intc:4.1-6] /axi_intc_0: Property SENSITIVITY = "NULL" for interrupt input 25 not recognized - using default interrupt type Rising Edge. Please change this manually if necessary.
WARNING: [xilinx.com:ip:axi_intc:4.1-6] /axi_intc_0: Property SENSITIVITY = "NULL" for interrupt input 24 not recognized - using default interrupt type Rising Edge. Please change this manually if necessary.
WARNING: [xilinx.com:ip:axi_intc:4.1-6] /axi_intc_0: Property SENSITIVITY = "NULL" for interrupt input 23 not recognized - using default interrupt type Rising Edge. Please change this manually if necessary.
WARNING: [xilinx.com:ip:axi_intc:4.1-6] /axi_intc_0: Property SENSITIVITY = "NULL" for interrupt input 22 not recognized - using default interrupt type Rising Edge. Please change this manually if necessary.
WARNING: [xilinx.com:ip:axi_intc:4.1-6] /axi_intc_0: Property SENSITIVITY = "NULL" for interrupt input 21 not recognized - using default interrupt type Rising Edge. Please change this manually if necessary.
WARNING: [xilinx.com:ip:axi_intc:4.1-6] /axi_intc_0: Property SENSITIVITY = "NULL" for interrupt input 20 not recognized - using default interrupt type Rising Edge. Please change this manually if necessary.
WARNING: [xilinx.com:ip:axi_intc:4.1-6] /axi_intc_0: Property SENSITIVITY = "NULL" for interrupt input 19 not recognized - using default interrupt type Rising Edge. Please change this manually if necessary.
WARNING: [xilinx.com:ip:axi_intc:4.1-6] /axi_intc_0: Property SENSITIVITY = "NULL" for interrupt input 18 not recognized - using default interrupt type Rising Edge. Please change this manually if necessary.
WARNING: [xilinx.com:ip:axi_intc:4.1-6] /axi_intc_0: Property SENSITIVITY = "NULL" for interrupt input 17 not recognized - using default interrupt type Rising Edge. Please change this manually if necessary.
WARNING: [xilinx.com:ip:axi_intc:4.1-6] /axi_intc_0: Property SENSITIVITY = "NULL" for interrupt input 16 not recognized - using default interrupt type Rising Edge. Please change this manually if necessary.
WARNING: [xilinx.com:ip:axi_intc:4.1-6] /axi_intc_0: Property SENSITIVITY = "NULL" for interrupt input 15 not recognized - using default interrupt type Rising Edge. Please change this manually if necessary.
WARNING: [xilinx.com:ip:axi_intc:4.1-6] /axi_intc_0: Property SENSITIVITY = "NULL" for interrupt input 14 not recognized - using default interrupt type Rising Edge. Please change this manually if necessary.
WARNING: [xilinx.com:ip:axi_intc:4.1-6] /axi_intc_0: Property SENSITIVITY = "NULL" for interrupt input 13 not recognized - using default interrupt type Rising Edge. Please change this manually if necessary.
WARNING: [xilinx.com:ip:axi_intc:4.1-6] /axi_intc_0: Property SENSITIVITY = "NULL" for interrupt input 12 not recognized - using default interrupt type Rising Edge. Please change this manually if necessary.
WARNING: [xilinx.com:ip:axi_intc:4.1-6] /axi_intc_0: Property SENSITIVITY = "NULL" for interrupt input 11 not recognized - using default interrupt type Rising Edge. Please change this manually if necessary.
WARNING: [xilinx.com:ip:axi_intc:4.1-6] /axi_intc_0: Property SENSITIVITY = "NULL" for interrupt input 10 not recognized - using default interrupt type Rising Edge. Please change this manually if necessary.
WARNING: [xilinx.com:ip:axi_intc:4.1-6] /axi_intc_0: Property SENSITIVITY = "NULL" for interrupt input 9 not recognized - using default interrupt type Rising Edge. Please change this manually if necessary.
WARNING: [xilinx.com:ip:axi_intc:4.1-6] /axi_intc_0: Property SENSITIVITY = "NULL" for interrupt input 8 not recognized - using default interrupt type Rising Edge. Please change this manually if necessary.
WARNING: [xilinx.com:ip:axi_intc:4.1-6] /axi_intc_0: Property SENSITIVITY = "NULL" for interrupt input 7 not recognized - using default interrupt type Rising Edge. Please change this manually if necessary.
WARNING: [xilinx.com:ip:axi_intc:4.1-6] /axi_intc_0: Property SENSITIVITY = "NULL" for interrupt input 6 not recognized - using default interrupt type Rising Edge. Please change this manually if necessary.
WARNING: [xilinx.com:ip:axi_intc:4.1-6] /axi_intc_0: Property SENSITIVITY = "NULL" for interrupt input 5 not recognized - using default interrupt type Rising Edge. Please change this manually if necessary.
WARNING: [xilinx.com:ip:axi_intc:4.1-6] /axi_intc_0: Property SENSITIVITY = "NULL" for interrupt input 4 not recognized - using default interrupt type Rising Edge. Please change this manually if necessary.
WARNING: [xilinx.com:ip:axi_intc:4.1-6] /axi_intc_0: Property SENSITIVITY = "NULL" for interrupt input 3 not recognized - using default interrupt type Rising Edge. Please change this manually if necessary.
WARNING: [xilinx.com:ip:axi_intc:4.1-6] /axi_intc_0: Property SENSITIVITY = "NULL" for interrupt input 2 not recognized - using default interrupt type Rising Edge. Please change this manually if necessary.
WARNING: [xilinx.com:ip:axi_intc:4.1-6] /axi_intc_0: Property SENSITIVITY = "NULL" for interrupt input 0 not recognized - using default interrupt type Rising Edge. Please change this manually if necessary.
INFO: [xilinx.com:ip:clk_wiz:6.0-1] /clk_wiz_0 clk_wiz propagate
INFO: [xilinx.com:ip:clk_wiz:6.0-1] /clk_wiz_0 clk_wiz propagate
WARNING: [BD 41-237] Bus Interface property AWUSER_WIDTH does not match between /ps8_0_axi_periph/s00_couplers/auto_pc/S_AXI(0) and /zynq_ultra_ps_e_0/M_AXI_HPM0_LPD(16)
WARNING: [BD 41-237] Bus Interface property ARUSER_WIDTH does not match between /ps8_0_axi_periph/s00_couplers/auto_pc/S_AXI(0) and /zynq_ultra_ps_e_0/M_AXI_HPM0_LPD(16)
WARNING: [BD 41-237] Bus Interface property AWUSER_WIDTH does not match between /zynq_ultra_ps_e_0/S_AXI_HP2_FPD(1) and /axi_ic_zynq_ultra_ps_e_0_S_AXI_HP2_FPD/m00_couplers/m00_regslice/M_AXI(0)
WARNING: [BD 41-237] Bus Interface property ARUSER_WIDTH does not match between /zynq_ultra_ps_e_0/S_AXI_HP2_FPD(1) and /axi_ic_zynq_ultra_ps_e_0_S_AXI_HP2_FPD/m00_couplers/m00_regslice/M_AXI(0)
Wrote  : </home/emanuel/workspace/mesh_vo/MultiPlatformDiffRenderer/src/backends/xrt/hls/build/xclbin/_x/link/vivado/vpl/prj/prj.srcs/sources_1/bd/system/system.bd> 
WARNING: [BD 41-2384] Width mismatch when connecting pin: '/axi_ic_zynq_ultra_ps_e_0_S_AXI_HP2_FPD/s00_couplers/s00_regslice/s_axi_arlock'(1) to pin: '/axi_ic_zynq_ultra_ps_e_0_S_AXI_HP2_FPD/s00_couplers/S_AXI_arlock'(2) - Only lower order bits will be connected.
WARNING: [BD 41-2384] Width mismatch when connecting pin: '/axi_ic_zynq_ultra_ps_e_0_S_AXI_HP2_FPD/s01_couplers/s01_regslice/s_axi_arlock'(1) to pin: '/axi_ic_zynq_ultra_ps_e_0_S_AXI_HP2_FPD/s01_couplers/S_AXI_arlock'(2) - Only lower order bits will be connected.
WARNING: [BD 41-2384] Width mismatch when connecting pin: '/axi_ic_zynq_ultra_ps_e_0_S_AXI_HP2_FPD/s02_couplers/s02_regslice/s_axi_arlock'(1) to pin: '/axi_ic_zynq_ultra_ps_e_0_S_AXI_HP2_FPD/s02_couplers/S_AXI_arlock'(2) - Only lower order bits will be connected.
WARNING: [BD 41-2384] Width mismatch when connecting pin: '/axi_ic_zynq_ultra_ps_e_0_S_AXI_HP2_FPD/s03_couplers/s03_regslice/s_axi_arlock'(1) to pin: '/axi_ic_zynq_ultra_ps_e_0_S_AXI_HP2_FPD/s03_couplers/S_AXI_arlock'(2) - Only lower order bits will be connected.
WARNING: [BD 41-2384] Width mismatch when connecting pin: '/axi_ic_zynq_ultra_ps_e_0_S_AXI_HP2_FPD/s04_couplers/s04_regslice/s_axi_arlock'(1) to pin: '/axi_ic_zynq_ultra_ps_e_0_S_AXI_HP2_FPD/s04_couplers/S_AXI_arlock'(2) - Only lower order bits will be connected.
WARNING: [BD 41-2384] Width mismatch when connecting pin: '/axi_ic_zynq_ultra_ps_e_0_S_AXI_HP2_FPD/s05_couplers/s05_regslice/s_axi_awlock'(1) to pin: '/axi_ic_zynq_ultra_ps_e_0_S_AXI_HP2_FPD/s05_couplers/S_AXI_awlock'(2) - Only lower order bits will be connected.
WARNING: [BD 41-2384] Width mismatch when connecting pin: '/axi_ic_zynq_ultra_ps_e_0_S_AXI_HP2_FPD/m00_couplers/m00_regslice/m_axi_rid'(3) to pin: '/axi_ic_zynq_ultra_ps_e_0_S_AXI_HP2_FPD/m00_couplers/M_AXI_rid'(6) - Only lower order bits will be connected.
WARNING: [BD 41-2384] Width mismatch when connecting pin: '/axi_ic_zynq_ultra_ps_e_0_S_AXI_HP2_FPD/m00_couplers/m00_regslice/m_axi_bid'(3) to pin: '/axi_ic_zynq_ultra_ps_e_0_S_AXI_HP2_FPD/m00_couplers/M_AXI_bid'(6) - Only lower order bits will be connected.
WARNING: [BD 41-2384] Width mismatch when connecting pin: '/zynq_ultra_ps_e_0/saxigp4_awid'(6) to pin: '/axi_ic_zynq_ultra_ps_e_0_S_AXI_HP2_FPD/M00_AXI_awid'(3) - Only lower order bits will be connected.
WARNING: [BD 41-2384] Width mismatch when connecting pin: '/zynq_ultra_ps_e_0/saxigp4_arid'(6) to pin: '/axi_ic_zynq_ultra_ps_e_0_S_AXI_HP2_FPD/M00_AXI_arid'(3) - Only lower order bits will be connected.
Verilog Output written to : /home/emanuel/workspace/mesh_vo/MultiPlatformDiffRenderer/src/backends/xrt/hls/build/xclbin/_x/link/vivado/vpl/prj/prj.gen/sources_1/bd/system/synth/system.v
WARNING: [BD 41-2384] Width mismatch when connecting pin: '/axi_ic_zynq_ultra_ps_e_0_S_AXI_HP2_FPD/s00_couplers/s00_regslice/s_axi_arlock'(1) to pin: '/axi_ic_zynq_ultra_ps_e_0_S_AXI_HP2_FPD/s00_couplers/S_AXI_arlock'(2) - Only lower order bits will be connected.
WARNING: [BD 41-2384] Width mismatch when connecting pin: '/axi_ic_zynq_ultra_ps_e_0_S_AXI_HP2_FPD/s01_couplers/s01_regslice/s_axi_arlock'(1) to pin: '/axi_ic_zynq_ultra_ps_e_0_S_AXI_HP2_FPD/s01_couplers/S_AXI_arlock'(2) - Only lower order bits will be connected.
WARNING: [BD 41-2384] Width mismatch when connecting pin: '/axi_ic_zynq_ultra_ps_e_0_S_AXI_HP2_FPD/s02_couplers/s02_regslice/s_axi_arlock'(1) to pin: '/axi_ic_zynq_ultra_ps_e_0_S_AXI_HP2_FPD/s02_couplers/S_AXI_arlock'(2) - Only lower order bits will be connected.
WARNING: [BD 41-2384] Width mismatch when connecting pin: '/axi_ic_zynq_ultra_ps_e_0_S_AXI_HP2_FPD/s03_couplers/s03_regslice/s_axi_arlock'(1) to pin: '/axi_ic_zynq_ultra_ps_e_0_S_AXI_HP2_FPD/s03_couplers/S_AXI_arlock'(2) - Only lower order bits will be connected.
WARNING: [BD 41-2384] Width mismatch when connecting pin: '/axi_ic_zynq_ultra_ps_e_0_S_AXI_HP2_FPD/s04_couplers/s04_regslice/s_axi_arlock'(1) to pin: '/axi_ic_zynq_ultra_ps_e_0_S_AXI_HP2_FPD/s04_couplers/S_AXI_arlock'(2) - Only lower order bits will be connected.
WARNING: [BD 41-2384] Width mismatch when connecting pin: '/axi_ic_zynq_ultra_ps_e_0_S_AXI_HP2_FPD/s05_couplers/s05_regslice/s_axi_awlock'(1) to pin: '/axi_ic_zynq_ultra_ps_e_0_S_AXI_HP2_FPD/s05_couplers/S_AXI_awlock'(2) - Only lower order bits will be connected.
WARNING: [BD 41-2384] Width mismatch when connecting pin: '/axi_ic_zynq_ultra_ps_e_0_S_AXI_HP2_FPD/m00_couplers/m00_regslice/m_axi_rid'(3) to pin: '/axi_ic_zynq_ultra_ps_e_0_S_AXI_HP2_FPD/m00_couplers/M_AXI_rid'(6) - Only lower order bits will be connected.
WARNING: [BD 41-2384] Width mismatch when connecting pin: '/axi_ic_zynq_ultra_ps_e_0_S_AXI_HP2_FPD/m00_couplers/m00_regslice/m_axi_bid'(3) to pin: '/axi_ic_zynq_ultra_ps_e_0_S_AXI_HP2_FPD/m00_couplers/M_AXI_bid'(6) - Only lower order bits will be connected.
WARNING: [BD 41-2384] Width mismatch when connecting pin: '/zynq_ultra_ps_e_0/saxigp4_awid'(6) to pin: '/axi_ic_zynq_ultra_ps_e_0_S_AXI_HP2_FPD/M00_AXI_awid'(3) - Only lower order bits will be connected.
WARNING: [BD 41-2384] Width mismatch when connecting pin: '/zynq_ultra_ps_e_0/saxigp4_arid'(6) to pin: '/axi_ic_zynq_ultra_ps_e_0_S_AXI_HP2_FPD/M00_AXI_arid'(3) - Only lower order bits will be connected.
Verilog Output written to : /home/emanuel/workspace/mesh_vo/MultiPlatformDiffRenderer/src/backends/xrt/hls/build/xclbin/_x/link/vivado/vpl/prj/prj.gen/sources_1/bd/system/sim/system.v
Verilog Output written to : /home/emanuel/workspace/mesh_vo/MultiPlatformDiffRenderer/src/backends/xrt/hls/build/xclbin/_x/link/vivado/vpl/prj/prj.gen/sources_1/bd/system/hdl/system_wrapper.v
INFO: [xilinx.com:ip:zynq_ultra_ps_e:3.5-0] system_zynq_ultra_ps_e_0_0: 
Changes in your design (including the PCW configuration settings) are not automatically exported from Vivado to Amd's SDK, Petalinux or Yocto.
This is by design to avoid disrupting existing embedded development efforts. To have any changes of your design taking effect in the embedded software flow please export your
design by going through Vivado's main menu, click on File, then Export finally select Export Hardware, please ensure you click on the Include BitStream option.
The auto-generated HDF file is all you need to import in Amd's SDK, Petalinux or Yocto for your changes to be reflected in the Embedded Software Flow.
For more information, please consult PG201, section: Exporting PCW Settings to Embedded Software Flows
INFO: [PSU-0] Address Range of DDR (0x7ff00000 to 0x7fffffff) is reserved by PMU for internal purpose.
INFO: [IP_Flow 19-5611] Unable to find an associated reset port for the interface 'M_AXI_HPM0_LPD'. A default connection has been created.
INFO: [IP_Flow 19-5611] Unable to find an associated reset port for the interface 'S_AXI_HP2_FPD'. A default connection has been created.
INFO: [BD 41-1029] Generation completed for the IP Integrator block zynq_ultra_ps_e_0 .
INFO: [BD 41-1029] Generation completed for the IP Integrator block axi_intc_0 .
INFO: [BD 41-1029] Generation completed for the IP Integrator block ImageRenderHLS_1 .
INFO: [BD 41-1029] Generation completed for the IP Integrator block axi_intc_0_intr_1_interrupt_concat .
INFO: [BD 41-1029] Generation completed for the IP Integrator block irq_const_tieoff .
INFO: [BD 41-1029] Generation completed for the IP Integrator block ps8_0_axi_periph/xbar .
WARNING: [IP_Flow 19-4994] Overwriting existing constraint file '/home/emanuel/workspace/mesh_vo/MultiPlatformDiffRenderer/src/backends/xrt/hls/build/xclbin/_x/link/vivado/vpl/prj/prj.gen/sources_1/bd/system/ip/system_ps8_0_axi_periph_imp_auto_pc_0/system_ps8_0_axi_periph_imp_auto_pc_0_ooc.xdc'
INFO: [BD 41-1029] Generation completed for the IP Integrator block ps8_0_axi_periph/s00_couplers/auto_pc .
INFO: [BD 41-1029] Generation completed for the IP Integrator block ps8_0_axi_periph/m01_couplers/m01_regslice .
INFO: [BD 41-1029] Generation completed for the IP Integrator block axi_ic_zynq_ultra_ps_e_0_S_AXI_HP2_FPD/xbar .
INFO: [BD 41-1029] Generation completed for the IP Integrator block axi_ic_zynq_ultra_ps_e_0_S_AXI_HP2_FPD/s00_couplers/s00_regslice .
WARNING: [IP_Flow 19-4994] Overwriting existing constraint file '/home/emanuel/workspace/mesh_vo/MultiPlatformDiffRenderer/src/backends/xrt/hls/build/xclbin/_x/link/vivado/vpl/prj/prj.gen/sources_1/bd/system/ip/system_axi_ic_zynq_ultra_ps_e_0_S_AXI_HP2_FPD_imp_auto_us_df_0/system_axi_ic_zynq_ultra_ps_e_0_S_AXI_HP2_FPD_imp_auto_us_df_0_ooc.xdc'
INFO: [BD 41-1029] Generation completed for the IP Integrator block axi_ic_zynq_ultra_ps_e_0_S_AXI_HP2_FPD/s00_couplers/auto_us_df .
INFO: [BD 41-1029] Generation completed for the IP Integrator block axi_ic_zynq_ultra_ps_e_0_S_AXI_HP2_FPD/s01_couplers/s01_regslice .
WARNING: [IP_Flow 19-4994] Overwriting existing constraint file '/home/emanuel/workspace/mesh_vo/MultiPlatformDiffRenderer/src/backends/xrt/hls/build/xclbin/_x/link/vivado/vpl/prj/prj.gen/sources_1/bd/system/ip/system_axi_ic_zynq_ultra_ps_e_0_S_AXI_HP2_FPD_imp_auto_us_df_1/system_axi_ic_zynq_ultra_ps_e_0_S_AXI_HP2_FPD_imp_auto_us_df_1_ooc.xdc'
INFO: [BD 41-1029] Generation completed for the IP Integrator block axi_ic_zynq_ultra_ps_e_0_S_AXI_HP2_FPD/s01_couplers/auto_us_df .
INFO: [BD 41-1029] Generation completed for the IP Integrator block axi_ic_zynq_ultra_ps_e_0_S_AXI_HP2_FPD/s02_couplers/s02_regslice .
WARNING: [IP_Flow 19-4994] Overwriting existing constraint file '/home/emanuel/workspace/mesh_vo/MultiPlatformDiffRenderer/src/backends/xrt/hls/build/xclbin/_x/link/vivado/vpl/prj/prj.gen/sources_1/bd/system/ip/system_axi_ic_zynq_ultra_ps_e_0_S_AXI_HP2_FPD_imp_auto_us_df_2/system_axi_ic_zynq_ultra_ps_e_0_S_AXI_HP2_FPD_imp_auto_us_df_2_ooc.xdc'
INFO: [BD 41-1029] Generation completed for the IP Integrator block axi_ic_zynq_ultra_ps_e_0_S_AXI_HP2_FPD/s02_couplers/auto_us_df .
INFO: [BD 41-1029] Generation completed for the IP Integrator block axi_ic_zynq_ultra_ps_e_0_S_AXI_HP2_FPD/s03_couplers/s03_regslice .
WARNING: [IP_Flow 19-4994] Overwriting existing constraint file '/home/emanuel/workspace/mesh_vo/MultiPlatformDiffRenderer/src/backends/xrt/hls/build/xclbin/_x/link/vivado/vpl/prj/prj.gen/sources_1/bd/system/ip/system_axi_ic_zynq_ultra_ps_e_0_S_AXI_HP2_FPD_imp_auto_us_df_3/system_axi_ic_zynq_ultra_ps_e_0_S_AXI_HP2_FPD_imp_auto_us_df_3_ooc.xdc'
INFO: [BD 41-1029] Generation completed for the IP Integrator block axi_ic_zynq_ultra_ps_e_0_S_AXI_HP2_FPD/s03_couplers/auto_us_df .
INFO: [BD 41-1029] Generation completed for the IP Integrator block axi_ic_zynq_ultra_ps_e_0_S_AXI_HP2_FPD/s04_couplers/s04_regslice .
WARNING: [IP_Flow 19-4994] Overwriting existing constraint file '/home/emanuel/workspace/mesh_vo/MultiPlatformDiffRenderer/src/backends/xrt/hls/build/xclbin/_x/link/vivado/vpl/prj/prj.gen/sources_1/bd/system/ip/system_axi_ic_zynq_ultra_ps_e_0_S_AXI_HP2_FPD_imp_auto_us_df_4/system_axi_ic_zynq_ultra_ps_e_0_S_AXI_HP2_FPD_imp_auto_us_df_4_ooc.xdc'
INFO: [BD 41-1029] Generation completed for the IP Integrator block axi_ic_zynq_ultra_ps_e_0_S_AXI_HP2_FPD/s04_couplers/auto_us_df .
INFO: [BD 41-1029] Generation completed for the IP Integrator block axi_ic_zynq_ultra_ps_e_0_S_AXI_HP2_FPD/s05_couplers/s05_regslice .
WARNING: [IP_Flow 19-4994] Overwriting existing constraint file '/home/emanuel/workspace/mesh_vo/MultiPlatformDiffRenderer/src/backends/xrt/hls/build/xclbin/_x/link/vivado/vpl/prj/prj.gen/sources_1/bd/system/ip/system_axi_ic_zynq_ultra_ps_e_0_S_AXI_HP2_FPD_imp_auto_us_df_5/system_axi_ic_zynq_ultra_ps_e_0_S_AXI_HP2_FPD_imp_auto_us_df_5_ooc.xdc'
INFO: [BD 41-1029] Generation completed for the IP Integrator block axi_ic_zynq_ultra_ps_e_0_S_AXI_HP2_FPD/s05_couplers/auto_us_df .
WARNING: [IP_Flow 19-4994] Overwriting existing constraint file '/home/emanuel/workspace/mesh_vo/MultiPlatformDiffRenderer/src/backends/xrt/hls/build/xclbin/_x/link/vivado/vpl/prj/prj.gen/sources_1/bd/system/ip/system_axi_ic_zynq_ultra_ps_e_0_S_AXI_HP2_FPD_imp_m00_data_fifo_0/system_axi_ic_zynq_ultra_ps_e_0_S_AXI_HP2_FPD_imp_m00_data_fifo_0_ooc.xdc'
INFO: [BD 41-1029] Generation completed for the IP Integrator block axi_ic_zynq_ultra_ps_e_0_S_AXI_HP2_FPD/m00_couplers/m00_data_fifo .
INFO: [BD 41-1029] Generation completed for the IP Integrator block axi_ic_zynq_ultra_ps_e_0_S_AXI_HP2_FPD/m00_couplers/m00_regslice .
Exporting to file /home/emanuel/workspace/mesh_vo/MultiPlatformDiffRenderer/src/backends/xrt/hls/build/xclbin/_x/link/vivado/vpl/prj/prj.gen/sources_1/bd/system/hw_handoff/system.hwh
Generated Hardware Definition File /home/emanuel/workspace/mesh_vo/MultiPlatformDiffRenderer/src/backends/xrt/hls/build/xclbin/_x/link/vivado/vpl/prj/prj.gen/sources_1/bd/system/synth/system.hwdef
generate_target: Time (s): cpu = 00:00:26 ; elapsed = 00:00:27 . Memory (MB): peak = 1723.414 ; gain = 95.750 ; free physical = 9494 ; free virtual = 18220
INFO: [OCL_UTIL] internal step: write_hwdef -force -file /home/emanuel/workspace/mesh_vo/MultiPlatformDiffRenderer/src/backends/xrt/hls/build/xclbin/_x/link/int/system.hdf
WARNING: [Common 17-210] 'write_hwdef' is deprecated.
WARNING: [Vivado_Tcl 4-1264] 'write_hwdef' with HDF extension is deprecated, please use 'write_hw_platform'
INFO: [OCL_UTIL] internal step: writing user synth clock constraints in /home/emanuel/workspace/mesh_vo/MultiPlatformDiffRenderer/src/backends/xrt/hls/build/xclbin/_x/link/vivado/vpl/output/system_ooc_copy.xdc
INFO: [OCL_UTIL] internal step: add_files /home/emanuel/workspace/mesh_vo/MultiPlatformDiffRenderer/src/backends/xrt/hls/build/xclbin/_x/link/vivado/vpl/output/system_ooc_copy.xdc -fileset [current_fileset -constrset]
INFO: [OCL_UTIL] set_property used_in synthesis implementation out_of_context /home/emanuel/workspace/mesh_vo/MultiPlatformDiffRenderer/src/backends/xrt/hls/build/xclbin/_x/link/vivado/vpl/output/system_ooc_copy.xdc
INFO: [OCL_UTIL] set_property processing_order early /home/emanuel/workspace/mesh_vo/MultiPlatformDiffRenderer/src/backends/xrt/hls/build/xclbin/_x/link/vivado/vpl/output/system_ooc_copy.xdc
INFO: [OCL_UTIL] internal step: collect clock information and write automation summary report
[12:32:46] Run vpl: Step generate_target: Completed
[12:32:46] Run vpl: Step config_hw_runs: Started
INFO: [OCL_UTIL] current step: vpl.config_hw_runs
INFO: [OCL_UTIL] internal step: creating vpl tcl hooks for implementation run
INFO: [OCL_UTIL] internal step: source scripts/_vivado_report_commands.tcl
INFO: [Project 1-957] Report "impl_1_place_report_utilization_0" was used in following dashboard(s) and has been removed.
default_dashboard.
INFO: [Project 1-957] Report "impl_1_route_report_drc_0" was used in following dashboard(s) and has been removed.
default_dashboard.
INFO: [Project 1-957] Report "impl_1_route_report_methodology_0" was used in following dashboard(s) and has been removed.
default_dashboard.
INFO: [Project 1-957] Report "impl_1_route_report_power_0" was used in following dashboard(s) and has been removed.
default_dashboard.
INFO: [Project 1-957] Report "impl_1_route_report_timing_summary_0" was used in following dashboard(s) and has been removed.
default_dashboard.
INFO: [Project 1-957] Report "synth_1_synth_report_utilization_0" was used in following dashboard(s) and has been removed.
default_dashboard.
INFO: [OCL_UTIL] internal step: create_report_config -report_name impl_report_timing_summary_route_design_summary -report_type report_timing_summary -steps {route_design} -runs {impl_1} -options {-max_paths 10}
INFO: [OCL_UTIL] internal step: create_report_config -report_name impl_report_timing_summary_post_route_phys_opt_design_summary -report_type report_timing_summary -steps {post_route_phys_opt_design} -runs {impl_1} -options {-max_paths 10}
INFO: [OCL_UTIL] internal step: source scripts/_vivado_synth_props.tcl
INFO: [IP_Flow 19-6930] IPCACHE: runCacheChecks() number of threads = 8
INFO: [IP_Flow 19-6921] IPCACHE: Adding cache check func to thread queue for IP system_ImageRenderHLS_1_0
INFO: [IP_Flow 19-6921] IPCACHE: Adding cache check func to thread queue for IP system_axi_ic_zynq_ultra_ps_e_0_S_AXI_HP2_FPD_imp_auto_us_df_0
INFO: [IP_Flow 19-6921] IPCACHE: Adding cache check func to thread queue for IP system_axi_ic_zynq_ultra_ps_e_0_S_AXI_HP2_FPD_imp_auto_us_df_1
INFO: [IP_Flow 19-6921] IPCACHE: Adding cache check func to thread queue for IP system_axi_ic_zynq_ultra_ps_e_0_S_AXI_HP2_FPD_imp_auto_us_df_2
INFO: [IP_Flow 19-6921] IPCACHE: Adding cache check func to thread queue for IP system_axi_ic_zynq_ultra_ps_e_0_S_AXI_HP2_FPD_imp_auto_us_df_3
INFO: [IP_Flow 19-6921] IPCACHE: Adding cache check func to thread queue for IP system_axi_ic_zynq_ultra_ps_e_0_S_AXI_HP2_FPD_imp_auto_us_df_4
INFO: [IP_Flow 19-6921] IPCACHE: Adding cache check func to thread queue for IP system_axi_ic_zynq_ultra_ps_e_0_S_AXI_HP2_FPD_imp_auto_us_df_5
INFO: [IP_Flow 19-6921] IPCACHE: Adding cache check func to thread queue for IP system_axi_ic_zynq_ultra_ps_e_0_S_AXI_HP2_FPD_imp_m00_data_fifo_0
INFO: [IP_Flow 19-6921] IPCACHE: Adding cache check func to thread queue for IP system_axi_ic_zynq_ultra_ps_e_0_S_AXI_HP2_FPD_imp_m00_regslice_0
INFO: [IP_Flow 19-6921] IPCACHE: Adding cache check func to thread queue for IP system_axi_ic_zynq_ultra_ps_e_0_S_AXI_HP2_FPD_imp_s00_regslice_0
INFO: [IP_Flow 19-6921] IPCACHE: Adding cache check func to thread queue for IP system_axi_ic_zynq_ultra_ps_e_0_S_AXI_HP2_FPD_imp_s01_regslice_0
INFO: [IP_Flow 19-6921] IPCACHE: Adding cache check func to thread queue for IP system_axi_ic_zynq_ultra_ps_e_0_S_AXI_HP2_FPD_imp_s02_regslice_0
INFO: [IP_Flow 19-6921] IPCACHE: Adding cache check func to thread queue for IP system_axi_ic_zynq_ultra_ps_e_0_S_AXI_HP2_FPD_imp_s03_regslice_0
INFO: [IP_Flow 19-6921] IPCACHE: Adding cache check func to thread queue for IP system_axi_ic_zynq_ultra_ps_e_0_S_AXI_HP2_FPD_imp_s04_regslice_0
INFO: [IP_Flow 19-6921] IPCACHE: Adding cache check func to thread queue for IP system_axi_ic_zynq_ultra_ps_e_0_S_AXI_HP2_FPD_imp_s05_regslice_0
INFO: [IP_Flow 19-6921] IPCACHE: Adding cache check func to thread queue for IP system_axi_ic_zynq_ultra_ps_e_0_S_AXI_HP2_FPD_upgraded_ipi_imp_xbar_0
INFO: [IP_Flow 19-6921] IPCACHE: Adding cache check func to thread queue for IP system_axi_intc_0_0
INFO: [IP_Flow 19-6921] IPCACHE: Adding cache check func to thread queue for IP system_clk_wiz_0_0
INFO: [IP_Flow 19-6921] IPCACHE: Adding cache check func to thread queue for IP system_proc_sys_reset_1_0
INFO: [IP_Flow 19-6921] IPCACHE: Adding cache check func to thread queue for IP system_proc_sys_reset_2_0
INFO: [IP_Flow 19-6921] IPCACHE: Adding cache check func to thread queue for IP system_proc_sys_reset_3_0
INFO: [IP_Flow 19-6921] IPCACHE: Adding cache check func to thread queue for IP system_ps8_0_axi_periph_imp_auto_pc_0
INFO: [IP_Flow 19-6921] IPCACHE: Adding cache check func to thread queue for IP system_ps8_0_axi_periph_imp_m01_regslice_0
INFO: [IP_Flow 19-6921] IPCACHE: Adding cache check func to thread queue for IP system_ps8_0_axi_periph_upgraded_ipi_imp_xbar_0
INFO: [IP_Flow 19-6921] IPCACHE: Adding cache check func to thread queue for IP system_zynq_ultra_ps_e_0_0
INFO: [IP_Flow 19-8020] IPCACHE: runCacheChecks() calling threadPool finishWork()
INFO: [IP_Flow 19-6924] IPCACHE: Running cache check for IP inst: system_ImageRenderHLS_1_0
INFO: [IP_Flow 19-6924] IPCACHE: Running cache check for IP inst: system_axi_ic_zynq_ultra_ps_e_0_S_AXI_HP2_FPD_upgraded_ipi_imp_xbar_0
INFO: [IP_Flow 19-6924] IPCACHE: Running cache check for IP inst: system_axi_ic_zynq_ultra_ps_e_0_S_AXI_HP2_FPD_imp_auto_us_df_0
INFO: [IP_Flow 19-6924] IPCACHE: Running cache check for IP inst: system_axi_intc_0_0
INFO: [IP_Flow 19-6924] IPCACHE: Running cache check for IP inst: system_proc_sys_reset_2_0
INFO: [IP_Flow 19-6924] IPCACHE: Running cache check for IP inst: system_proc_sys_reset_3_0
INFO: [IP_Flow 19-6924] IPCACHE: Running cache check for IP inst: system_ps8_0_axi_periph_upgraded_ipi_imp_xbar_0
INFO: [IP_Flow 19-6924] IPCACHE: Running cache check for IP inst: system_axi_ic_zynq_ultra_ps_e_0_S_AXI_HP2_FPD_imp_auto_us_df_1
INFO: [IP_Flow 19-6924] IPCACHE: Running cache check for IP inst: system_proc_sys_reset_1_0
INFO: [IP_Flow 19-6924] IPCACHE: Running cache check for IP inst: system_ps8_0_axi_periph_imp_auto_pc_0
INFO: [IP_Flow 19-6924] IPCACHE: Running cache check for IP inst: system_zynq_ultra_ps_e_0_0
INFO: [IP_Flow 19-6924] IPCACHE: Running cache check for IP inst: system_axi_ic_zynq_ultra_ps_e_0_S_AXI_HP2_FPD_imp_auto_us_df_2
INFO: [IP_Flow 19-6924] IPCACHE: Running cache check for IP inst: system_clk_wiz_0_0
INFO: [IP_Flow 19-6924] IPCACHE: Running cache check for IP inst: system_ps8_0_axi_periph_imp_m01_regslice_0
INFO: [IP_Flow 19-6924] IPCACHE: Running cache check for IP inst: system_axi_ic_zynq_ultra_ps_e_0_S_AXI_HP2_FPD_imp_auto_us_df_3
INFO: [IP_Flow 19-6924] IPCACHE: Running cache check for IP inst: system_axi_ic_zynq_ultra_ps_e_0_S_AXI_HP2_FPD_imp_auto_us_df_5
INFO: [IP_Flow 19-6924] IPCACHE: Running cache check for IP inst: system_axi_ic_zynq_ultra_ps_e_0_S_AXI_HP2_FPD_imp_auto_us_df_4
INFO: [IP_Flow 19-6924] IPCACHE: Running cache check for IP inst: system_axi_ic_zynq_ultra_ps_e_0_S_AXI_HP2_FPD_imp_m00_data_fifo_0
INFO: [IP_Flow 19-6924] IPCACHE: Running cache check for IP inst: system_axi_ic_zynq_ultra_ps_e_0_S_AXI_HP2_FPD_imp_m00_regslice_0
INFO: [IP_Flow 19-6924] IPCACHE: Running cache check for IP inst: system_axi_ic_zynq_ultra_ps_e_0_S_AXI_HP2_FPD_imp_s00_regslice_0
INFO: [IP_Flow 19-6924] IPCACHE: Running cache check for IP inst: system_axi_ic_zynq_ultra_ps_e_0_S_AXI_HP2_FPD_imp_s01_regslice_0
INFO: [IP_Flow 19-6924] IPCACHE: Running cache check for IP inst: system_axi_ic_zynq_ultra_ps_e_0_S_AXI_HP2_FPD_imp_s02_regslice_0
INFO: [IP_Flow 19-6924] IPCACHE: Running cache check for IP inst: system_axi_ic_zynq_ultra_ps_e_0_S_AXI_HP2_FPD_imp_s03_regslice_0
INFO: [IP_Flow 19-6924] IPCACHE: Running cache check for IP inst: system_axi_ic_zynq_ultra_ps_e_0_S_AXI_HP2_FPD_imp_s04_regslice_0
INFO: [IP_Flow 19-6924] IPCACHE: Running cache check for IP inst: system_axi_ic_zynq_ultra_ps_e_0_S_AXI_HP2_FPD_imp_s05_regslice_0
WARNING: [Vivado 12-7122] Auto Incremental Compile:: No reference checkpoint was found in run synth_1. Auto-incremental flow will not be run, the standard flow will be run instead.
INFO: [OCL_UTIL] set_property GEN_FULL_BITSTREAM 0 [get_runs impl_1]
INFO: [OCL_UTIL] internal step: source scripts/_vivado_impl_props.tcl
[12:32:48] Run vpl: Step config_hw_runs: Completed
[12:32:48] Run vpl: Step synth: Started
INFO: [OCL_UTIL] current step: vpl.synth
INFO: [OCL_UTIL] parameter general.maxThreads has value 8, set it to 1 for synthesis runs to reduce cpu and memory usage
INFO: [OCL_UTIL] internal step: launch_runs synth_1 -jobs 4  
INFO: [IP_Flow 19-6924] IPCACHE: Running cache check for IP inst: system_ImageRenderHLS_1_0
INFO: [IP_Flow 19-6930] IPCACHE: runCacheChecks() number of threads = 8
INFO: [IP_Flow 19-6921] IPCACHE: Adding cache check func to thread queue for IP system_axi_ic_zynq_ultra_ps_e_0_S_AXI_HP2_FPD_imp_auto_us_df_0
INFO: [IP_Flow 19-6921] IPCACHE: Adding cache check func to thread queue for IP system_axi_ic_zynq_ultra_ps_e_0_S_AXI_HP2_FPD_imp_auto_us_df_1
INFO: [IP_Flow 19-6921] IPCACHE: Adding cache check func to thread queue for IP system_axi_ic_zynq_ultra_ps_e_0_S_AXI_HP2_FPD_imp_auto_us_df_2
INFO: [IP_Flow 19-6921] IPCACHE: Adding cache check func to thread queue for IP system_axi_ic_zynq_ultra_ps_e_0_S_AXI_HP2_FPD_imp_auto_us_df_3
INFO: [IP_Flow 19-6921] IPCACHE: Adding cache check func to thread queue for IP system_axi_ic_zynq_ultra_ps_e_0_S_AXI_HP2_FPD_imp_auto_us_df_4
INFO: [IP_Flow 19-6921] IPCACHE: Adding cache check func to thread queue for IP system_axi_ic_zynq_ultra_ps_e_0_S_AXI_HP2_FPD_imp_auto_us_df_5
INFO: [IP_Flow 19-6921] IPCACHE: Adding cache check func to thread queue for IP system_axi_ic_zynq_ultra_ps_e_0_S_AXI_HP2_FPD_imp_m00_data_fifo_0
INFO: [IP_Flow 19-6921] IPCACHE: Adding cache check func to thread queue for IP system_axi_ic_zynq_ultra_ps_e_0_S_AXI_HP2_FPD_imp_m00_regslice_0
INFO: [IP_Flow 19-6921] IPCACHE: Adding cache check func to thread queue for IP system_axi_ic_zynq_ultra_ps_e_0_S_AXI_HP2_FPD_imp_s00_regslice_0
INFO: [IP_Flow 19-6921] IPCACHE: Adding cache check func to thread queue for IP system_axi_ic_zynq_ultra_ps_e_0_S_AXI_HP2_FPD_imp_s01_regslice_0
INFO: [IP_Flow 19-6921] IPCACHE: Adding cache check func to thread queue for IP system_axi_ic_zynq_ultra_ps_e_0_S_AXI_HP2_FPD_imp_s02_regslice_0
INFO: [IP_Flow 19-6921] IPCACHE: Adding cache check func to thread queue for IP system_axi_ic_zynq_ultra_ps_e_0_S_AXI_HP2_FPD_imp_s03_regslice_0
INFO: [IP_Flow 19-6921] IPCACHE: Adding cache check func to thread queue for IP system_axi_ic_zynq_ultra_ps_e_0_S_AXI_HP2_FPD_imp_s04_regslice_0
INFO: [IP_Flow 19-6921] IPCACHE: Adding cache check func to thread queue for IP system_axi_ic_zynq_ultra_ps_e_0_S_AXI_HP2_FPD_imp_s05_regslice_0
INFO: [IP_Flow 19-6921] IPCACHE: Adding cache check func to thread queue for IP system_axi_ic_zynq_ultra_ps_e_0_S_AXI_HP2_FPD_upgraded_ipi_imp_xbar_0
INFO: [IP_Flow 19-6921] IPCACHE: Adding cache check func to thread queue for IP system_axi_intc_0_0
INFO: [IP_Flow 19-6921] IPCACHE: Adding cache check func to thread queue for IP system_clk_wiz_0_0
INFO: [IP_Flow 19-6921] IPCACHE: Adding cache check func to thread queue for IP system_proc_sys_reset_1_0
INFO: [IP_Flow 19-6921] IPCACHE: Adding cache check func to thread queue for IP system_proc_sys_reset_2_0
INFO: [IP_Flow 19-6921] IPCACHE: Adding cache check func to thread queue for IP system_proc_sys_reset_3_0
INFO: [IP_Flow 19-6921] IPCACHE: Adding cache check func to thread queue for IP system_ps8_0_axi_periph_imp_auto_pc_0
INFO: [IP_Flow 19-6921] IPCACHE: Adding cache check func to thread queue for IP system_ps8_0_axi_periph_imp_m01_regslice_0
INFO: [IP_Flow 19-6921] IPCACHE: Adding cache check func to thread queue for IP system_ps8_0_axi_periph_upgraded_ipi_imp_xbar_0
INFO: [IP_Flow 19-6921] IPCACHE: Adding cache check func to thread queue for IP system_zynq_ultra_ps_e_0_0
INFO: [IP_Flow 19-8020] IPCACHE: runCacheChecks() calling threadPool finishWork()
INFO: [IP_Flow 19-6924] IPCACHE: Running cache check for IP inst: system_axi_ic_zynq_ultra_ps_e_0_S_AXI_HP2_FPD_imp_auto_us_df_0
INFO: [IP_Flow 19-6924] IPCACHE: Running cache check for IP inst: system_axi_ic_zynq_ultra_ps_e_0_S_AXI_HP2_FPD_imp_auto_us_df_3
INFO: [IP_Flow 19-6924] IPCACHE: Running cache check for IP inst: system_proc_sys_reset_2_0
INFO: [IP_Flow 19-6924] IPCACHE: Running cache check for IP inst: system_ps8_0_axi_periph_imp_m01_regslice_0
INFO: [IP_Flow 19-6924] IPCACHE: Running cache check for IP inst: system_axi_ic_zynq_ultra_ps_e_0_S_AXI_HP2_FPD_imp_auto_us_df_1
INFO: [IP_Flow 19-6924] IPCACHE: Running cache check for IP inst: system_axi_ic_zynq_ultra_ps_e_0_S_AXI_HP2_FPD_upgraded_ipi_imp_xbar_0
INFO: [IP_Flow 19-6924] IPCACHE: Running cache check for IP inst: system_axi_ic_zynq_ultra_ps_e_0_S_AXI_HP2_FPD_imp_auto_us_df_2
INFO: [IP_Flow 19-6924] IPCACHE: Running cache check for IP inst: system_clk_wiz_0_0
INFO: [IP_Flow 19-6924] IPCACHE: Running cache check for IP inst: system_zynq_ultra_ps_e_0_0
INFO: [IP_Flow 19-6924] IPCACHE: Running cache check for IP inst: system_axi_intc_0_0
INFO: [IP_Flow 19-6924] IPCACHE: Running cache check for IP inst: system_proc_sys_reset_1_0
INFO: [IP_Flow 19-6924] IPCACHE: Running cache check for IP inst: system_proc_sys_reset_3_0
INFO: [IP_Flow 19-6924] IPCACHE: Running cache check for IP inst: system_ps8_0_axi_periph_upgraded_ipi_imp_xbar_0
INFO: [IP_Flow 19-6924] IPCACHE: Running cache check for IP inst: system_axi_ic_zynq_ultra_ps_e_0_S_AXI_HP2_FPD_imp_auto_us_df_4
INFO: [IP_Flow 19-6924] IPCACHE: Running cache check for IP inst: system_ps8_0_axi_periph_imp_auto_pc_0
INFO: [IP_Flow 19-6924] IPCACHE: Running cache check for IP inst: system_axi_ic_zynq_ultra_ps_e_0_S_AXI_HP2_FPD_imp_auto_us_df_5
INFO: [IP_Flow 19-6924] IPCACHE: Running cache check for IP inst: system_axi_ic_zynq_ultra_ps_e_0_S_AXI_HP2_FPD_imp_m00_data_fifo_0
INFO: [IP_Flow 19-6924] IPCACHE: Running cache check for IP inst: system_axi_ic_zynq_ultra_ps_e_0_S_AXI_HP2_FPD_imp_m00_regslice_0
INFO: [IP_Flow 19-6924] IPCACHE: Running cache check for IP inst: system_axi_ic_zynq_ultra_ps_e_0_S_AXI_HP2_FPD_imp_s01_regslice_0
INFO: [IP_Flow 19-6924] IPCACHE: Running cache check for IP inst: system_axi_ic_zynq_ultra_ps_e_0_S_AXI_HP2_FPD_imp_s00_regslice_0
INFO: [IP_Flow 19-6924] IPCACHE: Running cache check for IP inst: system_axi_ic_zynq_ultra_ps_e_0_S_AXI_HP2_FPD_imp_s02_regslice_0
INFO: [IP_Flow 19-6924] IPCACHE: Running cache check for IP inst: system_axi_ic_zynq_ultra_ps_e_0_S_AXI_HP2_FPD_imp_s03_regslice_0
INFO: [IP_Flow 19-6924] IPCACHE: Running cache check for IP inst: system_axi_ic_zynq_ultra_ps_e_0_S_AXI_HP2_FPD_imp_s04_regslice_0
INFO: [IP_Flow 19-6924] IPCACHE: Running cache check for IP inst: system_axi_ic_zynq_ultra_ps_e_0_S_AXI_HP2_FPD_imp_s05_regslice_0
WARNING: [Vivado 12-7122] Auto Incremental Compile:: No reference checkpoint was found in run synth_1. Auto-incremental flow will not be run, the standard flow will be run instead.
[Thu Jan 22 12:32:49 2026] Launched system_zynq_ultra_ps_e_0_0_synth_1, system_clk_wiz_0_0_synth_1, system_proc_sys_reset_1_0_synth_1, system_proc_sys_reset_2_0_synth_1, system_proc_sys_reset_3_0_synth_1, system_axi_intc_0_0_synth_1, system_axi_ic_zynq_ultra_ps_e_0_S_AXI_HP2_FPD_imp_s00_regslice_0_synth_1, system_axi_ic_zynq_ultra_ps_e_0_S_AXI_HP2_FPD_imp_s01_regslice_0_synth_1, system_axi_ic_zynq_ultra_ps_e_0_S_AXI_HP2_FPD_imp_m00_data_fifo_0_synth_1, system_axi_ic_zynq_ultra_ps_e_0_S_AXI_HP2_FPD_imp_s04_regslice_0_synth_1, system_ps8_0_axi_periph_upgraded_ipi_imp_xbar_0_synth_1, system_axi_ic_zynq_ultra_ps_e_0_S_AXI_HP2_FPD_imp_s03_regslice_0_synth_1, system_axi_ic_zynq_ultra_ps_e_0_S_AXI_HP2_FPD_imp_s02_regslice_0_synth_1, system_ImageRenderHLS_1_0_synth_1, system_axi_ic_zynq_ultra_ps_e_0_S_AXI_HP2_FPD_imp_auto_us_df_3_synth_1, system_ps8_0_axi_periph_imp_auto_pc_0_synth_1, system_axi_ic_zynq_ultra_ps_e_0_S_AXI_HP2_FPD_imp_auto_us_df_5_synth_1, system_axi_ic_zynq_ultra_ps_e_0_S_AXI_HP2_FPD_imp_auto_us_df_4_synth_1, system_axi_ic_zynq_ultra_ps_e_0_S_AXI_HP2_FPD_imp_m00_regslice_0_synth_1, system_axi_ic_zynq_ultra_ps_e_0_S_AXI_HP2_FPD_imp_s05_regslice_0_synth_1, system_axi_ic_zynq_ultra_ps_e_0_S_AXI_HP2_FPD_imp_auto_us_df_2_synth_1, system_ps8_0_axi_periph_imp_m01_regslice_0_synth_1, system_axi_ic_zynq_ultra_ps_e_0_S_AXI_HP2_FPD_upgraded_ipi_imp_xbar_0_synth_1, system_axi_ic_zynq_ultra_ps_e_0_S_AXI_HP2_FPD_imp_auto_us_df_1_synth_1, system_axi_ic_zynq_ultra_ps_e_0_S_AXI_HP2_FPD_imp_auto_us_df_0_synth_1...
Run output will be captured here:
system_zynq_ultra_ps_e_0_0_synth_1: /home/emanuel/workspace/mesh_vo/MultiPlatformDiffRenderer/src/backends/xrt/hls/build/xclbin/_x/link/vivado/vpl/prj/prj.runs/system_zynq_ultra_ps_e_0_0_synth_1/runme.log
system_clk_wiz_0_0_synth_1: /home/emanuel/workspace/mesh_vo/MultiPlatformDiffRenderer/src/backends/xrt/hls/build/xclbin/_x/link/vivado/vpl/prj/prj.runs/system_clk_wiz_0_0_synth_1/runme.log
system_proc_sys_reset_1_0_synth_1: /home/emanuel/workspace/mesh_vo/MultiPlatformDiffRenderer/src/backends/xrt/hls/build/xclbin/_x/link/vivado/vpl/prj/prj.runs/system_proc_sys_reset_1_0_synth_1/runme.log
system_proc_sys_reset_2_0_synth_1: /home/emanuel/workspace/mesh_vo/MultiPlatformDiffRenderer/src/backends/xrt/hls/build/xclbin/_x/link/vivado/vpl/prj/prj.runs/system_proc_sys_reset_2_0_synth_1/runme.log
system_proc_sys_reset_3_0_synth_1: /home/emanuel/workspace/mesh_vo/MultiPlatformDiffRenderer/src/backends/xrt/hls/build/xclbin/_x/link/vivado/vpl/prj/prj.runs/system_proc_sys_reset_3_0_synth_1/runme.log
system_axi_intc_0_0_synth_1: /home/emanuel/workspace/mesh_vo/MultiPlatformDiffRenderer/src/backends/xrt/hls/build/xclbin/_x/link/vivado/vpl/prj/prj.runs/system_axi_intc_0_0_synth_1/runme.log
system_axi_ic_zynq_ultra_ps_e_0_S_AXI_HP2_FPD_imp_s00_regslice_0_synth_1: /home/emanuel/workspace/mesh_vo/MultiPlatformDiffRenderer/src/backends/xrt/hls/build/xclbin/_x/link/vivado/vpl/prj/prj.runs/system_axi_ic_zynq_ultra_ps_e_0_S_AXI_HP2_FPD_imp_s00_regslice_0_synth_1/runme.log
system_axi_ic_zynq_ultra_ps_e_0_S_AXI_HP2_FPD_imp_s01_regslice_0_synth_1: /home/emanuel/workspace/mesh_vo/MultiPlatformDiffRenderer/src/backends/xrt/hls/build/xclbin/_x/link/vivado/vpl/prj/prj.runs/system_axi_ic_zynq_ultra_ps_e_0_S_AXI_HP2_FPD_imp_s01_regslice_0_synth_1/runme.log
system_axi_ic_zynq_ultra_ps_e_0_S_AXI_HP2_FPD_imp_m00_data_fifo_0_synth_1: /home/emanuel/workspace/mesh_vo/MultiPlatformDiffRenderer/src/backends/xrt/hls/build/xclbin/_x/link/vivado/vpl/prj/prj.runs/system_axi_ic_zynq_ultra_ps_e_0_S_AXI_HP2_FPD_imp_m00_data_fifo_0_synth_1/runme.log
system_axi_ic_zynq_ultra_ps_e_0_S_AXI_HP2_FPD_imp_s04_regslice_0_synth_1: /home/emanuel/workspace/mesh_vo/MultiPlatformDiffRenderer/src/backends/xrt/hls/build/xclbin/_x/link/vivado/vpl/prj/prj.runs/system_axi_ic_zynq_ultra_ps_e_0_S_AXI_HP2_FPD_imp_s04_regslice_0_synth_1/runme.log
system_ps8_0_axi_periph_upgraded_ipi_imp_xbar_0_synth_1: /home/emanuel/workspace/mesh_vo/MultiPlatformDiffRenderer/src/backends/xrt/hls/build/xclbin/_x/link/vivado/vpl/prj/prj.runs/system_ps8_0_axi_periph_upgraded_ipi_imp_xbar_0_synth_1/runme.log
system_axi_ic_zynq_ultra_ps_e_0_S_AXI_HP2_FPD_imp_s03_regslice_0_synth_1: /home/emanuel/workspace/mesh_vo/MultiPlatformDiffRenderer/src/backends/xrt/hls/build/xclbin/_x/link/vivado/vpl/prj/prj.runs/system_axi_ic_zynq_ultra_ps_e_0_S_AXI_HP2_FPD_imp_s03_regslice_0_synth_1/runme.log
system_axi_ic_zynq_ultra_ps_e_0_S_AXI_HP2_FPD_imp_s02_regslice_0_synth_1: /home/emanuel/workspace/mesh_vo/MultiPlatformDiffRenderer/src/backends/xrt/hls/build/xclbin/_x/link/vivado/vpl/prj/prj.runs/system_axi_ic_zynq_ultra_ps_e_0_S_AXI_HP2_FPD_imp_s02_regslice_0_synth_1/runme.log
system_ImageRenderHLS_1_0_synth_1: /home/emanuel/workspace/mesh_vo/MultiPlatformDiffRenderer/src/backends/xrt/hls/build/xclbin/_x/link/vivado/vpl/prj/prj.runs/system_ImageRenderHLS_1_0_synth_1/runme.log
system_axi_ic_zynq_ultra_ps_e_0_S_AXI_HP2_FPD_imp_auto_us_df_3_synth_1: /home/emanuel/workspace/mesh_vo/MultiPlatformDiffRenderer/src/backends/xrt/hls/build/xclbin/_x/link/vivado/vpl/prj/prj.runs/system_axi_ic_zynq_ultra_ps_e_0_S_AXI_HP2_FPD_imp_auto_us_df_3_synth_1/runme.log
system_ps8_0_axi_periph_imp_auto_pc_0_synth_1: /home/emanuel/workspace/mesh_vo/MultiPlatformDiffRenderer/src/backends/xrt/hls/build/xclbin/_x/link/vivado/vpl/prj/prj.runs/system_ps8_0_axi_periph_imp_auto_pc_0_synth_1/runme.log
system_axi_ic_zynq_ultra_ps_e_0_S_AXI_HP2_FPD_imp_auto_us_df_5_synth_1: /home/emanuel/workspace/mesh_vo/MultiPlatformDiffRenderer/src/backends/xrt/hls/build/xclbin/_x/link/vivado/vpl/prj/prj.runs/system_axi_ic_zynq_ultra_ps_e_0_S_AXI_HP2_FPD_imp_auto_us_df_5_synth_1/runme.log
system_axi_ic_zynq_ultra_ps_e_0_S_AXI_HP2_FPD_imp_auto_us_df_4_synth_1: /home/emanuel/workspace/mesh_vo/MultiPlatformDiffRenderer/src/backends/xrt/hls/build/xclbin/_x/link/vivado/vpl/prj/prj.runs/system_axi_ic_zynq_ultra_ps_e_0_S_AXI_HP2_FPD_imp_auto_us_df_4_synth_1/runme.log
system_axi_ic_zynq_ultra_ps_e_0_S_AXI_HP2_FPD_imp_m00_regslice_0_synth_1: /home/emanuel/workspace/mesh_vo/MultiPlatformDiffRenderer/src/backends/xrt/hls/build/xclbin/_x/link/vivado/vpl/prj/prj.runs/system_axi_ic_zynq_ultra_ps_e_0_S_AXI_HP2_FPD_imp_m00_regslice_0_synth_1/runme.log
system_axi_ic_zynq_ultra_ps_e_0_S_AXI_HP2_FPD_imp_s05_regslice_0_synth_1: /home/emanuel/workspace/mesh_vo/MultiPlatformDiffRenderer/src/backends/xrt/hls/build/xclbin/_x/link/vivado/vpl/prj/prj.runs/system_axi_ic_zynq_ultra_ps_e_0_S_AXI_HP2_FPD_imp_s05_regslice_0_synth_1/runme.log
system_axi_ic_zynq_ultra_ps_e_0_S_AXI_HP2_FPD_imp_auto_us_df_2_synth_1: /home/emanuel/workspace/mesh_vo/MultiPlatformDiffRenderer/src/backends/xrt/hls/build/xclbin/_x/link/vivado/vpl/prj/prj.runs/system_axi_ic_zynq_ultra_ps_e_0_S_AXI_HP2_FPD_imp_auto_us_df_2_synth_1/runme.log
system_ps8_0_axi_periph_imp_m01_regslice_0_synth_1: /home/emanuel/workspace/mesh_vo/MultiPlatformDiffRenderer/src/backends/xrt/hls/build/xclbin/_x/link/vivado/vpl/prj/prj.runs/system_ps8_0_axi_periph_imp_m01_regslice_0_synth_1/runme.log
system_axi_ic_zynq_ultra_ps_e_0_S_AXI_HP2_FPD_upgraded_ipi_imp_xbar_0_synth_1: /home/emanuel/workspace/mesh_vo/MultiPlatformDiffRenderer/src/backends/xrt/hls/build/xclbin/_x/link/vivado/vpl/prj/prj.runs/system_axi_ic_zynq_ultra_ps_e_0_S_AXI_HP2_FPD_upgraded_ipi_imp_xbar_0_synth_1/runme.log
system_axi_ic_zynq_ultra_ps_e_0_S_AXI_HP2_FPD_imp_auto_us_df_1_synth_1: /home/emanuel/workspace/mesh_vo/MultiPlatformDiffRenderer/src/backends/xrt/hls/build/xclbin/_x/link/vivado/vpl/prj/prj.runs/system_axi_ic_zynq_ultra_ps_e_0_S_AXI_HP2_FPD_imp_auto_us_df_1_synth_1/runme.log
system_axi_ic_zynq_ultra_ps_e_0_S_AXI_HP2_FPD_imp_auto_us_df_0_synth_1: /home/emanuel/workspace/mesh_vo/MultiPlatformDiffRenderer/src/backends/xrt/hls/build/xclbin/_x/link/vivado/vpl/prj/prj.runs/system_axi_ic_zynq_ultra_ps_e_0_S_AXI_HP2_FPD_imp_auto_us_df_0_synth_1/runme.log
[Thu Jan 22 12:32:49 2026] Launched synth_1...
Run output will be captured here: /home/emanuel/workspace/mesh_vo/MultiPlatformDiffRenderer/src/backends/xrt/hls/build/xclbin/_x/link/vivado/vpl/prj/prj.runs/synth_1/runme.log
[Thu Jan 22 12:32:49 2026] Waiting for synth_1 to finish...

*** Running vivado
    with args -log system_wrapper.vds -m64 -product Vivado -mode batch -messageDb vivado.pb -notrace -source system_wrapper.tcl


****** Vivado v2024.2 (64-bit)
  **** SW Build 5239630 on Fri Nov 08 22:34:34 MST 2024
  **** IP Build 5239520 on Sun Nov 10 16:12:51 MST 2024
  **** SharedData Build 5239561 on Fri Nov 08 14:39:27 MST 2024
  **** Start of session at: Thu Jan 22 12:43:33 2026
    ** Copyright 1986-2022 Xilinx, Inc. All Rights Reserved.
    ** Copyright 2022-2024 Advanced Micro Devices, Inc. All Rights Reserved.

source system_wrapper.tcl -notrace
INFO: Dispatch client connection id - 36697
INFO: [IP_Flow 19-234] Refreshing IP repositories
INFO: [IP_Flow 19-1700] Loaded user IP repository '/home/emanuel/workspace/mesh_vo/MultiPlatformDiffRenderer/src/backends/xrt/hls/build/xclbin/_x/link/int/xo/ip_repo/xilinx_com_hls_ImageRenderHLS_1_0'.
INFO: [IP_Flow 19-1700] Loaded user IP repository '/home/emanuel/workspace/mesh_vo/MultiPlatformDiffRenderer/src/backends/xrt/hls/build/xclbin/_x/link/vivado/vpl/.local/hw_platform/ipcache'.
INFO: [IP_Flow 19-1700] Loaded user IP repository '/tools/Xilinx/Vitis/2024.2/data/ip'.
INFO: [IP_Flow 19-2313] Loaded Vivado IP repository '/tools/Xilinx/Vivado/2024.2/data/ip'.
INFO: [Project 1-5578] Found utility IPs instantiated in block design /home/emanuel/workspace/mesh_vo/MultiPlatformDiffRenderer/src/backends/xrt/hls/build/xclbin/_x/link/vivado/vpl/prj/prj.srcs/sources_1/bd/system/system.bd which have equivalent inline hdl with improved performance and reduced diskspace.
It is recommended to migrate these utility IPs to inline hdl  using the command upgrade_project -migrate_to_inline_hdl.  The utility IPs may be deprecated in future releases.
More information on inline hdl is available in UG994. 
Command: synth_design -top system_wrapper -part xck26-sfvc784-2LV-c
Starting synth_design
Attempting to get a license for feature 'Synthesis' and/or device 'xck26'
INFO: [Common 17-349] Got license for feature 'Synthesis' and/or device 'xck26'
INFO: [Device 21-403] Loading part xck26-sfvc784-2LV-c
INFO: [Synth 8-7079] Multithreading enabled for synth_design using a maximum of 1 processes.
INFO: [Synth 8-7078] Launching helper process for spawning children vivado processes
INFO: [Synth 8-7075] Helper process launched with PID 1011314
---------------------------------------------------------------------------------
Starting RTL Elaboration : Time (s): cpu = 00:00:04 ; elapsed = 00:00:04 . Memory (MB): peak = 2505.359 ; gain = 125.688 ; free physical = 8394 ; free virtual = 16569
---------------------------------------------------------------------------------
INFO: [Synth 8-6157] synthesizing module 'system_wrapper' [/home/emanuel/workspace/mesh_vo/MultiPlatformDiffRenderer/src/backends/xrt/hls/build/xclbin/_x/link/vivado/vpl/prj/prj.gen/sources_1/bd/system/hdl/system_wrapper.v:13]
INFO: [Synth 8-6157] synthesizing module 'system' [/home/emanuel/workspace/mesh_vo/MultiPlatformDiffRenderer/src/backends/xrt/hls/build/xclbin/_x/link/vivado/vpl/prj/prj.gen/sources_1/bd/system/synth/system.v:2265]
INFO: [Synth 8-6157] synthesizing module 'system_ImageRenderHLS_1_0' [/home/emanuel/workspace/mesh_vo/MultiPlatformDiffRenderer/src/backends/xrt/hls/build/xclbin/_x/link/vivado/vpl/prj/prj.runs/synth_1/.Xil/Vivado-1010969-HP-ProBook-445-G7/realtime/system_ImageRenderHLS_1_0_stub.v:6]
INFO: [Synth 8-6155] done synthesizing module 'system_ImageRenderHLS_1_0' (0#1) [/home/emanuel/workspace/mesh_vo/MultiPlatformDiffRenderer/src/backends/xrt/hls/build/xclbin/_x/link/vivado/vpl/prj/prj.runs/synth_1/.Xil/Vivado-1010969-HP-ProBook-445-G7/realtime/system_ImageRenderHLS_1_0_stub.v:6]
WARNING: [Synth 8-7071] port 'm_axi_gmem0_AWADDR' of module 'system_ImageRenderHLS_1_0' is unconnected for instance 'ImageRenderHLS_1' [/home/emanuel/workspace/mesh_vo/MultiPlatformDiffRenderer/src/backends/xrt/hls/build/xclbin/_x/link/vivado/vpl/prj/prj.gen/sources_1/bd/system/synth/system.v:2500]
WARNING: [Synth 8-7071] port 'm_axi_gmem0_AWBURST' of module 'system_ImageRenderHLS_1_0' is unconnected for instance 'ImageRenderHLS_1' [/home/emanuel/workspace/mesh_vo/MultiPlatformDiffRenderer/src/backends/xrt/hls/build/xclbin/_x/link/vivado/vpl/prj/prj.gen/sources_1/bd/system/synth/system.v:2500]
WARNING: [Synth 8-7071] port 'm_axi_gmem0_AWCACHE' of module 'system_ImageRenderHLS_1_0' is unconnected for instance 'ImageRenderHLS_1' [/home/emanuel/workspace/mesh_vo/MultiPlatformDiffRenderer/src/backends/xrt/hls/build/xclbin/_x/link/vivado/vpl/prj/prj.gen/sources_1/bd/system/synth/system.v:2500]
WARNING: [Synth 8-7071] port 'm_axi_gmem0_AWID' of module 'system_ImageRenderHLS_1_0' is unconnected for instance 'ImageRenderHLS_1' [/home/emanuel/workspace/mesh_vo/MultiPlatformDiffRenderer/src/backends/xrt/hls/build/xclbin/_x/link/vivado/vpl/prj/prj.gen/sources_1/bd/system/synth/system.v:2500]
WARNING: [Synth 8-7071] port 'm_axi_gmem0_AWLEN' of module 'system_ImageRenderHLS_1_0' is unconnected for instance 'ImageRenderHLS_1' [/home/emanuel/workspace/mesh_vo/MultiPlatformDiffRenderer/src/backends/xrt/hls/build/xclbin/_x/link/vivado/vpl/prj/prj.gen/sources_1/bd/system/synth/system.v:2500]
WARNING: [Synth 8-7071] port 'm_axi_gmem0_AWLOCK' of module 'system_ImageRenderHLS_1_0' is unconnected for instance 'ImageRenderHLS_1' [/home/emanuel/workspace/mesh_vo/MultiPlatformDiffRenderer/src/backends/xrt/hls/build/xclbin/_x/link/vivado/vpl/prj/prj.gen/sources_1/bd/system/synth/system.v:2500]
WARNING: [Synth 8-7071] port 'm_axi_gmem0_AWPROT' of module 'system_ImageRenderHLS_1_0' is unconnected for instance 'ImageRenderHLS_1' [/home/emanuel/workspace/mesh_vo/MultiPlatformDiffRenderer/src/backends/xrt/hls/build/xclbin/_x/link/vivado/vpl/prj/prj.gen/sources_1/bd/system/synth/system.v:2500]
WARNING: [Synth 8-7071] port 'm_axi_gmem0_AWQOS' of module 'system_ImageRenderHLS_1_0' is unconnected for instance 'ImageRenderHLS_1' [/home/emanuel/workspace/mesh_vo/MultiPlatformDiffRenderer/src/backends/xrt/hls/build/xclbin/_x/link/vivado/vpl/prj/prj.gen/sources_1/bd/system/synth/system.v:2500]
WARNING: [Synth 8-7071] port 'm_axi_gmem0_AWREGION' of module 'system_ImageRenderHLS_1_0' is unconnected for instance 'ImageRenderHLS_1' [/home/emanuel/workspace/mesh_vo/MultiPlatformDiffRenderer/src/backends/xrt/hls/build/xclbin/_x/link/vivado/vpl/prj/prj.gen/sources_1/bd/system/synth/system.v:2500]
WARNING: [Synth 8-7071] port 'm_axi_gmem0_AWSIZE' of module 'system_ImageRenderHLS_1_0' is unconnected for instance 'ImageRenderHLS_1' [/home/emanuel/workspace/mesh_vo/MultiPlatformDiffRenderer/src/backends/xrt/hls/build/xclbin/_x/link/vivado/vpl/prj/prj.gen/sources_1/bd/system/synth/system.v:2500]
WARNING: [Synth 8-7071] port 'm_axi_gmem0_AWVALID' of module 'system_ImageRenderHLS_1_0' is unconnected for instance 'ImageRenderHLS_1' [/home/emanuel/workspace/mesh_vo/MultiPlatformDiffRenderer/src/backends/xrt/hls/build/xclbin/_x/link/vivado/vpl/prj/prj.gen/sources_1/bd/system/synth/system.v:2500]
WARNING: [Synth 8-7071] port 'm_axi_gmem0_BREADY' of module 'system_ImageRenderHLS_1_0' is unconnected for instance 'ImageRenderHLS_1' [/home/emanuel/workspace/mesh_vo/MultiPlatformDiffRenderer/src/backends/xrt/hls/build/xclbin/_x/link/vivado/vpl/prj/prj.gen/sources_1/bd/system/synth/system.v:2500]
WARNING: [Synth 8-7071] port 'm_axi_gmem0_WDATA' of module 'system_ImageRenderHLS_1_0' is unconnected for instance 'ImageRenderHLS_1' [/home/emanuel/workspace/mesh_vo/MultiPlatformDiffRenderer/src/backends/xrt/hls/build/xclbin/_x/link/vivado/vpl/prj/prj.gen/sources_1/bd/system/synth/system.v:2500]
WARNING: [Synth 8-7071] port 'm_axi_gmem0_WID' of module 'system_ImageRenderHLS_1_0' is unconnected for instance 'ImageRenderHLS_1' [/home/emanuel/workspace/mesh_vo/MultiPlatformDiffRenderer/src/backends/xrt/hls/build/xclbin/_x/link/vivado/vpl/prj/prj.gen/sources_1/bd/system/synth/system.v:2500]
WARNING: [Synth 8-7071] port 'm_axi_gmem0_WLAST' of module 'system_ImageRenderHLS_1_0' is unconnected for instance 'ImageRenderHLS_1' [/home/emanuel/workspace/mesh_vo/MultiPlatformDiffRenderer/src/backends/xrt/hls/build/xclbin/_x/link/vivado/vpl/prj/prj.gen/sources_1/bd/system/synth/system.v:2500]
WARNING: [Synth 8-7071] port 'm_axi_gmem0_WSTRB' of module 'system_ImageRenderHLS_1_0' is unconnected for instance 'ImageRenderHLS_1' [/home/emanuel/workspace/mesh_vo/MultiPlatformDiffRenderer/src/backends/xrt/hls/build/xclbin/_x/link/vivado/vpl/prj/prj.gen/sources_1/bd/system/synth/system.v:2500]
WARNING: [Synth 8-7071] port 'm_axi_gmem0_WVALID' of module 'system_ImageRenderHLS_1_0' is unconnected for instance 'ImageRenderHLS_1' [/home/emanuel/workspace/mesh_vo/MultiPlatformDiffRenderer/src/backends/xrt/hls/build/xclbin/_x/link/vivado/vpl/prj/prj.gen/sources_1/bd/system/synth/system.v:2500]
WARNING: [Synth 8-7071] port 'm_axi_gmem1_AWADDR' of module 'system_ImageRenderHLS_1_0' is unconnected for instance 'ImageRenderHLS_1' [/home/emanuel/workspace/mesh_vo/MultiPlatformDiffRenderer/src/backends/xrt/hls/build/xclbin/_x/link/vivado/vpl/prj/prj.gen/sources_1/bd/system/synth/system.v:2500]
WARNING: [Synth 8-7071] port 'm_axi_gmem1_AWBURST' of module 'system_ImageRenderHLS_1_0' is unconnected for instance 'ImageRenderHLS_1' [/home/emanuel/workspace/mesh_vo/MultiPlatformDiffRenderer/src/backends/xrt/hls/build/xclbin/_x/link/vivado/vpl/prj/prj.gen/sources_1/bd/system/synth/system.v:2500]
WARNING: [Synth 8-7071] port 'm_axi_gmem1_AWCACHE' of module 'system_ImageRenderHLS_1_0' is unconnected for instance 'ImageRenderHLS_1' [/home/emanuel/workspace/mesh_vo/MultiPlatformDiffRenderer/src/backends/xrt/hls/build/xclbin/_x/link/vivado/vpl/prj/prj.gen/sources_1/bd/system/synth/system.v:2500]
WARNING: [Synth 8-7071] port 'm_axi_gmem1_AWID' of module 'system_ImageRenderHLS_1_0' is unconnected for instance 'ImageRenderHLS_1' [/home/emanuel/workspace/mesh_vo/MultiPlatformDiffRenderer/src/backends/xrt/hls/build/xclbin/_x/link/vivado/vpl/prj/prj.gen/sources_1/bd/system/synth/system.v:2500]
WARNING: [Synth 8-7071] port 'm_axi_gmem1_AWLEN' of module 'system_ImageRenderHLS_1_0' is unconnected for instance 'ImageRenderHLS_1' [/home/emanuel/workspace/mesh_vo/MultiPlatformDiffRenderer/src/backends/xrt/hls/build/xclbin/_x/link/vivado/vpl/prj/prj.gen/sources_1/bd/system/synth/system.v:2500]
WARNING: [Synth 8-7071] port 'm_axi_gmem1_AWLOCK' of module 'system_ImageRenderHLS_1_0' is unconnected for instance 'ImageRenderHLS_1' [/home/emanuel/workspace/mesh_vo/MultiPlatformDiffRenderer/src/backends/xrt/hls/build/xclbin/_x/link/vivado/vpl/prj/prj.gen/sources_1/bd/system/synth/system.v:2500]
WARNING: [Synth 8-7071] port 'm_axi_gmem1_AWPROT' of module 'system_ImageRenderHLS_1_0' is unconnected for instance 'ImageRenderHLS_1' [/home/emanuel/workspace/mesh_vo/MultiPlatformDiffRenderer/src/backends/xrt/hls/build/xclbin/_x/link/vivado/vpl/prj/prj.gen/sources_1/bd/system/synth/system.v:2500]
WARNING: [Synth 8-7071] port 'm_axi_gmem1_AWQOS' of module 'system_ImageRenderHLS_1_0' is unconnected for instance 'ImageRenderHLS_1' [/home/emanuel/workspace/mesh_vo/MultiPlatformDiffRenderer/src/backends/xrt/hls/build/xclbin/_x/link/vivado/vpl/prj/prj.gen/sources_1/bd/system/synth/system.v:2500]
WARNING: [Synth 8-7071] port 'm_axi_gmem1_AWREGION' of module 'system_ImageRenderHLS_1_0' is unconnected for instance 'ImageRenderHLS_1' [/home/emanuel/workspace/mesh_vo/MultiPlatformDiffRenderer/src/backends/xrt/hls/build/xclbin/_x/link/vivado/vpl/prj/prj.gen/sources_1/bd/system/synth/system.v:2500]
WARNING: [Synth 8-7071] port 'm_axi_gmem1_AWSIZE' of module 'system_ImageRenderHLS_1_0' is unconnected for instance 'ImageRenderHLS_1' [/home/emanuel/workspace/mesh_vo/MultiPlatformDiffRenderer/src/backends/xrt/hls/build/xclbin/_x/link/vivado/vpl/prj/prj.gen/sources_1/bd/system/synth/system.v:2500]
WARNING: [Synth 8-7071] port 'm_axi_gmem1_AWVALID' of module 'system_ImageRenderHLS_1_0' is unconnected for instance 'ImageRenderHLS_1' [/home/emanuel/workspace/mesh_vo/MultiPlatformDiffRenderer/src/backends/xrt/hls/build/xclbin/_x/link/vivado/vpl/prj/prj.gen/sources_1/bd/system/synth/system.v:2500]
WARNING: [Synth 8-7071] port 'm_axi_gmem1_BREADY' of module 'system_ImageRenderHLS_1_0' is unconnected for instance 'ImageRenderHLS_1' [/home/emanuel/workspace/mesh_vo/MultiPlatformDiffRenderer/src/backends/xrt/hls/build/xclbin/_x/link/vivado/vpl/prj/prj.gen/sources_1/bd/system/synth/system.v:2500]
WARNING: [Synth 8-7071] port 'm_axi_gmem1_WDATA' of module 'system_ImageRenderHLS_1_0' is unconnected for instance 'ImageRenderHLS_1' [/home/emanuel/workspace/mesh_vo/MultiPlatformDiffRenderer/src/backends/xrt/hls/build/xclbin/_x/link/vivado/vpl/prj/prj.gen/sources_1/bd/system/synth/system.v:2500]
WARNING: [Synth 8-7071] port 'm_axi_gmem1_WID' of module 'system_ImageRenderHLS_1_0' is unconnected for instance 'ImageRenderHLS_1' [/home/emanuel/workspace/mesh_vo/MultiPlatformDiffRenderer/src/backends/xrt/hls/build/xclbin/_x/link/vivado/vpl/prj/prj.gen/sources_1/bd/system/synth/system.v:2500]
WARNING: [Synth 8-7071] port 'm_axi_gmem1_WLAST' of module 'system_ImageRenderHLS_1_0' is unconnected for instance 'ImageRenderHLS_1' [/home/emanuel/workspace/mesh_vo/MultiPlatformDiffRenderer/src/backends/xrt/hls/build/xclbin/_x/link/vivado/vpl/prj/prj.gen/sources_1/bd/system/synth/system.v:2500]
WARNING: [Synth 8-7071] port 'm_axi_gmem1_WSTRB' of module 'system_ImageRenderHLS_1_0' is unconnected for instance 'ImageRenderHLS_1' [/home/emanuel/workspace/mesh_vo/MultiPlatformDiffRenderer/src/backends/xrt/hls/build/xclbin/_x/link/vivado/vpl/prj/prj.gen/sources_1/bd/system/synth/system.v:2500]
WARNING: [Synth 8-7071] port 'm_axi_gmem1_WVALID' of module 'system_ImageRenderHLS_1_0' is unconnected for instance 'ImageRenderHLS_1' [/home/emanuel/workspace/mesh_vo/MultiPlatformDiffRenderer/src/backends/xrt/hls/build/xclbin/_x/link/vivado/vpl/prj/prj.gen/sources_1/bd/system/synth/system.v:2500]
WARNING: [Synth 8-7071] port 'm_axi_gmem2_AWADDR' of module 'system_ImageRenderHLS_1_0' is unconnected for instance 'ImageRenderHLS_1' [/home/emanuel/workspace/mesh_vo/MultiPlatformDiffRenderer/src/backends/xrt/hls/build/xclbin/_x/link/vivado/vpl/prj/prj.gen/sources_1/bd/system/synth/system.v:2500]
WARNING: [Synth 8-7071] port 'm_axi_gmem2_AWBURST' of module 'system_ImageRenderHLS_1_0' is unconnected for instance 'ImageRenderHLS_1' [/home/emanuel/workspace/mesh_vo/MultiPlatformDiffRenderer/src/backends/xrt/hls/build/xclbin/_x/link/vivado/vpl/prj/prj.gen/sources_1/bd/system/synth/system.v:2500]
WARNING: [Synth 8-7071] port 'm_axi_gmem2_AWCACHE' of module 'system_ImageRenderHLS_1_0' is unconnected for instance 'ImageRenderHLS_1' [/home/emanuel/workspace/mesh_vo/MultiPlatformDiffRenderer/src/backends/xrt/hls/build/xclbin/_x/link/vivado/vpl/prj/prj.gen/sources_1/bd/system/synth/system.v:2500]
WARNING: [Synth 8-7071] port 'm_axi_gmem2_AWID' of module 'system_ImageRenderHLS_1_0' is unconnected for instance 'ImageRenderHLS_1' [/home/emanuel/workspace/mesh_vo/MultiPlatformDiffRenderer/src/backends/xrt/hls/build/xclbin/_x/link/vivado/vpl/prj/prj.gen/sources_1/bd/system/synth/system.v:2500]
WARNING: [Synth 8-7071] port 'm_axi_gmem2_AWLEN' of module 'system_ImageRenderHLS_1_0' is unconnected for instance 'ImageRenderHLS_1' [/home/emanuel/workspace/mesh_vo/MultiPlatformDiffRenderer/src/backends/xrt/hls/build/xclbin/_x/link/vivado/vpl/prj/prj.gen/sources_1/bd/system/synth/system.v:2500]
WARNING: [Synth 8-7071] port 'm_axi_gmem2_AWLOCK' of module 'system_ImageRenderHLS_1_0' is unconnected for instance 'ImageRenderHLS_1' [/home/emanuel/workspace/mesh_vo/MultiPlatformDiffRenderer/src/backends/xrt/hls/build/xclbin/_x/link/vivado/vpl/prj/prj.gen/sources_1/bd/system/synth/system.v:2500]
WARNING: [Synth 8-7071] port 'm_axi_gmem2_AWPROT' of module 'system_ImageRenderHLS_1_0' is unconnected for instance 'ImageRenderHLS_1' [/home/emanuel/workspace/mesh_vo/MultiPlatformDiffRenderer/src/backends/xrt/hls/build/xclbin/_x/link/vivado/vpl/prj/prj.gen/sources_1/bd/system/synth/system.v:2500]
WARNING: [Synth 8-7071] port 'm_axi_gmem2_AWQOS' of module 'system_ImageRenderHLS_1_0' is unconnected for instance 'ImageRenderHLS_1' [/home/emanuel/workspace/mesh_vo/MultiPlatformDiffRenderer/src/backends/xrt/hls/build/xclbin/_x/link/vivado/vpl/prj/prj.gen/sources_1/bd/system/synth/system.v:2500]
WARNING: [Synth 8-7071] port 'm_axi_gmem2_AWREGION' of module 'system_ImageRenderHLS_1_0' is unconnected for instance 'ImageRenderHLS_1' [/home/emanuel/workspace/mesh_vo/MultiPlatformDiffRenderer/src/backends/xrt/hls/build/xclbin/_x/link/vivado/vpl/prj/prj.gen/sources_1/bd/system/synth/system.v:2500]
WARNING: [Synth 8-7071] port 'm_axi_gmem2_AWSIZE' of module 'system_ImageRenderHLS_1_0' is unconnected for instance 'ImageRenderHLS_1' [/home/emanuel/workspace/mesh_vo/MultiPlatformDiffRenderer/src/backends/xrt/hls/build/xclbin/_x/link/vivado/vpl/prj/prj.gen/sources_1/bd/system/synth/system.v:2500]
WARNING: [Synth 8-7071] port 'm_axi_gmem2_AWVALID' of module 'system_ImageRenderHLS_1_0' is unconnected for instance 'ImageRenderHLS_1' [/home/emanuel/workspace/mesh_vo/MultiPlatformDiffRenderer/src/backends/xrt/hls/build/xclbin/_x/link/vivado/vpl/prj/prj.gen/sources_1/bd/system/synth/system.v:2500]
WARNING: [Synth 8-7071] port 'm_axi_gmem2_BREADY' of module 'system_ImageRenderHLS_1_0' is unconnected for instance 'ImageRenderHLS_1' [/home/emanuel/workspace/mesh_vo/MultiPlatformDiffRenderer/src/backends/xrt/hls/build/xclbin/_x/link/vivado/vpl/prj/prj.gen/sources_1/bd/system/synth/system.v:2500]
WARNING: [Synth 8-7071] port 'm_axi_gmem2_WDATA' of module 'system_ImageRenderHLS_1_0' is unconnected for instance 'ImageRenderHLS_1' [/home/emanuel/workspace/mesh_vo/MultiPlatformDiffRenderer/src/backends/xrt/hls/build/xclbin/_x/link/vivado/vpl/prj/prj.gen/sources_1/bd/system/synth/system.v:2500]
WARNING: [Synth 8-7071] port 'm_axi_gmem2_WID' of module 'system_ImageRenderHLS_1_0' is unconnected for instance 'ImageRenderHLS_1' [/home/emanuel/workspace/mesh_vo/MultiPlatformDiffRenderer/src/backends/xrt/hls/build/xclbin/_x/link/vivado/vpl/prj/prj.gen/sources_1/bd/system/synth/system.v:2500]
WARNING: [Synth 8-7071] port 'm_axi_gmem2_WLAST' of module 'system_ImageRenderHLS_1_0' is unconnected for instance 'ImageRenderHLS_1' [/home/emanuel/workspace/mesh_vo/MultiPlatformDiffRenderer/src/backends/xrt/hls/build/xclbin/_x/link/vivado/vpl/prj/prj.gen/sources_1/bd/system/synth/system.v:2500]
WARNING: [Synth 8-7071] port 'm_axi_gmem2_WSTRB' of module 'system_ImageRenderHLS_1_0' is unconnected for instance 'ImageRenderHLS_1' [/home/emanuel/workspace/mesh_vo/MultiPlatformDiffRenderer/src/backends/xrt/hls/build/xclbin/_x/link/vivado/vpl/prj/prj.gen/sources_1/bd/system/synth/system.v:2500]
WARNING: [Synth 8-7071] port 'm_axi_gmem2_WVALID' of module 'system_ImageRenderHLS_1_0' is unconnected for instance 'ImageRenderHLS_1' [/home/emanuel/workspace/mesh_vo/MultiPlatformDiffRenderer/src/backends/xrt/hls/build/xclbin/_x/link/vivado/vpl/prj/prj.gen/sources_1/bd/system/synth/system.v:2500]
WARNING: [Synth 8-7071] port 'm_axi_gmem3_AWADDR' of module 'system_ImageRenderHLS_1_0' is unconnected for instance 'ImageRenderHLS_1' [/home/emanuel/workspace/mesh_vo/MultiPlatformDiffRenderer/src/backends/xrt/hls/build/xclbin/_x/link/vivado/vpl/prj/prj.gen/sources_1/bd/system/synth/system.v:2500]
WARNING: [Synth 8-7071] port 'm_axi_gmem3_AWBURST' of module 'system_ImageRenderHLS_1_0' is unconnected for instance 'ImageRenderHLS_1' [/home/emanuel/workspace/mesh_vo/MultiPlatformDiffRenderer/src/backends/xrt/hls/build/xclbin/_x/link/vivado/vpl/prj/prj.gen/sources_1/bd/system/synth/system.v:2500]
WARNING: [Synth 8-7071] port 'm_axi_gmem3_AWCACHE' of module 'system_ImageRenderHLS_1_0' is unconnected for instance 'ImageRenderHLS_1' [/home/emanuel/workspace/mesh_vo/MultiPlatformDiffRenderer/src/backends/xrt/hls/build/xclbin/_x/link/vivado/vpl/prj/prj.gen/sources_1/bd/system/synth/system.v:2500]
WARNING: [Synth 8-7071] port 'm_axi_gmem3_AWID' of module 'system_ImageRenderHLS_1_0' is unconnected for instance 'ImageRenderHLS_1' [/home/emanuel/workspace/mesh_vo/MultiPlatformDiffRenderer/src/backends/xrt/hls/build/xclbin/_x/link/vivado/vpl/prj/prj.gen/sources_1/bd/system/synth/system.v:2500]
WARNING: [Synth 8-7071] port 'm_axi_gmem3_AWLEN' of module 'system_ImageRenderHLS_1_0' is unconnected for instance 'ImageRenderHLS_1' [/home/emanuel/workspace/mesh_vo/MultiPlatformDiffRenderer/src/backends/xrt/hls/build/xclbin/_x/link/vivado/vpl/prj/prj.gen/sources_1/bd/system/synth/system.v:2500]
WARNING: [Synth 8-7071] port 'm_axi_gmem3_AWLOCK' of module 'system_ImageRenderHLS_1_0' is unconnected for instance 'ImageRenderHLS_1' [/home/emanuel/workspace/mesh_vo/MultiPlatformDiffRenderer/src/backends/xrt/hls/build/xclbin/_x/link/vivado/vpl/prj/prj.gen/sources_1/bd/system/synth/system.v:2500]
WARNING: [Synth 8-7071] port 'm_axi_gmem3_AWPROT' of module 'system_ImageRenderHLS_1_0' is unconnected for instance 'ImageRenderHLS_1' [/home/emanuel/workspace/mesh_vo/MultiPlatformDiffRenderer/src/backends/xrt/hls/build/xclbin/_x/link/vivado/vpl/prj/prj.gen/sources_1/bd/system/synth/system.v:2500]
WARNING: [Synth 8-7071] port 'm_axi_gmem3_AWQOS' of module 'system_ImageRenderHLS_1_0' is unconnected for instance 'ImageRenderHLS_1' [/home/emanuel/workspace/mesh_vo/MultiPlatformDiffRenderer/src/backends/xrt/hls/build/xclbin/_x/link/vivado/vpl/prj/prj.gen/sources_1/bd/system/synth/system.v:2500]
WARNING: [Synth 8-7071] port 'm_axi_gmem3_AWREGION' of module 'system_ImageRenderHLS_1_0' is unconnected for instance 'ImageRenderHLS_1' [/home/emanuel/workspace/mesh_vo/MultiPlatformDiffRenderer/src/backends/xrt/hls/build/xclbin/_x/link/vivado/vpl/prj/prj.gen/sources_1/bd/system/synth/system.v:2500]
WARNING: [Synth 8-7071] port 'm_axi_gmem3_AWSIZE' of module 'system_ImageRenderHLS_1_0' is unconnected for instance 'ImageRenderHLS_1' [/home/emanuel/workspace/mesh_vo/MultiPlatformDiffRenderer/src/backends/xrt/hls/build/xclbin/_x/link/vivado/vpl/prj/prj.gen/sources_1/bd/system/synth/system.v:2500]
WARNING: [Synth 8-7071] port 'm_axi_gmem3_AWVALID' of module 'system_ImageRenderHLS_1_0' is unconnected for instance 'ImageRenderHLS_1' [/home/emanuel/workspace/mesh_vo/MultiPlatformDiffRenderer/src/backends/xrt/hls/build/xclbin/_x/link/vivado/vpl/prj/prj.gen/sources_1/bd/system/synth/system.v:2500]
WARNING: [Synth 8-7071] port 'm_axi_gmem3_BREADY' of module 'system_ImageRenderHLS_1_0' is unconnected for instance 'ImageRenderHLS_1' [/home/emanuel/workspace/mesh_vo/MultiPlatformDiffRenderer/src/backends/xrt/hls/build/xclbin/_x/link/vivado/vpl/prj/prj.gen/sources_1/bd/system/synth/system.v:2500]
WARNING: [Synth 8-7071] port 'm_axi_gmem3_WDATA' of module 'system_ImageRenderHLS_1_0' is unconnected for instance 'ImageRenderHLS_1' [/home/emanuel/workspace/mesh_vo/MultiPlatformDiffRenderer/src/backends/xrt/hls/build/xclbin/_x/link/vivado/vpl/prj/prj.gen/sources_1/bd/system/synth/system.v:2500]
WARNING: [Synth 8-7071] port 'm_axi_gmem3_WID' of module 'system_ImageRenderHLS_1_0' is unconnected for instance 'ImageRenderHLS_1' [/home/emanuel/workspace/mesh_vo/MultiPlatformDiffRenderer/src/backends/xrt/hls/build/xclbin/_x/link/vivado/vpl/prj/prj.gen/sources_1/bd/system/synth/system.v:2500]
WARNING: [Synth 8-7071] port 'm_axi_gmem3_WLAST' of module 'system_ImageRenderHLS_1_0' is unconnected for instance 'ImageRenderHLS_1' [/home/emanuel/workspace/mesh_vo/MultiPlatformDiffRenderer/src/backends/xrt/hls/build/xclbin/_x/link/vivado/vpl/prj/prj.gen/sources_1/bd/system/synth/system.v:2500]
WARNING: [Synth 8-7071] port 'm_axi_gmem3_WSTRB' of module 'system_ImageRenderHLS_1_0' is unconnected for instance 'ImageRenderHLS_1' [/home/emanuel/workspace/mesh_vo/MultiPlatformDiffRenderer/src/backends/xrt/hls/build/xclbin/_x/link/vivado/vpl/prj/prj.gen/sources_1/bd/system/synth/system.v:2500]
WARNING: [Synth 8-7071] port 'm_axi_gmem3_WVALID' of module 'system_ImageRenderHLS_1_0' is unconnected for instance 'ImageRenderHLS_1' [/home/emanuel/workspace/mesh_vo/MultiPlatformDiffRenderer/src/backends/xrt/hls/build/xclbin/_x/link/vivado/vpl/prj/prj.gen/sources_1/bd/system/synth/system.v:2500]
WARNING: [Synth 8-7071] port 'm_axi_gmem4_AWADDR' of module 'system_ImageRenderHLS_1_0' is unconnected for instance 'ImageRenderHLS_1' [/home/emanuel/workspace/mesh_vo/MultiPlatformDiffRenderer/src/backends/xrt/hls/build/xclbin/_x/link/vivado/vpl/prj/prj.gen/sources_1/bd/system/synth/system.v:2500]
WARNING: [Synth 8-7071] port 'm_axi_gmem4_AWBURST' of module 'system_ImageRenderHLS_1_0' is unconnected for instance 'ImageRenderHLS_1' [/home/emanuel/workspace/mesh_vo/MultiPlatformDiffRenderer/src/backends/xrt/hls/build/xclbin/_x/link/vivado/vpl/prj/prj.gen/sources_1/bd/system/synth/system.v:2500]
WARNING: [Synth 8-7071] port 'm_axi_gmem4_AWCACHE' of module 'system_ImageRenderHLS_1_0' is unconnected for instance 'ImageRenderHLS_1' [/home/emanuel/workspace/mesh_vo/MultiPlatformDiffRenderer/src/backends/xrt/hls/build/xclbin/_x/link/vivado/vpl/prj/prj.gen/sources_1/bd/system/synth/system.v:2500]
WARNING: [Synth 8-7071] port 'm_axi_gmem4_AWID' of module 'system_ImageRenderHLS_1_0' is unconnected for instance 'ImageRenderHLS_1' [/home/emanuel/workspace/mesh_vo/MultiPlatformDiffRenderer/src/backends/xrt/hls/build/xclbin/_x/link/vivado/vpl/prj/prj.gen/sources_1/bd/system/synth/system.v:2500]
WARNING: [Synth 8-7071] port 'm_axi_gmem4_AWLEN' of module 'system_ImageRenderHLS_1_0' is unconnected for instance 'ImageRenderHLS_1' [/home/emanuel/workspace/mesh_vo/MultiPlatformDiffRenderer/src/backends/xrt/hls/build/xclbin/_x/link/vivado/vpl/prj/prj.gen/sources_1/bd/system/synth/system.v:2500]
WARNING: [Synth 8-7071] port 'm_axi_gmem4_AWLOCK' of module 'system_ImageRenderHLS_1_0' is unconnected for instance 'ImageRenderHLS_1' [/home/emanuel/workspace/mesh_vo/MultiPlatformDiffRenderer/src/backends/xrt/hls/build/xclbin/_x/link/vivado/vpl/prj/prj.gen/sources_1/bd/system/synth/system.v:2500]
WARNING: [Synth 8-7071] port 'm_axi_gmem4_AWPROT' of module 'system_ImageRenderHLS_1_0' is unconnected for instance 'ImageRenderHLS_1' [/home/emanuel/workspace/mesh_vo/MultiPlatformDiffRenderer/src/backends/xrt/hls/build/xclbin/_x/link/vivado/vpl/prj/prj.gen/sources_1/bd/system/synth/system.v:2500]
WARNING: [Synth 8-7071] port 'm_axi_gmem4_AWQOS' of module 'system_ImageRenderHLS_1_0' is unconnected for instance 'ImageRenderHLS_1' [/home/emanuel/workspace/mesh_vo/MultiPlatformDiffRenderer/src/backends/xrt/hls/build/xclbin/_x/link/vivado/vpl/prj/prj.gen/sources_1/bd/system/synth/system.v:2500]
WARNING: [Synth 8-7071] port 'm_axi_gmem4_AWREGION' of module 'system_ImageRenderHLS_1_0' is unconnected for instance 'ImageRenderHLS_1' [/home/emanuel/workspace/mesh_vo/MultiPlatformDiffRenderer/src/backends/xrt/hls/build/xclbin/_x/link/vivado/vpl/prj/prj.gen/sources_1/bd/system/synth/system.v:2500]
WARNING: [Synth 8-7071] port 'm_axi_gmem4_AWSIZE' of module 'system_ImageRenderHLS_1_0' is unconnected for instance 'ImageRenderHLS_1' [/home/emanuel/workspace/mesh_vo/MultiPlatformDiffRenderer/src/backends/xrt/hls/build/xclbin/_x/link/vivado/vpl/prj/prj.gen/sources_1/bd/system/synth/system.v:2500]
WARNING: [Synth 8-7071] port 'm_axi_gmem4_AWVALID' of module 'system_ImageRenderHLS_1_0' is unconnected for instance 'ImageRenderHLS_1' [/home/emanuel/workspace/mesh_vo/MultiPlatformDiffRenderer/src/backends/xrt/hls/build/xclbin/_x/link/vivado/vpl/prj/prj.gen/sources_1/bd/system/synth/system.v:2500]
WARNING: [Synth 8-7071] port 'm_axi_gmem4_BREADY' of module 'system_ImageRenderHLS_1_0' is unconnected for instance 'ImageRenderHLS_1' [/home/emanuel/workspace/mesh_vo/MultiPlatformDiffRenderer/src/backends/xrt/hls/build/xclbin/_x/link/vivado/vpl/prj/prj.gen/sources_1/bd/system/synth/system.v:2500]
WARNING: [Synth 8-7071] port 'm_axi_gmem4_WDATA' of module 'system_ImageRenderHLS_1_0' is unconnected for instance 'ImageRenderHLS_1' [/home/emanuel/workspace/mesh_vo/MultiPlatformDiffRenderer/src/backends/xrt/hls/build/xclbin/_x/link/vivado/vpl/prj/prj.gen/sources_1/bd/system/synth/system.v:2500]
WARNING: [Synth 8-7071] port 'm_axi_gmem4_WID' of module 'system_ImageRenderHLS_1_0' is unconnected for instance 'ImageRenderHLS_1' [/home/emanuel/workspace/mesh_vo/MultiPlatformDiffRenderer/src/backends/xrt/hls/build/xclbin/_x/link/vivado/vpl/prj/prj.gen/sources_1/bd/system/synth/system.v:2500]
WARNING: [Synth 8-7071] port 'm_axi_gmem4_WLAST' of module 'system_ImageRenderHLS_1_0' is unconnected for instance 'ImageRenderHLS_1' [/home/emanuel/workspace/mesh_vo/MultiPlatformDiffRenderer/src/backends/xrt/hls/build/xclbin/_x/link/vivado/vpl/prj/prj.gen/sources_1/bd/system/synth/system.v:2500]
WARNING: [Synth 8-7071] port 'm_axi_gmem4_WSTRB' of module 'system_ImageRenderHLS_1_0' is unconnected for instance 'ImageRenderHLS_1' [/home/emanuel/workspace/mesh_vo/MultiPlatformDiffRenderer/src/backends/xrt/hls/build/xclbin/_x/link/vivado/vpl/prj/prj.gen/sources_1/bd/system/synth/system.v:2500]
WARNING: [Synth 8-7071] port 'm_axi_gmem4_WVALID' of module 'system_ImageRenderHLS_1_0' is unconnected for instance 'ImageRenderHLS_1' [/home/emanuel/workspace/mesh_vo/MultiPlatformDiffRenderer/src/backends/xrt/hls/build/xclbin/_x/link/vivado/vpl/prj/prj.gen/sources_1/bd/system/synth/system.v:2500]
WARNING: [Synth 8-7071] port 'm_axi_gmem5_ARADDR' of module 'system_ImageRenderHLS_1_0' is unconnected for instance 'ImageRenderHLS_1' [/home/emanuel/workspace/mesh_vo/MultiPlatformDiffRenderer/src/backends/xrt/hls/build/xclbin/_x/link/vivado/vpl/prj/prj.gen/sources_1/bd/system/synth/system.v:2500]
WARNING: [Synth 8-7071] port 'm_axi_gmem5_ARBURST' of module 'system_ImageRenderHLS_1_0' is unconnected for instance 'ImageRenderHLS_1' [/home/emanuel/workspace/mesh_vo/MultiPlatformDiffRenderer/src/backends/xrt/hls/build/xclbin/_x/link/vivado/vpl/prj/prj.gen/sources_1/bd/system/synth/system.v:2500]
WARNING: [Synth 8-7071] port 'm_axi_gmem5_ARCACHE' of module 'system_ImageRenderHLS_1_0' is unconnected for instance 'ImageRenderHLS_1' [/home/emanuel/workspace/mesh_vo/MultiPlatformDiffRenderer/src/backends/xrt/hls/build/xclbin/_x/link/vivado/vpl/prj/prj.gen/sources_1/bd/system/synth/system.v:2500]
WARNING: [Synth 8-7071] port 'm_axi_gmem5_ARID' of module 'system_ImageRenderHLS_1_0' is unconnected for instance 'ImageRenderHLS_1' [/home/emanuel/workspace/mesh_vo/MultiPlatformDiffRenderer/src/backends/xrt/hls/build/xclbin/_x/link/vivado/vpl/prj/prj.gen/sources_1/bd/system/synth/system.v:2500]
WARNING: [Synth 8-7071] port 'm_axi_gmem5_ARLEN' of module 'system_ImageRenderHLS_1_0' is unconnected for instance 'ImageRenderHLS_1' [/home/emanuel/workspace/mesh_vo/MultiPlatformDiffRenderer/src/backends/xrt/hls/build/xclbin/_x/link/vivado/vpl/prj/prj.gen/sources_1/bd/system/synth/system.v:2500]
WARNING: [Synth 8-7071] port 'm_axi_gmem5_ARLOCK' of module 'system_ImageRenderHLS_1_0' is unconnected for instance 'ImageRenderHLS_1' [/home/emanuel/workspace/mesh_vo/MultiPlatformDiffRenderer/src/backends/xrt/hls/build/xclbin/_x/link/vivado/vpl/prj/prj.gen/sources_1/bd/system/synth/system.v:2500]
WARNING: [Synth 8-7071] port 'm_axi_gmem5_ARPROT' of module 'system_ImageRenderHLS_1_0' is unconnected for instance 'ImageRenderHLS_1' [/home/emanuel/workspace/mesh_vo/MultiPlatformDiffRenderer/src/backends/xrt/hls/build/xclbin/_x/link/vivado/vpl/prj/prj.gen/sources_1/bd/system/synth/system.v:2500]
WARNING: [Synth 8-7071] port 'm_axi_gmem5_ARQOS' of module 'system_ImageRenderHLS_1_0' is unconnected for instance 'ImageRenderHLS_1' [/home/emanuel/workspace/mesh_vo/MultiPlatformDiffRenderer/src/backends/xrt/hls/build/xclbin/_x/link/vivado/vpl/prj/prj.gen/sources_1/bd/system/synth/system.v:2500]
WARNING: [Synth 8-7071] port 'm_axi_gmem5_ARREGION' of module 'system_ImageRenderHLS_1_0' is unconnected for instance 'ImageRenderHLS_1' [/home/emanuel/workspace/mesh_vo/MultiPlatformDiffRenderer/src/backends/xrt/hls/build/xclbin/_x/link/vivado/vpl/prj/prj.gen/sources_1/bd/system/synth/system.v:2500]
WARNING: [Synth 8-7071] port 'm_axi_gmem5_ARSIZE' of module 'system_ImageRenderHLS_1_0' is unconnected for instance 'ImageRenderHLS_1' [/home/emanuel/workspace/mesh_vo/MultiPlatformDiffRenderer/src/backends/xrt/hls/build/xclbin/_x/link/vivado/vpl/prj/prj.gen/sources_1/bd/system/synth/system.v:2500]
WARNING: [Synth 8-7071] port 'm_axi_gmem5_ARVALID' of module 'system_ImageRenderHLS_1_0' is unconnected for instance 'ImageRenderHLS_1' [/home/emanuel/workspace/mesh_vo/MultiPlatformDiffRenderer/src/backends/xrt/hls/build/xclbin/_x/link/vivado/vpl/prj/prj.gen/sources_1/bd/system/synth/system.v:2500]
WARNING: [Synth 8-7071] port 'm_axi_gmem5_RREADY' of module 'system_ImageRenderHLS_1_0' is unconnected for instance 'ImageRenderHLS_1' [/home/emanuel/workspace/mesh_vo/MultiPlatformDiffRenderer/src/backends/xrt/hls/build/xclbin/_x/link/vivado/vpl/prj/prj.gen/sources_1/bd/system/synth/system.v:2500]
WARNING: [Synth 8-7071] port 'm_axi_gmem5_WID' of module 'system_ImageRenderHLS_1_0' is unconnected for instance 'ImageRenderHLS_1' [/home/emanuel/workspace/mesh_vo/MultiPlatformDiffRenderer/src/backends/xrt/hls/build/xclbin/_x/link/vivado/vpl/prj/prj.gen/sources_1/bd/system/synth/system.v:2500]
WARNING: [Synth 8-7023] instance 'ImageRenderHLS_1' of module 'system_ImageRenderHLS_1_0' has 260 connections declared, but only 162 given [/home/emanuel/workspace/mesh_vo/MultiPlatformDiffRenderer/src/backends/xrt/hls/build/xclbin/_x/link/vivado/vpl/prj/prj.gen/sources_1/bd/system/synth/system.v:2500]
INFO: [Synth 8-6157] synthesizing module 'system_axi_ic_zynq_ultra_ps_e_0_S_AXI_HP2_FPD_0' [/home/emanuel/workspace/mesh_vo/MultiPlatformDiffRenderer/src/backends/xrt/hls/build/xclbin/_x/link/vivado/vpl/prj/prj.gen/sources_1/bd/system/synth/system.v:3076]
INFO: [Synth 8-6157] synthesizing module 'm00_couplers_imp_LFLDT0' [/home/emanuel/workspace/mesh_vo/MultiPlatformDiffRenderer/src/backends/xrt/hls/build/xclbin/_x/link/vivado/vpl/prj/prj.gen/sources_1/bd/system/synth/system.v:13]
INFO: [Synth 8-6157] synthesizing module 'system_axi_ic_zynq_ultra_ps_e_0_S_AXI_HP2_FPD_imp_m00_data_fifo_0' [/home/emanuel/workspace/mesh_vo/MultiPlatformDiffRenderer/src/backends/xrt/hls/build/xclbin/_x/link/vivado/vpl/prj/prj.runs/synth_1/.Xil/Vivado-1010969-HP-ProBook-445-G7/realtime/system_axi_ic_zynq_ultra_ps_e_0_S_AXI_HP2_FPD_imp_m00_data_fifo_0_stub.v:6]
INFO: [Synth 8-6155] done synthesizing module 'system_axi_ic_zynq_ultra_ps_e_0_S_AXI_HP2_FPD_imp_m00_data_fifo_0' (0#1) [/home/emanuel/workspace/mesh_vo/MultiPlatformDiffRenderer/src/backends/xrt/hls/build/xclbin/_x/link/vivado/vpl/prj/prj.runs/synth_1/.Xil/Vivado-1010969-HP-ProBook-445-G7/realtime/system_axi_ic_zynq_ultra_ps_e_0_S_AXI_HP2_FPD_imp_m00_data_fifo_0_stub.v:6]
INFO: [Synth 8-6157] synthesizing module 'system_axi_ic_zynq_ultra_ps_e_0_S_AXI_HP2_FPD_imp_m00_regslice_0' [/home/emanuel/workspace/mesh_vo/MultiPlatformDiffRenderer/src/backends/xrt/hls/build/xclbin/_x/link/vivado/vpl/prj/prj.runs/synth_1/.Xil/Vivado-1010969-HP-ProBook-445-G7/realtime/system_axi_ic_zynq_ultra_ps_e_0_S_AXI_HP2_FPD_imp_m00_regslice_0_stub.v:6]
INFO: [Synth 8-6155] done synthesizing module 'system_axi_ic_zynq_ultra_ps_e_0_S_AXI_HP2_FPD_imp_m00_regslice_0' (0#1) [/home/emanuel/workspace/mesh_vo/MultiPlatformDiffRenderer/src/backends/xrt/hls/build/xclbin/_x/link/vivado/vpl/prj/prj.runs/synth_1/.Xil/Vivado-1010969-HP-ProBook-445-G7/realtime/system_axi_ic_zynq_ultra_ps_e_0_S_AXI_HP2_FPD_imp_m00_regslice_0_stub.v:6]
WARNING: [Synth 8-7071] port 'm_axi_awregion' of module 'system_axi_ic_zynq_ultra_ps_e_0_S_AXI_HP2_FPD_imp_m00_regslice_0' is unconnected for instance 'm00_regslice' [/home/emanuel/workspace/mesh_vo/MultiPlatformDiffRenderer/src/backends/xrt/hls/build/xclbin/_x/link/vivado/vpl/prj/prj.gen/sources_1/bd/system/synth/system.v:376]
WARNING: [Synth 8-7071] port 'm_axi_arregion' of module 'system_axi_ic_zynq_ultra_ps_e_0_S_AXI_HP2_FPD_imp_m00_regslice_0' is unconnected for instance 'm00_regslice' [/home/emanuel/workspace/mesh_vo/MultiPlatformDiffRenderer/src/backends/xrt/hls/build/xclbin/_x/link/vivado/vpl/prj/prj.gen/sources_1/bd/system/synth/system.v:376]
INFO: [Common 17-14] Message 'Synth 8-7071' appears 100 times and further instances of the messages will be disabled. Use the Tcl command set_msg_config to change the current settings.
WARNING: [Synth 8-7023] instance 'm00_regslice' of module 'system_axi_ic_zynq_ultra_ps_e_0_S_AXI_HP2_FPD_imp_m00_regslice_0' has 80 connections declared, but only 78 given [/home/emanuel/workspace/mesh_vo/MultiPlatformDiffRenderer/src/backends/xrt/hls/build/xclbin/_x/link/vivado/vpl/prj/prj.gen/sources_1/bd/system/synth/system.v:376]
INFO: [Synth 8-6155] done synthesizing module 'm00_couplers_imp_LFLDT0' (0#1) [/home/emanuel/workspace/mesh_vo/MultiPlatformDiffRenderer/src/backends/xrt/hls/build/xclbin/_x/link/vivado/vpl/prj/prj.gen/sources_1/bd/system/synth/system.v:13]
INFO: [Synth 8-6157] synthesizing module 's00_couplers_imp_Y1JJJP' [/home/emanuel/workspace/mesh_vo/MultiPlatformDiffRenderer/src/backends/xrt/hls/build/xclbin/_x/link/vivado/vpl/prj/prj.gen/sources_1/bd/system/synth/system.v:978]
INFO: [Synth 8-6157] synthesizing module 'system_axi_ic_zynq_ultra_ps_e_0_S_AXI_HP2_FPD_imp_auto_us_df_0' [/home/emanuel/workspace/mesh_vo/MultiPlatformDiffRenderer/src/backends/xrt/hls/build/xclbin/_x/link/vivado/vpl/prj/prj.runs/synth_1/.Xil/Vivado-1010969-HP-ProBook-445-G7/realtime/system_axi_ic_zynq_ultra_ps_e_0_S_AXI_HP2_FPD_imp_auto_us_df_0_stub.v:6]
INFO: [Synth 8-6155] done synthesizing module 'system_axi_ic_zynq_ultra_ps_e_0_S_AXI_HP2_FPD_imp_auto_us_df_0' (0#1) [/home/emanuel/workspace/mesh_vo/MultiPlatformDiffRenderer/src/backends/xrt/hls/build/xclbin/_x/link/vivado/vpl/prj/prj.runs/synth_1/.Xil/Vivado-1010969-HP-ProBook-445-G7/realtime/system_axi_ic_zynq_ultra_ps_e_0_S_AXI_HP2_FPD_imp_auto_us_df_0_stub.v:6]
WARNING: [Synth 8-7023] instance 'auto_us_df' of module 'system_axi_ic_zynq_ultra_ps_e_0_S_AXI_HP2_FPD_imp_auto_us_df_0' has 36 connections declared, but only 35 given [/home/emanuel/workspace/mesh_vo/MultiPlatformDiffRenderer/src/backends/xrt/hls/build/xclbin/_x/link/vivado/vpl/prj/prj.gen/sources_1/bd/system/synth/system.v:1110]
INFO: [Synth 8-6157] synthesizing module 'system_axi_ic_zynq_ultra_ps_e_0_S_AXI_HP2_FPD_imp_s00_regslice_0' [/home/emanuel/workspace/mesh_vo/MultiPlatformDiffRenderer/src/backends/xrt/hls/build/xclbin/_x/link/vivado/vpl/prj/prj.runs/synth_1/.Xil/Vivado-1010969-HP-ProBook-445-G7/realtime/system_axi_ic_zynq_ultra_ps_e_0_S_AXI_HP2_FPD_imp_s00_regslice_0_stub.v:6]
INFO: [Synth 8-6155] done synthesizing module 'system_axi_ic_zynq_ultra_ps_e_0_S_AXI_HP2_FPD_imp_s00_regslice_0' (0#1) [/home/emanuel/workspace/mesh_vo/MultiPlatformDiffRenderer/src/backends/xrt/hls/build/xclbin/_x/link/vivado/vpl/prj/prj.runs/synth_1/.Xil/Vivado-1010969-HP-ProBook-445-G7/realtime/system_axi_ic_zynq_ultra_ps_e_0_S_AXI_HP2_FPD_imp_s00_regslice_0_stub.v:6]
INFO: [Synth 8-6155] done synthesizing module 's00_couplers_imp_Y1JJJP' (0#1) [/home/emanuel/workspace/mesh_vo/MultiPlatformDiffRenderer/src/backends/xrt/hls/build/xclbin/_x/link/vivado/vpl/prj/prj.gen/sources_1/bd/system/synth/system.v:978]
INFO: [Synth 8-6157] synthesizing module 's01_couplers_imp_1N23SX0' [/home/emanuel/workspace/mesh_vo/MultiPlatformDiffRenderer/src/backends/xrt/hls/build/xclbin/_x/link/vivado/vpl/prj/prj.gen/sources_1/bd/system/synth/system.v:1187]
INFO: [Synth 8-6157] synthesizing module 'system_axi_ic_zynq_ultra_ps_e_0_S_AXI_HP2_FPD_imp_auto_us_df_1' [/home/emanuel/workspace/mesh_vo/MultiPlatformDiffRenderer/src/backends/xrt/hls/build/xclbin/_x/link/vivado/vpl/prj/prj.runs/synth_1/.Xil/Vivado-1010969-HP-ProBook-445-G7/realtime/system_axi_ic_zynq_ultra_ps_e_0_S_AXI_HP2_FPD_imp_auto_us_df_1_stub.v:6]
INFO: [Synth 8-6155] done synthesizing module 'system_axi_ic_zynq_ultra_ps_e_0_S_AXI_HP2_FPD_imp_auto_us_df_1' (0#1) [/home/emanuel/workspace/mesh_vo/MultiPlatformDiffRenderer/src/backends/xrt/hls/build/xclbin/_x/link/vivado/vpl/prj/prj.runs/synth_1/.Xil/Vivado-1010969-HP-ProBook-445-G7/realtime/system_axi_ic_zynq_ultra_ps_e_0_S_AXI_HP2_FPD_imp_auto_us_df_1_stub.v:6]
WARNING: [Synth 8-7023] instance 'auto_us_df' of module 'system_axi_ic_zynq_ultra_ps_e_0_S_AXI_HP2_FPD_imp_auto_us_df_1' has 36 connections declared, but only 35 given [/home/emanuel/workspace/mesh_vo/MultiPlatformDiffRenderer/src/backends/xrt/hls/build/xclbin/_x/link/vivado/vpl/prj/prj.gen/sources_1/bd/system/synth/system.v:1319]
INFO: [Synth 8-6157] synthesizing module 'system_axi_ic_zynq_ultra_ps_e_0_S_AXI_HP2_FPD_imp_s01_regslice_0' [/home/emanuel/workspace/mesh_vo/MultiPlatformDiffRenderer/src/backends/xrt/hls/build/xclbin/_x/link/vivado/vpl/prj/prj.runs/synth_1/.Xil/Vivado-1010969-HP-ProBook-445-G7/realtime/system_axi_ic_zynq_ultra_ps_e_0_S_AXI_HP2_FPD_imp_s01_regslice_0_stub.v:6]
INFO: [Synth 8-6155] done synthesizing module 'system_axi_ic_zynq_ultra_ps_e_0_S_AXI_HP2_FPD_imp_s01_regslice_0' (0#1) [/home/emanuel/workspace/mesh_vo/MultiPlatformDiffRenderer/src/backends/xrt/hls/build/xclbin/_x/link/vivado/vpl/prj/prj.runs/synth_1/.Xil/Vivado-1010969-HP-ProBook-445-G7/realtime/system_axi_ic_zynq_ultra_ps_e_0_S_AXI_HP2_FPD_imp_s01_regslice_0_stub.v:6]
INFO: [Synth 8-6155] done synthesizing module 's01_couplers_imp_1N23SX0' (0#1) [/home/emanuel/workspace/mesh_vo/MultiPlatformDiffRenderer/src/backends/xrt/hls/build/xclbin/_x/link/vivado/vpl/prj/prj.gen/sources_1/bd/system/synth/system.v:1187]
INFO: [Synth 8-6157] synthesizing module 's02_couplers_imp_1Y7TT5I' [/home/emanuel/workspace/mesh_vo/MultiPlatformDiffRenderer/src/backends/xrt/hls/build/xclbin/_x/link/vivado/vpl/prj/prj.gen/sources_1/bd/system/synth/system.v:1396]
INFO: [Synth 8-6157] synthesizing module 'system_axi_ic_zynq_ultra_ps_e_0_S_AXI_HP2_FPD_imp_auto_us_df_2' [/home/emanuel/workspace/mesh_vo/MultiPlatformDiffRenderer/src/backends/xrt/hls/build/xclbin/_x/link/vivado/vpl/prj/prj.runs/synth_1/.Xil/Vivado-1010969-HP-ProBook-445-G7/realtime/system_axi_ic_zynq_ultra_ps_e_0_S_AXI_HP2_FPD_imp_auto_us_df_2_stub.v:6]
INFO: [Synth 8-6155] done synthesizing module 'system_axi_ic_zynq_ultra_ps_e_0_S_AXI_HP2_FPD_imp_auto_us_df_2' (0#1) [/home/emanuel/workspace/mesh_vo/MultiPlatformDiffRenderer/src/backends/xrt/hls/build/xclbin/_x/link/vivado/vpl/prj/prj.runs/synth_1/.Xil/Vivado-1010969-HP-ProBook-445-G7/realtime/system_axi_ic_zynq_ultra_ps_e_0_S_AXI_HP2_FPD_imp_auto_us_df_2_stub.v:6]
WARNING: [Synth 8-7023] instance 'auto_us_df' of module 'system_axi_ic_zynq_ultra_ps_e_0_S_AXI_HP2_FPD_imp_auto_us_df_2' has 36 connections declared, but only 35 given [/home/emanuel/workspace/mesh_vo/MultiPlatformDiffRenderer/src/backends/xrt/hls/build/xclbin/_x/link/vivado/vpl/prj/prj.gen/sources_1/bd/system/synth/system.v:1528]
INFO: [Synth 8-6157] synthesizing module 'system_axi_ic_zynq_ultra_ps_e_0_S_AXI_HP2_FPD_imp_s02_regslice_0' [/home/emanuel/workspace/mesh_vo/MultiPlatformDiffRenderer/src/backends/xrt/hls/build/xclbin/_x/link/vivado/vpl/prj/prj.runs/synth_1/.Xil/Vivado-1010969-HP-ProBook-445-G7/realtime/system_axi_ic_zynq_ultra_ps_e_0_S_AXI_HP2_FPD_imp_s02_regslice_0_stub.v:6]
INFO: [Synth 8-6155] done synthesizing module 'system_axi_ic_zynq_ultra_ps_e_0_S_AXI_HP2_FPD_imp_s02_regslice_0' (0#1) [/home/emanuel/workspace/mesh_vo/MultiPlatformDiffRenderer/src/backends/xrt/hls/build/xclbin/_x/link/vivado/vpl/prj/prj.runs/synth_1/.Xil/Vivado-1010969-HP-ProBook-445-G7/realtime/system_axi_ic_zynq_ultra_ps_e_0_S_AXI_HP2_FPD_imp_s02_regslice_0_stub.v:6]
INFO: [Synth 8-6155] done synthesizing module 's02_couplers_imp_1Y7TT5I' (0#1) [/home/emanuel/workspace/mesh_vo/MultiPlatformDiffRenderer/src/backends/xrt/hls/build/xclbin/_x/link/vivado/vpl/prj/prj.gen/sources_1/bd/system/synth/system.v:1396]
INFO: [Synth 8-6157] synthesizing module 's03_couplers_imp_N5TIYV' [/home/emanuel/workspace/mesh_vo/MultiPlatformDiffRenderer/src/backends/xrt/hls/build/xclbin/_x/link/vivado/vpl/prj/prj.gen/sources_1/bd/system/synth/system.v:1605]
INFO: [Synth 8-6157] synthesizing module 'system_axi_ic_zynq_ultra_ps_e_0_S_AXI_HP2_FPD_imp_auto_us_df_3' [/home/emanuel/workspace/mesh_vo/MultiPlatformDiffRenderer/src/backends/xrt/hls/build/xclbin/_x/link/vivado/vpl/prj/prj.runs/synth_1/.Xil/Vivado-1010969-HP-ProBook-445-G7/realtime/system_axi_ic_zynq_ultra_ps_e_0_S_AXI_HP2_FPD_imp_auto_us_df_3_stub.v:6]
INFO: [Synth 8-6155] done synthesizing module 'system_axi_ic_zynq_ultra_ps_e_0_S_AXI_HP2_FPD_imp_auto_us_df_3' (0#1) [/home/emanuel/workspace/mesh_vo/MultiPlatformDiffRenderer/src/backends/xrt/hls/build/xclbin/_x/link/vivado/vpl/prj/prj.runs/synth_1/.Xil/Vivado-1010969-HP-ProBook-445-G7/realtime/system_axi_ic_zynq_ultra_ps_e_0_S_AXI_HP2_FPD_imp_auto_us_df_3_stub.v:6]
WARNING: [Synth 8-7023] instance 'auto_us_df' of module 'system_axi_ic_zynq_ultra_ps_e_0_S_AXI_HP2_FPD_imp_auto_us_df_3' has 36 connections declared, but only 35 given [/home/emanuel/workspace/mesh_vo/MultiPlatformDiffRenderer/src/backends/xrt/hls/build/xclbin/_x/link/vivado/vpl/prj/prj.gen/sources_1/bd/system/synth/system.v:1737]
INFO: [Synth 8-6157] synthesizing module 'system_axi_ic_zynq_ultra_ps_e_0_S_AXI_HP2_FPD_imp_s03_regslice_0' [/home/emanuel/workspace/mesh_vo/MultiPlatformDiffRenderer/src/backends/xrt/hls/build/xclbin/_x/link/vivado/vpl/prj/prj.runs/synth_1/.Xil/Vivado-1010969-HP-ProBook-445-G7/realtime/system_axi_ic_zynq_ultra_ps_e_0_S_AXI_HP2_FPD_imp_s03_regslice_0_stub.v:6]
INFO: [Synth 8-6155] done synthesizing module 'system_axi_ic_zynq_ultra_ps_e_0_S_AXI_HP2_FPD_imp_s03_regslice_0' (0#1) [/home/emanuel/workspace/mesh_vo/MultiPlatformDiffRenderer/src/backends/xrt/hls/build/xclbin/_x/link/vivado/vpl/prj/prj.runs/synth_1/.Xil/Vivado-1010969-HP-ProBook-445-G7/realtime/system_axi_ic_zynq_ultra_ps_e_0_S_AXI_HP2_FPD_imp_s03_regslice_0_stub.v:6]
INFO: [Synth 8-6155] done synthesizing module 's03_couplers_imp_N5TIYV' (0#1) [/home/emanuel/workspace/mesh_vo/MultiPlatformDiffRenderer/src/backends/xrt/hls/build/xclbin/_x/link/vivado/vpl/prj/prj.gen/sources_1/bd/system/synth/system.v:1605]
INFO: [Synth 8-6157] synthesizing module 's04_couplers_imp_1CF1B8Y' [/home/emanuel/workspace/mesh_vo/MultiPlatformDiffRenderer/src/backends/xrt/hls/build/xclbin/_x/link/vivado/vpl/prj/prj.gen/sources_1/bd/system/synth/system.v:1814]
INFO: [Synth 8-6157] synthesizing module 'system_axi_ic_zynq_ultra_ps_e_0_S_AXI_HP2_FPD_imp_auto_us_df_4' [/home/emanuel/workspace/mesh_vo/MultiPlatformDiffRenderer/src/backends/xrt/hls/build/xclbin/_x/link/vivado/vpl/prj/prj.runs/synth_1/.Xil/Vivado-1010969-HP-ProBook-445-G7/realtime/system_axi_ic_zynq_ultra_ps_e_0_S_AXI_HP2_FPD_imp_auto_us_df_4_stub.v:6]
INFO: [Synth 8-6155] done synthesizing module 'system_axi_ic_zynq_ultra_ps_e_0_S_AXI_HP2_FPD_imp_auto_us_df_4' (0#1) [/home/emanuel/workspace/mesh_vo/MultiPlatformDiffRenderer/src/backends/xrt/hls/build/xclbin/_x/link/vivado/vpl/prj/prj.runs/synth_1/.Xil/Vivado-1010969-HP-ProBook-445-G7/realtime/system_axi_ic_zynq_ultra_ps_e_0_S_AXI_HP2_FPD_imp_auto_us_df_4_stub.v:6]
WARNING: [Synth 8-7023] instance 'auto_us_df' of module 'system_axi_ic_zynq_ultra_ps_e_0_S_AXI_HP2_FPD_imp_auto_us_df_4' has 36 connections declared, but only 35 given [/home/emanuel/workspace/mesh_vo/MultiPlatformDiffRenderer/src/backends/xrt/hls/build/xclbin/_x/link/vivado/vpl/prj/prj.gen/sources_1/bd/system/synth/system.v:1946]
INFO: [Synth 8-6157] synthesizing module 'system_axi_ic_zynq_ultra_ps_e_0_S_AXI_HP2_FPD_imp_s04_regslice_0' [/home/emanuel/workspace/mesh_vo/MultiPlatformDiffRenderer/src/backends/xrt/hls/build/xclbin/_x/link/vivado/vpl/prj/prj.runs/synth_1/.Xil/Vivado-1010969-HP-ProBook-445-G7/realtime/system_axi_ic_zynq_ultra_ps_e_0_S_AXI_HP2_FPD_imp_s04_regslice_0_stub.v:6]
INFO: [Synth 8-6155] done synthesizing module 'system_axi_ic_zynq_ultra_ps_e_0_S_AXI_HP2_FPD_imp_s04_regslice_0' (0#1) [/home/emanuel/workspace/mesh_vo/MultiPlatformDiffRenderer/src/backends/xrt/hls/build/xclbin/_x/link/vivado/vpl/prj/prj.runs/synth_1/.Xil/Vivado-1010969-HP-ProBook-445-G7/realtime/system_axi_ic_zynq_ultra_ps_e_0_S_AXI_HP2_FPD_imp_s04_regslice_0_stub.v:6]
INFO: [Synth 8-6155] done synthesizing module 's04_couplers_imp_1CF1B8Y' (0#1) [/home/emanuel/workspace/mesh_vo/MultiPlatformDiffRenderer/src/backends/xrt/hls/build/xclbin/_x/link/vivado/vpl/prj/prj.gen/sources_1/bd/system/synth/system.v:1814]
INFO: [Synth 8-6157] synthesizing module 's05_couplers_imp_92O4J' [/home/emanuel/workspace/mesh_vo/MultiPlatformDiffRenderer/src/backends/xrt/hls/build/xclbin/_x/link/vivado/vpl/prj/prj.gen/sources_1/bd/system/synth/system.v:2023]
INFO: [Synth 8-6157] synthesizing module 'system_axi_ic_zynq_ultra_ps_e_0_S_AXI_HP2_FPD_imp_auto_us_df_5' [/home/emanuel/workspace/mesh_vo/MultiPlatformDiffRenderer/src/backends/xrt/hls/build/xclbin/_x/link/vivado/vpl/prj/prj.runs/synth_1/.Xil/Vivado-1010969-HP-ProBook-445-G7/realtime/system_axi_ic_zynq_ultra_ps_e_0_S_AXI_HP2_FPD_imp_auto_us_df_5_stub.v:6]
INFO: [Synth 8-6155] done synthesizing module 'system_axi_ic_zynq_ultra_ps_e_0_S_AXI_HP2_FPD_imp_auto_us_df_5' (0#1) [/home/emanuel/workspace/mesh_vo/MultiPlatformDiffRenderer/src/backends/xrt/hls/build/xclbin/_x/link/vivado/vpl/prj/prj.runs/synth_1/.Xil/Vivado-1010969-HP-ProBook-445-G7/realtime/system_axi_ic_zynq_ultra_ps_e_0_S_AXI_HP2_FPD_imp_auto_us_df_5_stub.v:6]
WARNING: [Synth 8-7023] instance 'auto_us_df' of module 'system_axi_ic_zynq_ultra_ps_e_0_S_AXI_HP2_FPD_imp_auto_us_df_5' has 42 connections declared, but only 41 given [/home/emanuel/workspace/mesh_vo/MultiPlatformDiffRenderer/src/backends/xrt/hls/build/xclbin/_x/link/vivado/vpl/prj/prj.gen/sources_1/bd/system/synth/system.v:2176]
INFO: [Synth 8-6157] synthesizing module 'system_axi_ic_zynq_ultra_ps_e_0_S_AXI_HP2_FPD_imp_s05_regslice_0' [/home/emanuel/workspace/mesh_vo/MultiPlatformDiffRenderer/src/backends/xrt/hls/build/xclbin/_x/link/vivado/vpl/prj/prj.runs/synth_1/.Xil/Vivado-1010969-HP-ProBook-445-G7/realtime/system_axi_ic_zynq_ultra_ps_e_0_S_AXI_HP2_FPD_imp_s05_regslice_0_stub.v:6]
INFO: [Synth 8-6155] done synthesizing module 'system_axi_ic_zynq_ultra_ps_e_0_S_AXI_HP2_FPD_imp_s05_regslice_0' (0#1) [/home/emanuel/workspace/mesh_vo/MultiPlatformDiffRenderer/src/backends/xrt/hls/build/xclbin/_x/link/vivado/vpl/prj/prj.runs/synth_1/.Xil/Vivado-1010969-HP-ProBook-445-G7/realtime/system_axi_ic_zynq_ultra_ps_e_0_S_AXI_HP2_FPD_imp_s05_regslice_0_stub.v:6]
INFO: [Synth 8-6155] done synthesizing module 's05_couplers_imp_92O4J' (0#1) [/home/emanuel/workspace/mesh_vo/MultiPlatformDiffRenderer/src/backends/xrt/hls/build/xclbin/_x/link/vivado/vpl/prj/prj.gen/sources_1/bd/system/synth/system.v:2023]
INFO: [Synth 8-6157] synthesizing module 'system_axi_ic_zynq_ultra_ps_e_0_S_AXI_HP2_FPD_upgraded_ipi_imp_xbar_0' [/home/emanuel/workspace/mesh_vo/MultiPlatformDiffRenderer/src/backends/xrt/hls/build/xclbin/_x/link/vivado/vpl/prj/prj.runs/synth_1/.Xil/Vivado-1010969-HP-ProBook-445-G7/realtime/system_axi_ic_zynq_ultra_ps_e_0_S_AXI_HP2_FPD_upgraded_ipi_imp_xbar_0_stub.v:6]
INFO: [Synth 8-6155] done synthesizing module 'system_axi_ic_zynq_ultra_ps_e_0_S_AXI_HP2_FPD_upgraded_ipi_imp_xbar_0' (0#1) [/home/emanuel/workspace/mesh_vo/MultiPlatformDiffRenderer/src/backends/xrt/hls/build/xclbin/_x/link/vivado/vpl/prj/prj.runs/synth_1/.Xil/Vivado-1010969-HP-ProBook-445-G7/realtime/system_axi_ic_zynq_ultra_ps_e_0_S_AXI_HP2_FPD_upgraded_ipi_imp_xbar_0_stub.v:6]
WARNING: [Synth 8-689] width (5) of port connection 's_axi_arready' does not match port width (6) of module 'system_axi_ic_zynq_ultra_ps_e_0_S_AXI_HP2_FPD_upgraded_ipi_imp_xbar_0' [/home/emanuel/workspace/mesh_vo/MultiPlatformDiffRenderer/src/backends/xrt/hls/build/xclbin/_x/link/vivado/vpl/prj/prj.gen/sources_1/bd/system/synth/system.v:4058]
WARNING: [Synth 8-689] width (640) of port connection 's_axi_rdata' does not match port width (768) of module 'system_axi_ic_zynq_ultra_ps_e_0_S_AXI_HP2_FPD_upgraded_ipi_imp_xbar_0' [/home/emanuel/workspace/mesh_vo/MultiPlatformDiffRenderer/src/backends/xrt/hls/build/xclbin/_x/link/vivado/vpl/prj/prj.gen/sources_1/bd/system/synth/system.v:4075]
WARNING: [Synth 8-689] width (5) of port connection 's_axi_rlast' does not match port width (6) of module 'system_axi_ic_zynq_ultra_ps_e_0_S_AXI_HP2_FPD_upgraded_ipi_imp_xbar_0' [/home/emanuel/workspace/mesh_vo/MultiPlatformDiffRenderer/src/backends/xrt/hls/build/xclbin/_x/link/vivado/vpl/prj/prj.gen/sources_1/bd/system/synth/system.v:4076]
WARNING: [Synth 8-689] width (10) of port connection 's_axi_rresp' does not match port width (12) of module 'system_axi_ic_zynq_ultra_ps_e_0_S_AXI_HP2_FPD_upgraded_ipi_imp_xbar_0' [/home/emanuel/workspace/mesh_vo/MultiPlatformDiffRenderer/src/backends/xrt/hls/build/xclbin/_x/link/vivado/vpl/prj/prj.gen/sources_1/bd/system/synth/system.v:4078]
WARNING: [Synth 8-689] width (5) of port connection 's_axi_rvalid' does not match port width (6) of module 'system_axi_ic_zynq_ultra_ps_e_0_S_AXI_HP2_FPD_upgraded_ipi_imp_xbar_0' [/home/emanuel/workspace/mesh_vo/MultiPlatformDiffRenderer/src/backends/xrt/hls/build/xclbin/_x/link/vivado/vpl/prj/prj.gen/sources_1/bd/system/synth/system.v:4079]
WARNING: [Synth 8-7023] instance 'xbar' of module 'system_axi_ic_zynq_ultra_ps_e_0_S_AXI_HP2_FPD_upgraded_ipi_imp_xbar_0' has 78 connections declared, but only 76 given [/home/emanuel/workspace/mesh_vo/MultiPlatformDiffRenderer/src/backends/xrt/hls/build/xclbin/_x/link/vivado/vpl/prj/prj.gen/sources_1/bd/system/synth/system.v:4008]
INFO: [Synth 8-6155] done synthesizing module 'system_axi_ic_zynq_ultra_ps_e_0_S_AXI_HP2_FPD_0' (0#1) [/home/emanuel/workspace/mesh_vo/MultiPlatformDiffRenderer/src/backends/xrt/hls/build/xclbin/_x/link/vivado/vpl/prj/prj.gen/sources_1/bd/system/synth/system.v:3076]
INFO: [Synth 8-6157] synthesizing module 'system_axi_intc_0_0' [/home/emanuel/workspace/mesh_vo/MultiPlatformDiffRenderer/src/backends/xrt/hls/build/xclbin/_x/link/vivado/vpl/prj/prj.runs/synth_1/.Xil/Vivado-1010969-HP-ProBook-445-G7/realtime/system_axi_intc_0_0_stub.v:6]
INFO: [Synth 8-6155] done synthesizing module 'system_axi_intc_0_0' (0#1) [/home/emanuel/workspace/mesh_vo/MultiPlatformDiffRenderer/src/backends/xrt/hls/build/xclbin/_x/link/vivado/vpl/prj/prj.runs/synth_1/.Xil/Vivado-1010969-HP-ProBook-445-G7/realtime/system_axi_intc_0_0_stub.v:6]
INFO: [Synth 8-6157] synthesizing module 'system_axi_intc_0_intr_1_interrupt_concat_0' [/home/emanuel/workspace/mesh_vo/MultiPlatformDiffRenderer/src/backends/xrt/hls/build/xclbin/_x/link/vivado/vpl/prj/prj.gen/sources_1/bd/system/ip/system_axi_intc_0_intr_1_interrupt_concat_0/synth/system_axi_intc_0_intr_1_interrupt_concat_0.v:53]
INFO: [Synth 8-6157] synthesizing module 'xlconcat_v2_1_6_xlconcat' [/home/emanuel/workspace/mesh_vo/MultiPlatformDiffRenderer/src/backends/xrt/hls/build/xclbin/_x/link/vivado/vpl/prj/prj.gen/sources_1/bd/system/ipshared/6120/hdl/xlconcat_v2_1_vl_rfs.v:59]
INFO: [Synth 8-6155] done synthesizing module 'xlconcat_v2_1_6_xlconcat' (0#1) [/home/emanuel/workspace/mesh_vo/MultiPlatformDiffRenderer/src/backends/xrt/hls/build/xclbin/_x/link/vivado/vpl/prj/prj.gen/sources_1/bd/system/ipshared/6120/hdl/xlconcat_v2_1_vl_rfs.v:59]
INFO: [Synth 8-6155] done synthesizing module 'system_axi_intc_0_intr_1_interrupt_concat_0' (0#1) [/home/emanuel/workspace/mesh_vo/MultiPlatformDiffRenderer/src/backends/xrt/hls/build/xclbin/_x/link/vivado/vpl/prj/prj.gen/sources_1/bd/system/ip/system_axi_intc_0_intr_1_interrupt_concat_0/synth/system_axi_intc_0_intr_1_interrupt_concat_0.v:53]
INFO: [Synth 8-6157] synthesizing module 'system_clk_wiz_0_0' [/home/emanuel/workspace/mesh_vo/MultiPlatformDiffRenderer/src/backends/xrt/hls/build/xclbin/_x/link/vivado/vpl/prj/prj.runs/synth_1/.Xil/Vivado-1010969-HP-ProBook-445-G7/realtime/system_clk_wiz_0_0_stub.v:6]
INFO: [Synth 8-6155] done synthesizing module 'system_clk_wiz_0_0' (0#1) [/home/emanuel/workspace/mesh_vo/MultiPlatformDiffRenderer/src/backends/xrt/hls/build/xclbin/_x/link/vivado/vpl/prj/prj.runs/synth_1/.Xil/Vivado-1010969-HP-ProBook-445-G7/realtime/system_clk_wiz_0_0_stub.v:6]
INFO: [Synth 8-6157] synthesizing module 'system_irq_const_tieoff_0' [/home/emanuel/workspace/mesh_vo/MultiPlatformDiffRenderer/src/backends/xrt/hls/build/xclbin/_x/link/vivado/vpl/prj/prj.gen/sources_1/bd/system/ip/system_irq_const_tieoff_0/synth/system_irq_const_tieoff_0.v:53]
INFO: [Synth 8-6157] synthesizing module 'xlconstant_v1_1_9_xlconstant' [/home/emanuel/workspace/mesh_vo/MultiPlatformDiffRenderer/src/backends/xrt/hls/build/xclbin/_x/link/vivado/vpl/prj/prj.gen/sources_1/bd/system/ipshared/e2d2/hdl/xlconstant_v1_1_vl_rfs.v:68]
INFO: [Synth 8-6155] done synthesizing module 'xlconstant_v1_1_9_xlconstant' (0#1) [/home/emanuel/workspace/mesh_vo/MultiPlatformDiffRenderer/src/backends/xrt/hls/build/xclbin/_x/link/vivado/vpl/prj/prj.gen/sources_1/bd/system/ipshared/e2d2/hdl/xlconstant_v1_1_vl_rfs.v:68]
INFO: [Synth 8-6155] done synthesizing module 'system_irq_const_tieoff_0' (0#1) [/home/emanuel/workspace/mesh_vo/MultiPlatformDiffRenderer/src/backends/xrt/hls/build/xclbin/_x/link/vivado/vpl/prj/prj.gen/sources_1/bd/system/ip/system_irq_const_tieoff_0/synth/system_irq_const_tieoff_0.v:53]
WARNING: [Synth 8-4446] all outputs are unconnected for this instance and logic may be removed [/home/emanuel/workspace/mesh_vo/MultiPlatformDiffRenderer/src/backends/xrt/hls/build/xclbin/_x/link/vivado/vpl/prj/prj.gen/sources_1/bd/system/synth/system.v:2893]
INFO: [Synth 8-6157] synthesizing module 'system_proc_sys_reset_1_0' [/home/emanuel/workspace/mesh_vo/MultiPlatformDiffRenderer/src/backends/xrt/hls/build/xclbin/_x/link/vivado/vpl/prj/prj.runs/synth_1/.Xil/Vivado-1010969-HP-ProBook-445-G7/realtime/system_proc_sys_reset_1_0_stub.v:6]
INFO: [Synth 8-6155] done synthesizing module 'system_proc_sys_reset_1_0' (0#1) [/home/emanuel/workspace/mesh_vo/MultiPlatformDiffRenderer/src/backends/xrt/hls/build/xclbin/_x/link/vivado/vpl/prj/prj.runs/synth_1/.Xil/Vivado-1010969-HP-ProBook-445-G7/realtime/system_proc_sys_reset_1_0_stub.v:6]
WARNING: [Synth 8-7023] instance 'proc_sys_reset_1' of module 'system_proc_sys_reset_1_0' has 10 connections declared, but only 5 given [/home/emanuel/workspace/mesh_vo/MultiPlatformDiffRenderer/src/backends/xrt/hls/build/xclbin/_x/link/vivado/vpl/prj/prj.gen/sources_1/bd/system/synth/system.v:2893]
INFO: [Synth 8-6157] synthesizing module 'system_proc_sys_reset_2_0' [/home/emanuel/workspace/mesh_vo/MultiPlatformDiffRenderer/src/backends/xrt/hls/build/xclbin/_x/link/vivado/vpl/prj/prj.runs/synth_1/.Xil/Vivado-1010969-HP-ProBook-445-G7/realtime/system_proc_sys_reset_2_0_stub.v:6]
INFO: [Synth 8-6155] done synthesizing module 'system_proc_sys_reset_2_0' (0#1) [/home/emanuel/workspace/mesh_vo/MultiPlatformDiffRenderer/src/backends/xrt/hls/build/xclbin/_x/link/vivado/vpl/prj/prj.runs/synth_1/.Xil/Vivado-1010969-HP-ProBook-445-G7/realtime/system_proc_sys_reset_2_0_stub.v:6]
WARNING: [Synth 8-7023] instance 'proc_sys_reset_2' of module 'system_proc_sys_reset_2_0' has 10 connections declared, but only 6 given [/home/emanuel/workspace/mesh_vo/MultiPlatformDiffRenderer/src/backends/xrt/hls/build/xclbin/_x/link/vivado/vpl/prj/prj.gen/sources_1/bd/system/synth/system.v:2899]
WARNING: [Synth 8-4446] all outputs are unconnected for this instance and logic may be removed [/home/emanuel/workspace/mesh_vo/MultiPlatformDiffRenderer/src/backends/xrt/hls/build/xclbin/_x/link/vivado/vpl/prj/prj.gen/sources_1/bd/system/synth/system.v:2906]
INFO: [Synth 8-6157] synthesizing module 'system_proc_sys_reset_3_0' [/home/emanuel/workspace/mesh_vo/MultiPlatformDiffRenderer/src/backends/xrt/hls/build/xclbin/_x/link/vivado/vpl/prj/prj.runs/synth_1/.Xil/Vivado-1010969-HP-ProBook-445-G7/realtime/system_proc_sys_reset_3_0_stub.v:6]
INFO: [Synth 8-6155] done synthesizing module 'system_proc_sys_reset_3_0' (0#1) [/home/emanuel/workspace/mesh_vo/MultiPlatformDiffRenderer/src/backends/xrt/hls/build/xclbin/_x/link/vivado/vpl/prj/prj.runs/synth_1/.Xil/Vivado-1010969-HP-ProBook-445-G7/realtime/system_proc_sys_reset_3_0_stub.v:6]
WARNING: [Synth 8-7023] instance 'proc_sys_reset_3' of module 'system_proc_sys_reset_3_0' has 10 connections declared, but only 5 given [/home/emanuel/workspace/mesh_vo/MultiPlatformDiffRenderer/src/backends/xrt/hls/build/xclbin/_x/link/vivado/vpl/prj/prj.gen/sources_1/bd/system/synth/system.v:2906]
INFO: [Synth 8-6157] synthesizing module 'system_ps8_0_axi_periph_0' [/home/emanuel/workspace/mesh_vo/MultiPlatformDiffRenderer/src/backends/xrt/hls/build/xclbin/_x/link/vivado/vpl/prj/prj.gen/sources_1/bd/system/synth/system.v:4087]
INFO: [Synth 8-6157] synthesizing module 'm00_couplers_imp_N6CHY9' [/home/emanuel/workspace/mesh_vo/MultiPlatformDiffRenderer/src/backends/xrt/hls/build/xclbin/_x/link/vivado/vpl/prj/prj.gen/sources_1/bd/system/synth/system.v:457]
INFO: [Synth 8-6155] done synthesizing module 'm00_couplers_imp_N6CHY9' (0#1) [/home/emanuel/workspace/mesh_vo/MultiPlatformDiffRenderer/src/backends/xrt/hls/build/xclbin/_x/link/vivado/vpl/prj/prj.gen/sources_1/bd/system/synth/system.v:457]
INFO: [Synth 8-6157] synthesizing module 'm01_couplers_imp_1YGIC8G' [/home/emanuel/workspace/mesh_vo/MultiPlatformDiffRenderer/src/backends/xrt/hls/build/xclbin/_x/link/vivado/vpl/prj/prj.gen/sources_1/bd/system/synth/system.v:572]
INFO: [Synth 8-6157] synthesizing module 'system_ps8_0_axi_periph_imp_m01_regslice_0' [/home/emanuel/workspace/mesh_vo/MultiPlatformDiffRenderer/src/backends/xrt/hls/build/xclbin/_x/link/vivado/vpl/prj/prj.runs/synth_1/.Xil/Vivado-1010969-HP-ProBook-445-G7/realtime/system_ps8_0_axi_periph_imp_m01_regslice_0_stub.v:6]
INFO: [Synth 8-6155] done synthesizing module 'system_ps8_0_axi_periph_imp_m01_regslice_0' (0#1) [/home/emanuel/workspace/mesh_vo/MultiPlatformDiffRenderer/src/backends/xrt/hls/build/xclbin/_x/link/vivado/vpl/prj/prj.runs/synth_1/.Xil/Vivado-1010969-HP-ProBook-445-G7/realtime/system_ps8_0_axi_periph_imp_m01_regslice_0_stub.v:6]
WARNING: [Synth 8-7023] instance 'm01_regslice' of module 'system_ps8_0_axi_periph_imp_m01_regslice_0' has 40 connections declared, but only 38 given [/home/emanuel/workspace/mesh_vo/MultiPlatformDiffRenderer/src/backends/xrt/hls/build/xclbin/_x/link/vivado/vpl/prj/prj.gen/sources_1/bd/system/synth/system.v:693]
INFO: [Synth 8-6155] done synthesizing module 'm01_couplers_imp_1YGIC8G' (0#1) [/home/emanuel/workspace/mesh_vo/MultiPlatformDiffRenderer/src/backends/xrt/hls/build/xclbin/_x/link/vivado/vpl/prj/prj.gen/sources_1/bd/system/synth/system.v:572]
INFO: [Synth 8-6157] synthesizing module 's00_couplers_imp_RR89KG' [/home/emanuel/workspace/mesh_vo/MultiPlatformDiffRenderer/src/backends/xrt/hls/build/xclbin/_x/link/vivado/vpl/prj/prj.gen/sources_1/bd/system/synth/system.v:734]
INFO: [Synth 8-6157] synthesizing module 'system_ps8_0_axi_periph_imp_auto_pc_0' [/home/emanuel/workspace/mesh_vo/MultiPlatformDiffRenderer/src/backends/xrt/hls/build/xclbin/_x/link/vivado/vpl/prj/prj.runs/synth_1/.Xil/Vivado-1010969-HP-ProBook-445-G7/realtime/system_ps8_0_axi_periph_imp_auto_pc_0_stub.v:6]
INFO: [Synth 8-6155] done synthesizing module 'system_ps8_0_axi_periph_imp_auto_pc_0' (0#1) [/home/emanuel/workspace/mesh_vo/MultiPlatformDiffRenderer/src/backends/xrt/hls/build/xclbin/_x/link/vivado/vpl/prj/prj.runs/synth_1/.Xil/Vivado-1010969-HP-ProBook-445-G7/realtime/system_ps8_0_axi_periph_imp_auto_pc_0_stub.v:6]
INFO: [Synth 8-6155] done synthesizing module 's00_couplers_imp_RR89KG' (0#1) [/home/emanuel/workspace/mesh_vo/MultiPlatformDiffRenderer/src/backends/xrt/hls/build/xclbin/_x/link/vivado/vpl/prj/prj.gen/sources_1/bd/system/synth/system.v:734]
INFO: [Synth 8-6157] synthesizing module 'system_ps8_0_axi_periph_upgraded_ipi_imp_xbar_0' [/home/emanuel/workspace/mesh_vo/MultiPlatformDiffRenderer/src/backends/xrt/hls/build/xclbin/_x/link/vivado/vpl/prj/prj.runs/synth_1/.Xil/Vivado-1010969-HP-ProBook-445-G7/realtime/system_ps8_0_axi_periph_upgraded_ipi_imp_xbar_0_stub.v:6]
INFO: [Synth 8-6155] done synthesizing module 'system_ps8_0_axi_periph_upgraded_ipi_imp_xbar_0' (0#1) [/home/emanuel/workspace/mesh_vo/MultiPlatformDiffRenderer/src/backends/xrt/hls/build/xclbin/_x/link/vivado/vpl/prj/prj.runs/synth_1/.Xil/Vivado-1010969-HP-ProBook-445-G7/realtime/system_ps8_0_axi_periph_upgraded_ipi_imp_xbar_0_stub.v:6]
INFO: [Synth 8-6155] done synthesizing module 'system_ps8_0_axi_periph_0' (0#1) [/home/emanuel/workspace/mesh_vo/MultiPlatformDiffRenderer/src/backends/xrt/hls/build/xclbin/_x/link/vivado/vpl/prj/prj.gen/sources_1/bd/system/synth/system.v:4087]
INFO: [Synth 8-6157] synthesizing module 'system_zynq_ultra_ps_e_0_0' [/home/emanuel/workspace/mesh_vo/MultiPlatformDiffRenderer/src/backends/xrt/hls/build/xclbin/_x/link/vivado/vpl/prj/prj.runs/synth_1/.Xil/Vivado-1010969-HP-ProBook-445-G7/realtime/system_zynq_ultra_ps_e_0_0_stub.v:6]
INFO: [Synth 8-6155] done synthesizing module 'system_zynq_ultra_ps_e_0_0' (0#1) [/home/emanuel/workspace/mesh_vo/MultiPlatformDiffRenderer/src/backends/xrt/hls/build/xclbin/_x/link/vivado/vpl/prj/prj.runs/synth_1/.Xil/Vivado-1010969-HP-ProBook-445-G7/realtime/system_zynq_ultra_ps_e_0_0_stub.v:6]
WARNING: [Synth 8-7023] instance 'zynq_ultra_ps_e_0' of module 'system_zynq_ultra_ps_e_0_0' has 84 connections declared, but only 81 given [/home/emanuel/workspace/mesh_vo/MultiPlatformDiffRenderer/src/backends/xrt/hls/build/xclbin/_x/link/vivado/vpl/prj/prj.gen/sources_1/bd/system/synth/system.v:2992]
INFO: [Synth 8-6155] done synthesizing module 'system' (0#1) [/home/emanuel/workspace/mesh_vo/MultiPlatformDiffRenderer/src/backends/xrt/hls/build/xclbin/_x/link/vivado/vpl/prj/prj.gen/sources_1/bd/system/synth/system.v:2265]
INFO: [Synth 8-6155] done synthesizing module 'system_wrapper' (0#1) [/home/emanuel/workspace/mesh_vo/MultiPlatformDiffRenderer/src/backends/xrt/hls/build/xclbin/_x/link/vivado/vpl/prj/prj.gen/sources_1/bd/system/hdl/system_wrapper.v:13]
WARNING: [Synth 8-7129] Port M_ACLK in module s00_couplers_imp_RR89KG is either unconnected or has no load
WARNING: [Synth 8-7129] Port M_ARESETN in module s00_couplers_imp_RR89KG is either unconnected or has no load
WARNING: [Synth 8-7129] Port S_ACLK in module m01_couplers_imp_1YGIC8G is either unconnected or has no load
WARNING: [Synth 8-7129] Port S_ARESETN in module m01_couplers_imp_1YGIC8G is either unconnected or has no load
WARNING: [Synth 8-7129] Port S_AXI_araddr[39] in module m01_couplers_imp_1YGIC8G is either unconnected or has no load
WARNING: [Synth 8-7129] Port S_AXI_araddr[38] in module m01_couplers_imp_1YGIC8G is either unconnected or has no load
WARNING: [Synth 8-7129] Port S_AXI_araddr[37] in module m01_couplers_imp_1YGIC8G is either unconnected or has no load
WARNING: [Synth 8-7129] Port S_AXI_araddr[36] in module m01_couplers_imp_1YGIC8G is either unconnected or has no load
WARNING: [Synth 8-7129] Port S_AXI_araddr[35] in module m01_couplers_imp_1YGIC8G is either unconnected or has no load
WARNING: [Synth 8-7129] Port S_AXI_araddr[34] in module m01_couplers_imp_1YGIC8G is either unconnected or has no load
WARNING: [Synth 8-7129] Port S_AXI_araddr[33] in module m01_couplers_imp_1YGIC8G is either unconnected or has no load
WARNING: [Synth 8-7129] Port S_AXI_araddr[32] in module m01_couplers_imp_1YGIC8G is either unconnected or has no load
WARNING: [Synth 8-7129] Port S_AXI_araddr[31] in module m01_couplers_imp_1YGIC8G is either unconnected or has no load
WARNING: [Synth 8-7129] Port S_AXI_araddr[30] in module m01_couplers_imp_1YGIC8G is either unconnected or has no load
WARNING: [Synth 8-7129] Port S_AXI_araddr[29] in module m01_couplers_imp_1YGIC8G is either unconnected or has no load
WARNING: [Synth 8-7129] Port S_AXI_araddr[28] in module m01_couplers_imp_1YGIC8G is either unconnected or has no load
WARNING: [Synth 8-7129] Port S_AXI_araddr[27] in module m01_couplers_imp_1YGIC8G is either unconnected or has no load
WARNING: [Synth 8-7129] Port S_AXI_araddr[26] in module m01_couplers_imp_1YGIC8G is either unconnected or has no load
WARNING: [Synth 8-7129] Port S_AXI_araddr[25] in module m01_couplers_imp_1YGIC8G is either unconnected or has no load
WARNING: [Synth 8-7129] Port S_AXI_araddr[24] in module m01_couplers_imp_1YGIC8G is either unconnected or has no load
WARNING: [Synth 8-7129] Port S_AXI_araddr[23] in module m01_couplers_imp_1YGIC8G is either unconnected or has no load
WARNING: [Synth 8-7129] Port S_AXI_araddr[22] in module m01_couplers_imp_1YGIC8G is either unconnected or has no load
WARNING: [Synth 8-7129] Port S_AXI_araddr[21] in module m01_couplers_imp_1YGIC8G is either unconnected or has no load
WARNING: [Synth 8-7129] Port S_AXI_araddr[20] in module m01_couplers_imp_1YGIC8G is either unconnected or has no load
WARNING: [Synth 8-7129] Port S_AXI_araddr[19] in module m01_couplers_imp_1YGIC8G is either unconnected or has no load
WARNING: [Synth 8-7129] Port S_AXI_araddr[18] in module m01_couplers_imp_1YGIC8G is either unconnected or has no load
WARNING: [Synth 8-7129] Port S_AXI_araddr[17] in module m01_couplers_imp_1YGIC8G is either unconnected or has no load
WARNING: [Synth 8-7129] Port S_AXI_araddr[16] in module m01_couplers_imp_1YGIC8G is either unconnected or has no load
WARNING: [Synth 8-7129] Port S_AXI_araddr[15] in module m01_couplers_imp_1YGIC8G is either unconnected or has no load
WARNING: [Synth 8-7129] Port S_AXI_araddr[14] in module m01_couplers_imp_1YGIC8G is either unconnected or has no load
WARNING: [Synth 8-7129] Port S_AXI_araddr[13] in module m01_couplers_imp_1YGIC8G is either unconnected or has no load
WARNING: [Synth 8-7129] Port S_AXI_araddr[12] in module m01_couplers_imp_1YGIC8G is either unconnected or has no load
WARNING: [Synth 8-7129] Port S_AXI_araddr[11] in module m01_couplers_imp_1YGIC8G is either unconnected or has no load
WARNING: [Synth 8-7129] Port S_AXI_araddr[10] in module m01_couplers_imp_1YGIC8G is either unconnected or has no load
WARNING: [Synth 8-7129] Port S_AXI_araddr[9] in module m01_couplers_imp_1YGIC8G is either unconnected or has no load
WARNING: [Synth 8-7129] Port S_AXI_awaddr[39] in module m01_couplers_imp_1YGIC8G is either unconnected or has no load
WARNING: [Synth 8-7129] Port S_AXI_awaddr[38] in module m01_couplers_imp_1YGIC8G is either unconnected or has no load
WARNING: [Synth 8-7129] Port S_AXI_awaddr[37] in module m01_couplers_imp_1YGIC8G is either unconnected or has no load
WARNING: [Synth 8-7129] Port S_AXI_awaddr[36] in module m01_couplers_imp_1YGIC8G is either unconnected or has no load
WARNING: [Synth 8-7129] Port S_AXI_awaddr[35] in module m01_couplers_imp_1YGIC8G is either unconnected or has no load
WARNING: [Synth 8-7129] Port S_AXI_awaddr[34] in module m01_couplers_imp_1YGIC8G is either unconnected or has no load
WARNING: [Synth 8-7129] Port S_AXI_awaddr[33] in module m01_couplers_imp_1YGIC8G is either unconnected or has no load
WARNING: [Synth 8-7129] Port S_AXI_awaddr[32] in module m01_couplers_imp_1YGIC8G is either unconnected or has no load
WARNING: [Synth 8-7129] Port S_AXI_awaddr[31] in module m01_couplers_imp_1YGIC8G is either unconnected or has no load
WARNING: [Synth 8-7129] Port S_AXI_awaddr[30] in module m01_couplers_imp_1YGIC8G is either unconnected or has no load
WARNING: [Synth 8-7129] Port S_AXI_awaddr[29] in module m01_couplers_imp_1YGIC8G is either unconnected or has no load
WARNING: [Synth 8-7129] Port S_AXI_awaddr[28] in module m01_couplers_imp_1YGIC8G is either unconnected or has no load
WARNING: [Synth 8-7129] Port S_AXI_awaddr[27] in module m01_couplers_imp_1YGIC8G is either unconnected or has no load
WARNING: [Synth 8-7129] Port S_AXI_awaddr[26] in module m01_couplers_imp_1YGIC8G is either unconnected or has no load
WARNING: [Synth 8-7129] Port S_AXI_awaddr[25] in module m01_couplers_imp_1YGIC8G is either unconnected or has no load
WARNING: [Synth 8-7129] Port S_AXI_awaddr[24] in module m01_couplers_imp_1YGIC8G is either unconnected or has no load
WARNING: [Synth 8-7129] Port S_AXI_awaddr[23] in module m01_couplers_imp_1YGIC8G is either unconnected or has no load
WARNING: [Synth 8-7129] Port S_AXI_awaddr[22] in module m01_couplers_imp_1YGIC8G is either unconnected or has no load
WARNING: [Synth 8-7129] Port S_AXI_awaddr[21] in module m01_couplers_imp_1YGIC8G is either unconnected or has no load
WARNING: [Synth 8-7129] Port S_AXI_awaddr[20] in module m01_couplers_imp_1YGIC8G is either unconnected or has no load
WARNING: [Synth 8-7129] Port S_AXI_awaddr[19] in module m01_couplers_imp_1YGIC8G is either unconnected or has no load
WARNING: [Synth 8-7129] Port S_AXI_awaddr[18] in module m01_couplers_imp_1YGIC8G is either unconnected or has no load
WARNING: [Synth 8-7129] Port S_AXI_awaddr[17] in module m01_couplers_imp_1YGIC8G is either unconnected or has no load
WARNING: [Synth 8-7129] Port S_AXI_awaddr[16] in module m01_couplers_imp_1YGIC8G is either unconnected or has no load
WARNING: [Synth 8-7129] Port S_AXI_awaddr[15] in module m01_couplers_imp_1YGIC8G is either unconnected or has no load
WARNING: [Synth 8-7129] Port S_AXI_awaddr[14] in module m01_couplers_imp_1YGIC8G is either unconnected or has no load
WARNING: [Synth 8-7129] Port S_AXI_awaddr[13] in module m01_couplers_imp_1YGIC8G is either unconnected or has no load
WARNING: [Synth 8-7129] Port S_AXI_awaddr[12] in module m01_couplers_imp_1YGIC8G is either unconnected or has no load
WARNING: [Synth 8-7129] Port S_AXI_awaddr[11] in module m01_couplers_imp_1YGIC8G is either unconnected or has no load
WARNING: [Synth 8-7129] Port S_AXI_awaddr[10] in module m01_couplers_imp_1YGIC8G is either unconnected or has no load
WARNING: [Synth 8-7129] Port S_AXI_awaddr[9] in module m01_couplers_imp_1YGIC8G is either unconnected or has no load
WARNING: [Synth 8-7129] Port M_ACLK in module m00_couplers_imp_N6CHY9 is either unconnected or has no load
WARNING: [Synth 8-7129] Port M_ARESETN in module m00_couplers_imp_N6CHY9 is either unconnected or has no load
WARNING: [Synth 8-7129] Port S_ACLK in module m00_couplers_imp_N6CHY9 is either unconnected or has no load
WARNING: [Synth 8-7129] Port S_ARESETN in module m00_couplers_imp_N6CHY9 is either unconnected or has no load
WARNING: [Synth 8-7129] Port M00_ACLK in module system_ps8_0_axi_periph_0 is either unconnected or has no load
WARNING: [Synth 8-7129] Port M00_ARESETN in module system_ps8_0_axi_periph_0 is either unconnected or has no load
WARNING: [Synth 8-7129] Port M01_ACLK in module system_ps8_0_axi_periph_0 is either unconnected or has no load
WARNING: [Synth 8-7129] Port M01_ARESETN in module system_ps8_0_axi_periph_0 is either unconnected or has no load
WARNING: [Synth 8-7129] Port S00_ACLK in module system_ps8_0_axi_periph_0 is either unconnected or has no load
WARNING: [Synth 8-7129] Port S00_ARESETN in module system_ps8_0_axi_periph_0 is either unconnected or has no load
WARNING: [Synth 8-7129] Port In32[0] in module xlconcat_v2_1_6_xlconcat is either unconnected or has no load
WARNING: [Synth 8-7129] Port In33[0] in module xlconcat_v2_1_6_xlconcat is either unconnected or has no load
WARNING: [Synth 8-7129] Port In34[0] in module xlconcat_v2_1_6_xlconcat is either unconnected or has no load
WARNING: [Synth 8-7129] Port In35[0] in module xlconcat_v2_1_6_xlconcat is either unconnected or has no load
WARNING: [Synth 8-7129] Port In36[0] in module xlconcat_v2_1_6_xlconcat is either unconnected or has no load
WARNING: [Synth 8-7129] Port In37[0] in module xlconcat_v2_1_6_xlconcat is either unconnected or has no load
WARNING: [Synth 8-7129] Port In38[0] in module xlconcat_v2_1_6_xlconcat is either unconnected or has no load
WARNING: [Synth 8-7129] Port In39[0] in module xlconcat_v2_1_6_xlconcat is either unconnected or has no load
WARNING: [Synth 8-7129] Port In40[0] in module xlconcat_v2_1_6_xlconcat is either unconnected or has no load
WARNING: [Synth 8-7129] Port In41[0] in module xlconcat_v2_1_6_xlconcat is either unconnected or has no load
WARNING: [Synth 8-7129] Port In42[0] in module xlconcat_v2_1_6_xlconcat is either unconnected or has no load
WARNING: [Synth 8-7129] Port In43[0] in module xlconcat_v2_1_6_xlconcat is either unconnected or has no load
WARNING: [Synth 8-7129] Port In44[0] in module xlconcat_v2_1_6_xlconcat is either unconnected or has no load
WARNING: [Synth 8-7129] Port In45[0] in module xlconcat_v2_1_6_xlconcat is either unconnected or has no load
WARNING: [Synth 8-7129] Port In46[0] in module xlconcat_v2_1_6_xlconcat is either unconnected or has no load
WARNING: [Synth 8-7129] Port In47[0] in module xlconcat_v2_1_6_xlconcat is either unconnected or has no load
WARNING: [Synth 8-7129] Port In48[0] in module xlconcat_v2_1_6_xlconcat is either unconnected or has no load
WARNING: [Synth 8-7129] Port In49[0] in module xlconcat_v2_1_6_xlconcat is either unconnected or has no load
WARNING: [Synth 8-7129] Port In50[0] in module xlconcat_v2_1_6_xlconcat is either unconnected or has no load
WARNING: [Synth 8-7129] Port In51[0] in module xlconcat_v2_1_6_xlconcat is either unconnected or has no load
WARNING: [Synth 8-7129] Port In52[0] in module xlconcat_v2_1_6_xlconcat is either unconnected or has no load
WARNING: [Synth 8-7129] Port In53[0] in module xlconcat_v2_1_6_xlconcat is either unconnected or has no load
WARNING: [Synth 8-7129] Port In54[0] in module xlconcat_v2_1_6_xlconcat is either unconnected or has no load
WARNING: [Synth 8-7129] Port In55[0] in module xlconcat_v2_1_6_xlconcat is either unconnected or has no load
INFO: [Common 17-14] Message 'Synth 8-7129' appears 100 times and further instances of the messages will be disabled. Use the Tcl command set_msg_config to change the current settings.
---------------------------------------------------------------------------------
Finished RTL Elaboration : Time (s): cpu = 00:00:05 ; elapsed = 00:00:06 . Memory (MB): peak = 2595.297 ; gain = 215.625 ; free physical = 8311 ; free virtual = 16488
---------------------------------------------------------------------------------
---------------------------------------------------------------------------------
Start Handling Custom Attributes
---------------------------------------------------------------------------------
---------------------------------------------------------------------------------
Finished Handling Custom Attributes : Time (s): cpu = 00:00:05 ; elapsed = 00:00:06 . Memory (MB): peak = 2595.297 ; gain = 215.625 ; free physical = 8311 ; free virtual = 16488
---------------------------------------------------------------------------------
---------------------------------------------------------------------------------
Finished RTL Optimization Phase 1 : Time (s): cpu = 00:00:05 ; elapsed = 00:00:06 . Memory (MB): peak = 2595.297 ; gain = 215.625 ; free physical = 8311 ; free virtual = 16488
---------------------------------------------------------------------------------
Netlist sorting complete. Time (s): cpu = 00:00:00.04 ; elapsed = 00:00:00.04 . Memory (MB): peak = 2595.297 ; gain = 0.000 ; free physical = 8312 ; free virtual = 16488
INFO: [Project 1-570] Preparing netlist for logic optimization

Processing XDC Constraints
Initializing timing engine
Parsing XDC File [/home/emanuel/workspace/mesh_vo/MultiPlatformDiffRenderer/src/backends/xrt/hls/build/xclbin/_x/link/vivado/vpl/prj/prj.gen/sources_1/bd/system/ip/system_zynq_ultra_ps_e_0_0/system_zynq_ultra_ps_e_0_0/system_zynq_ultra_ps_e_0_0_in_context.xdc] for cell 'system_i/zynq_ultra_ps_e_0'
Finished Parsing XDC File [/home/emanuel/workspace/mesh_vo/MultiPlatformDiffRenderer/src/backends/xrt/hls/build/xclbin/_x/link/vivado/vpl/prj/prj.gen/sources_1/bd/system/ip/system_zynq_ultra_ps_e_0_0/system_zynq_ultra_ps_e_0_0/system_zynq_ultra_ps_e_0_0_in_context.xdc] for cell 'system_i/zynq_ultra_ps_e_0'
Parsing XDC File [/home/emanuel/workspace/mesh_vo/MultiPlatformDiffRenderer/src/backends/xrt/hls/build/xclbin/_x/link/vivado/vpl/prj/prj.gen/sources_1/bd/system/ip/system_clk_wiz_0_0/system_clk_wiz_0_0/system_clk_wiz_0_0_in_context.xdc] for cell 'system_i/clk_wiz_0'
Finished Parsing XDC File [/home/emanuel/workspace/mesh_vo/MultiPlatformDiffRenderer/src/backends/xrt/hls/build/xclbin/_x/link/vivado/vpl/prj/prj.gen/sources_1/bd/system/ip/system_clk_wiz_0_0/system_clk_wiz_0_0/system_clk_wiz_0_0_in_context.xdc] for cell 'system_i/clk_wiz_0'
Parsing XDC File [/home/emanuel/workspace/mesh_vo/MultiPlatformDiffRenderer/src/backends/xrt/hls/build/xclbin/_x/link/vivado/vpl/prj/prj.gen/sources_1/bd/system/ip/system_proc_sys_reset_1_0/system_proc_sys_reset_1_0/system_proc_sys_reset_1_0_in_context.xdc] for cell 'system_i/proc_sys_reset_1'
Finished Parsing XDC File [/home/emanuel/workspace/mesh_vo/MultiPlatformDiffRenderer/src/backends/xrt/hls/build/xclbin/_x/link/vivado/vpl/prj/prj.gen/sources_1/bd/system/ip/system_proc_sys_reset_1_0/system_proc_sys_reset_1_0/system_proc_sys_reset_1_0_in_context.xdc] for cell 'system_i/proc_sys_reset_1'
Parsing XDC File [/home/emanuel/workspace/mesh_vo/MultiPlatformDiffRenderer/src/backends/xrt/hls/build/xclbin/_x/link/vivado/vpl/prj/prj.gen/sources_1/bd/system/ip/system_proc_sys_reset_2_0/system_proc_sys_reset_2_0/system_proc_sys_reset_2_0_in_context.xdc] for cell 'system_i/proc_sys_reset_2'
Finished Parsing XDC File [/home/emanuel/workspace/mesh_vo/MultiPlatformDiffRenderer/src/backends/xrt/hls/build/xclbin/_x/link/vivado/vpl/prj/prj.gen/sources_1/bd/system/ip/system_proc_sys_reset_2_0/system_proc_sys_reset_2_0/system_proc_sys_reset_2_0_in_context.xdc] for cell 'system_i/proc_sys_reset_2'
Parsing XDC File [/home/emanuel/workspace/mesh_vo/MultiPlatformDiffRenderer/src/backends/xrt/hls/build/xclbin/_x/link/vivado/vpl/prj/prj.gen/sources_1/bd/system/ip/system_proc_sys_reset_3_0/system_proc_sys_reset_3_0/system_proc_sys_reset_3_0_in_context.xdc] for cell 'system_i/proc_sys_reset_3'
Finished Parsing XDC File [/home/emanuel/workspace/mesh_vo/MultiPlatformDiffRenderer/src/backends/xrt/hls/build/xclbin/_x/link/vivado/vpl/prj/prj.gen/sources_1/bd/system/ip/system_proc_sys_reset_3_0/system_proc_sys_reset_3_0/system_proc_sys_reset_3_0_in_context.xdc] for cell 'system_i/proc_sys_reset_3'
Parsing XDC File [/home/emanuel/workspace/mesh_vo/MultiPlatformDiffRenderer/src/backends/xrt/hls/build/xclbin/_x/link/vivado/vpl/prj/prj.gen/sources_1/bd/system/ip/system_axi_intc_0_0/system_axi_intc_0_0/system_axi_intc_0_0_in_context.xdc] for cell 'system_i/axi_intc_0'
Finished Parsing XDC File [/home/emanuel/workspace/mesh_vo/MultiPlatformDiffRenderer/src/backends/xrt/hls/build/xclbin/_x/link/vivado/vpl/prj/prj.gen/sources_1/bd/system/ip/system_axi_intc_0_0/system_axi_intc_0_0/system_axi_intc_0_0_in_context.xdc] for cell 'system_i/axi_intc_0'
Parsing XDC File [/home/emanuel/workspace/mesh_vo/MultiPlatformDiffRenderer/src/backends/xrt/hls/build/xclbin/_x/link/vivado/vpl/prj/prj.gen/sources_1/bd/system/ip/system_ps8_0_axi_periph_upgraded_ipi_imp_xbar_0/system_ps8_0_axi_periph_upgraded_ipi_imp_xbar_0/system_ps8_0_axi_periph_upgraded_ipi_imp_xbar_0_in_context.xdc] for cell 'system_i/ps8_0_axi_periph/xbar'
Finished Parsing XDC File [/home/emanuel/workspace/mesh_vo/MultiPlatformDiffRenderer/src/backends/xrt/hls/build/xclbin/_x/link/vivado/vpl/prj/prj.gen/sources_1/bd/system/ip/system_ps8_0_axi_periph_upgraded_ipi_imp_xbar_0/system_ps8_0_axi_periph_upgraded_ipi_imp_xbar_0/system_ps8_0_axi_periph_upgraded_ipi_imp_xbar_0_in_context.xdc] for cell 'system_i/ps8_0_axi_periph/xbar'
Parsing XDC File [/home/emanuel/workspace/mesh_vo/MultiPlatformDiffRenderer/src/backends/xrt/hls/build/xclbin/_x/link/vivado/vpl/prj/prj.gen/sources_1/bd/system/ip/system_ps8_0_axi_periph_imp_auto_pc_0/system_ps8_0_axi_periph_imp_auto_pc_0/system_ps8_0_axi_periph_imp_auto_pc_0_in_context.xdc] for cell 'system_i/ps8_0_axi_periph/s00_couplers/auto_pc'
Finished Parsing XDC File [/home/emanuel/workspace/mesh_vo/MultiPlatformDiffRenderer/src/backends/xrt/hls/build/xclbin/_x/link/vivado/vpl/prj/prj.gen/sources_1/bd/system/ip/system_ps8_0_axi_periph_imp_auto_pc_0/system_ps8_0_axi_periph_imp_auto_pc_0/system_ps8_0_axi_periph_imp_auto_pc_0_in_context.xdc] for cell 'system_i/ps8_0_axi_periph/s00_couplers/auto_pc'
Parsing XDC File [/home/emanuel/workspace/mesh_vo/MultiPlatformDiffRenderer/src/backends/xrt/hls/build/xclbin/_x/link/vivado/vpl/prj/prj.gen/sources_1/bd/system/ip/system_ps8_0_axi_periph_imp_m01_regslice_0/system_ps8_0_axi_periph_imp_m01_regslice_0/system_ps8_0_axi_periph_imp_m01_regslice_0_in_context.xdc] for cell 'system_i/ps8_0_axi_periph/m01_couplers/m01_regslice'
Finished Parsing XDC File [/home/emanuel/workspace/mesh_vo/MultiPlatformDiffRenderer/src/backends/xrt/hls/build/xclbin/_x/link/vivado/vpl/prj/prj.gen/sources_1/bd/system/ip/system_ps8_0_axi_periph_imp_m01_regslice_0/system_ps8_0_axi_periph_imp_m01_regslice_0/system_ps8_0_axi_periph_imp_m01_regslice_0_in_context.xdc] for cell 'system_i/ps8_0_axi_periph/m01_couplers/m01_regslice'
Parsing XDC File [/home/emanuel/workspace/mesh_vo/MultiPlatformDiffRenderer/src/backends/xrt/hls/build/xclbin/_x/link/vivado/vpl/prj/prj.gen/sources_1/bd/system/ip/system_ImageRenderHLS_1_0/system_ImageRenderHLS_1_0/system_ImageRenderHLS_1_0_in_context.xdc] for cell 'system_i/ImageRenderHLS_1'
Finished Parsing XDC File [/home/emanuel/workspace/mesh_vo/MultiPlatformDiffRenderer/src/backends/xrt/hls/build/xclbin/_x/link/vivado/vpl/prj/prj.gen/sources_1/bd/system/ip/system_ImageRenderHLS_1_0/system_ImageRenderHLS_1_0/system_ImageRenderHLS_1_0_in_context.xdc] for cell 'system_i/ImageRenderHLS_1'
Parsing XDC File [/home/emanuel/workspace/mesh_vo/MultiPlatformDiffRenderer/src/backends/xrt/hls/build/xclbin/_x/link/vivado/vpl/prj/prj.gen/sources_1/bd/system/ip/system_axi_ic_zynq_ultra_ps_e_0_S_AXI_HP2_FPD_upgraded_ipi_imp_xbar_0/system_axi_ic_zynq_ultra_ps_e_0_S_AXI_HP2_FPD_upgraded_ipi_imp_xbar_0/system_axi_ic_zynq_ultra_ps_e_0_S_AXI_HP2_FPD_upgraded_ipi_imp_xbar_0_in_context.xdc] for cell 'system_i/axi_ic_zynq_ultra_ps_e_0_S_AXI_HP2_FPD/xbar'
Finished Parsing XDC File [/home/emanuel/workspace/mesh_vo/MultiPlatformDiffRenderer/src/backends/xrt/hls/build/xclbin/_x/link/vivado/vpl/prj/prj.gen/sources_1/bd/system/ip/system_axi_ic_zynq_ultra_ps_e_0_S_AXI_HP2_FPD_upgraded_ipi_imp_xbar_0/system_axi_ic_zynq_ultra_ps_e_0_S_AXI_HP2_FPD_upgraded_ipi_imp_xbar_0/system_axi_ic_zynq_ultra_ps_e_0_S_AXI_HP2_FPD_upgraded_ipi_imp_xbar_0_in_context.xdc] for cell 'system_i/axi_ic_zynq_ultra_ps_e_0_S_AXI_HP2_FPD/xbar'
Parsing XDC File [/home/emanuel/workspace/mesh_vo/MultiPlatformDiffRenderer/src/backends/xrt/hls/build/xclbin/_x/link/vivado/vpl/prj/prj.gen/sources_1/bd/system/ip/system_axi_ic_zynq_ultra_ps_e_0_S_AXI_HP2_FPD_imp_s00_regslice_0/system_axi_ic_zynq_ultra_ps_e_0_S_AXI_HP2_FPD_imp_s00_regslice_0/system_axi_ic_zynq_ultra_ps_e_0_S_AXI_HP2_FPD_imp_s00_regslice_0_in_context.xdc] for cell 'system_i/axi_ic_zynq_ultra_ps_e_0_S_AXI_HP2_FPD/s00_couplers/s00_regslice'
Finished Parsing XDC File [/home/emanuel/workspace/mesh_vo/MultiPlatformDiffRenderer/src/backends/xrt/hls/build/xclbin/_x/link/vivado/vpl/prj/prj.gen/sources_1/bd/system/ip/system_axi_ic_zynq_ultra_ps_e_0_S_AXI_HP2_FPD_imp_s00_regslice_0/system_axi_ic_zynq_ultra_ps_e_0_S_AXI_HP2_FPD_imp_s00_regslice_0/system_axi_ic_zynq_ultra_ps_e_0_S_AXI_HP2_FPD_imp_s00_regslice_0_in_context.xdc] for cell 'system_i/axi_ic_zynq_ultra_ps_e_0_S_AXI_HP2_FPD/s00_couplers/s00_regslice'
Parsing XDC File [/home/emanuel/workspace/mesh_vo/MultiPlatformDiffRenderer/src/backends/xrt/hls/build/xclbin/_x/link/vivado/vpl/prj/prj.gen/sources_1/bd/system/ip/system_axi_ic_zynq_ultra_ps_e_0_S_AXI_HP2_FPD_imp_auto_us_df_0/system_axi_ic_zynq_ultra_ps_e_0_S_AXI_HP2_FPD_imp_auto_us_df_0/system_axi_ic_zynq_ultra_ps_e_0_S_AXI_HP2_FPD_imp_auto_us_df_3_in_context.xdc] for cell 'system_i/axi_ic_zynq_ultra_ps_e_0_S_AXI_HP2_FPD/s00_couplers/auto_us_df'
Finished Parsing XDC File [/home/emanuel/workspace/mesh_vo/MultiPlatformDiffRenderer/src/backends/xrt/hls/build/xclbin/_x/link/vivado/vpl/prj/prj.gen/sources_1/bd/system/ip/system_axi_ic_zynq_ultra_ps_e_0_S_AXI_HP2_FPD_imp_auto_us_df_0/system_axi_ic_zynq_ultra_ps_e_0_S_AXI_HP2_FPD_imp_auto_us_df_0/system_axi_ic_zynq_ultra_ps_e_0_S_AXI_HP2_FPD_imp_auto_us_df_3_in_context.xdc] for cell 'system_i/axi_ic_zynq_ultra_ps_e_0_S_AXI_HP2_FPD/s00_couplers/auto_us_df'
Parsing XDC File [/home/emanuel/workspace/mesh_vo/MultiPlatformDiffRenderer/src/backends/xrt/hls/build/xclbin/_x/link/vivado/vpl/prj/prj.gen/sources_1/bd/system/ip/system_axi_ic_zynq_ultra_ps_e_0_S_AXI_HP2_FPD_imp_s01_regslice_0/system_axi_ic_zynq_ultra_ps_e_0_S_AXI_HP2_FPD_imp_s01_regslice_0/system_axi_ic_zynq_ultra_ps_e_0_S_AXI_HP2_FPD_imp_s00_regslice_0_in_context.xdc] for cell 'system_i/axi_ic_zynq_ultra_ps_e_0_S_AXI_HP2_FPD/s01_couplers/s01_regslice'
Finished Parsing XDC File [/home/emanuel/workspace/mesh_vo/MultiPlatformDiffRenderer/src/backends/xrt/hls/build/xclbin/_x/link/vivado/vpl/prj/prj.gen/sources_1/bd/system/ip/system_axi_ic_zynq_ultra_ps_e_0_S_AXI_HP2_FPD_imp_s01_regslice_0/system_axi_ic_zynq_ultra_ps_e_0_S_AXI_HP2_FPD_imp_s01_regslice_0/system_axi_ic_zynq_ultra_ps_e_0_S_AXI_HP2_FPD_imp_s00_regslice_0_in_context.xdc] for cell 'system_i/axi_ic_zynq_ultra_ps_e_0_S_AXI_HP2_FPD/s01_couplers/s01_regslice'
Parsing XDC File [/home/emanuel/workspace/mesh_vo/MultiPlatformDiffRenderer/src/backends/xrt/hls/build/xclbin/_x/link/vivado/vpl/prj/prj.gen/sources_1/bd/system/ip/system_axi_ic_zynq_ultra_ps_e_0_S_AXI_HP2_FPD_imp_auto_us_df_1/system_axi_ic_zynq_ultra_ps_e_0_S_AXI_HP2_FPD_imp_auto_us_df_1/system_axi_ic_zynq_ultra_ps_e_0_S_AXI_HP2_FPD_imp_auto_us_df_3_in_context.xdc] for cell 'system_i/axi_ic_zynq_ultra_ps_e_0_S_AXI_HP2_FPD/s01_couplers/auto_us_df'
Finished Parsing XDC File [/home/emanuel/workspace/mesh_vo/MultiPlatformDiffRenderer/src/backends/xrt/hls/build/xclbin/_x/link/vivado/vpl/prj/prj.gen/sources_1/bd/system/ip/system_axi_ic_zynq_ultra_ps_e_0_S_AXI_HP2_FPD_imp_auto_us_df_1/system_axi_ic_zynq_ultra_ps_e_0_S_AXI_HP2_FPD_imp_auto_us_df_1/system_axi_ic_zynq_ultra_ps_e_0_S_AXI_HP2_FPD_imp_auto_us_df_3_in_context.xdc] for cell 'system_i/axi_ic_zynq_ultra_ps_e_0_S_AXI_HP2_FPD/s01_couplers/auto_us_df'
Parsing XDC File [/home/emanuel/workspace/mesh_vo/MultiPlatformDiffRenderer/src/backends/xrt/hls/build/xclbin/_x/link/vivado/vpl/prj/prj.gen/sources_1/bd/system/ip/system_axi_ic_zynq_ultra_ps_e_0_S_AXI_HP2_FPD_imp_s02_regslice_0/system_axi_ic_zynq_ultra_ps_e_0_S_AXI_HP2_FPD_imp_s02_regslice_0/system_axi_ic_zynq_ultra_ps_e_0_S_AXI_HP2_FPD_imp_s00_regslice_0_in_context.xdc] for cell 'system_i/axi_ic_zynq_ultra_ps_e_0_S_AXI_HP2_FPD/s02_couplers/s02_regslice'
Finished Parsing XDC File [/home/emanuel/workspace/mesh_vo/MultiPlatformDiffRenderer/src/backends/xrt/hls/build/xclbin/_x/link/vivado/vpl/prj/prj.gen/sources_1/bd/system/ip/system_axi_ic_zynq_ultra_ps_e_0_S_AXI_HP2_FPD_imp_s02_regslice_0/system_axi_ic_zynq_ultra_ps_e_0_S_AXI_HP2_FPD_imp_s02_regslice_0/system_axi_ic_zynq_ultra_ps_e_0_S_AXI_HP2_FPD_imp_s00_regslice_0_in_context.xdc] for cell 'system_i/axi_ic_zynq_ultra_ps_e_0_S_AXI_HP2_FPD/s02_couplers/s02_regslice'
Parsing XDC File [/home/emanuel/workspace/mesh_vo/MultiPlatformDiffRenderer/src/backends/xrt/hls/build/xclbin/_x/link/vivado/vpl/prj/prj.gen/sources_1/bd/system/ip/system_axi_ic_zynq_ultra_ps_e_0_S_AXI_HP2_FPD_imp_auto_us_df_2/system_axi_ic_zynq_ultra_ps_e_0_S_AXI_HP2_FPD_imp_auto_us_df_2/system_axi_ic_zynq_ultra_ps_e_0_S_AXI_HP2_FPD_imp_auto_us_df_3_in_context.xdc] for cell 'system_i/axi_ic_zynq_ultra_ps_e_0_S_AXI_HP2_FPD/s02_couplers/auto_us_df'
Finished Parsing XDC File [/home/emanuel/workspace/mesh_vo/MultiPlatformDiffRenderer/src/backends/xrt/hls/build/xclbin/_x/link/vivado/vpl/prj/prj.gen/sources_1/bd/system/ip/system_axi_ic_zynq_ultra_ps_e_0_S_AXI_HP2_FPD_imp_auto_us_df_2/system_axi_ic_zynq_ultra_ps_e_0_S_AXI_HP2_FPD_imp_auto_us_df_2/system_axi_ic_zynq_ultra_ps_e_0_S_AXI_HP2_FPD_imp_auto_us_df_3_in_context.xdc] for cell 'system_i/axi_ic_zynq_ultra_ps_e_0_S_AXI_HP2_FPD/s02_couplers/auto_us_df'
Parsing XDC File [/home/emanuel/workspace/mesh_vo/MultiPlatformDiffRenderer/src/backends/xrt/hls/build/xclbin/_x/link/vivado/vpl/prj/prj.gen/sources_1/bd/system/ip/system_axi_ic_zynq_ultra_ps_e_0_S_AXI_HP2_FPD_imp_s03_regslice_0/system_axi_ic_zynq_ultra_ps_e_0_S_AXI_HP2_FPD_imp_s03_regslice_0/system_axi_ic_zynq_ultra_ps_e_0_S_AXI_HP2_FPD_imp_s00_regslice_0_in_context.xdc] for cell 'system_i/axi_ic_zynq_ultra_ps_e_0_S_AXI_HP2_FPD/s03_couplers/s03_regslice'
Finished Parsing XDC File [/home/emanuel/workspace/mesh_vo/MultiPlatformDiffRenderer/src/backends/xrt/hls/build/xclbin/_x/link/vivado/vpl/prj/prj.gen/sources_1/bd/system/ip/system_axi_ic_zynq_ultra_ps_e_0_S_AXI_HP2_FPD_imp_s03_regslice_0/system_axi_ic_zynq_ultra_ps_e_0_S_AXI_HP2_FPD_imp_s03_regslice_0/system_axi_ic_zynq_ultra_ps_e_0_S_AXI_HP2_FPD_imp_s00_regslice_0_in_context.xdc] for cell 'system_i/axi_ic_zynq_ultra_ps_e_0_S_AXI_HP2_FPD/s03_couplers/s03_regslice'
Parsing XDC File [/home/emanuel/workspace/mesh_vo/MultiPlatformDiffRenderer/src/backends/xrt/hls/build/xclbin/_x/link/vivado/vpl/prj/prj.gen/sources_1/bd/system/ip/system_axi_ic_zynq_ultra_ps_e_0_S_AXI_HP2_FPD_imp_auto_us_df_3/system_axi_ic_zynq_ultra_ps_e_0_S_AXI_HP2_FPD_imp_auto_us_df_3/system_axi_ic_zynq_ultra_ps_e_0_S_AXI_HP2_FPD_imp_auto_us_df_3_in_context.xdc] for cell 'system_i/axi_ic_zynq_ultra_ps_e_0_S_AXI_HP2_FPD/s03_couplers/auto_us_df'
Finished Parsing XDC File [/home/emanuel/workspace/mesh_vo/MultiPlatformDiffRenderer/src/backends/xrt/hls/build/xclbin/_x/link/vivado/vpl/prj/prj.gen/sources_1/bd/system/ip/system_axi_ic_zynq_ultra_ps_e_0_S_AXI_HP2_FPD_imp_auto_us_df_3/system_axi_ic_zynq_ultra_ps_e_0_S_AXI_HP2_FPD_imp_auto_us_df_3/system_axi_ic_zynq_ultra_ps_e_0_S_AXI_HP2_FPD_imp_auto_us_df_3_in_context.xdc] for cell 'system_i/axi_ic_zynq_ultra_ps_e_0_S_AXI_HP2_FPD/s03_couplers/auto_us_df'
Parsing XDC File [/home/emanuel/workspace/mesh_vo/MultiPlatformDiffRenderer/src/backends/xrt/hls/build/xclbin/_x/link/vivado/vpl/prj/prj.gen/sources_1/bd/system/ip/system_axi_ic_zynq_ultra_ps_e_0_S_AXI_HP2_FPD_imp_s04_regslice_0/system_axi_ic_zynq_ultra_ps_e_0_S_AXI_HP2_FPD_imp_s04_regslice_0/system_axi_ic_zynq_ultra_ps_e_0_S_AXI_HP2_FPD_imp_s00_regslice_0_in_context.xdc] for cell 'system_i/axi_ic_zynq_ultra_ps_e_0_S_AXI_HP2_FPD/s04_couplers/s04_regslice'
Finished Parsing XDC File [/home/emanuel/workspace/mesh_vo/MultiPlatformDiffRenderer/src/backends/xrt/hls/build/xclbin/_x/link/vivado/vpl/prj/prj.gen/sources_1/bd/system/ip/system_axi_ic_zynq_ultra_ps_e_0_S_AXI_HP2_FPD_imp_s04_regslice_0/system_axi_ic_zynq_ultra_ps_e_0_S_AXI_HP2_FPD_imp_s04_regslice_0/system_axi_ic_zynq_ultra_ps_e_0_S_AXI_HP2_FPD_imp_s00_regslice_0_in_context.xdc] for cell 'system_i/axi_ic_zynq_ultra_ps_e_0_S_AXI_HP2_FPD/s04_couplers/s04_regslice'
Parsing XDC File [/home/emanuel/workspace/mesh_vo/MultiPlatformDiffRenderer/src/backends/xrt/hls/build/xclbin/_x/link/vivado/vpl/prj/prj.gen/sources_1/bd/system/ip/system_axi_ic_zynq_ultra_ps_e_0_S_AXI_HP2_FPD_imp_auto_us_df_4/system_axi_ic_zynq_ultra_ps_e_0_S_AXI_HP2_FPD_imp_auto_us_df_4/system_axi_ic_zynq_ultra_ps_e_0_S_AXI_HP2_FPD_imp_auto_us_df_3_in_context.xdc] for cell 'system_i/axi_ic_zynq_ultra_ps_e_0_S_AXI_HP2_FPD/s04_couplers/auto_us_df'
Finished Parsing XDC File [/home/emanuel/workspace/mesh_vo/MultiPlatformDiffRenderer/src/backends/xrt/hls/build/xclbin/_x/link/vivado/vpl/prj/prj.gen/sources_1/bd/system/ip/system_axi_ic_zynq_ultra_ps_e_0_S_AXI_HP2_FPD_imp_auto_us_df_4/system_axi_ic_zynq_ultra_ps_e_0_S_AXI_HP2_FPD_imp_auto_us_df_4/system_axi_ic_zynq_ultra_ps_e_0_S_AXI_HP2_FPD_imp_auto_us_df_3_in_context.xdc] for cell 'system_i/axi_ic_zynq_ultra_ps_e_0_S_AXI_HP2_FPD/s04_couplers/auto_us_df'
Parsing XDC File [/home/emanuel/workspace/mesh_vo/MultiPlatformDiffRenderer/src/backends/xrt/hls/build/xclbin/_x/link/vivado/vpl/prj/prj.gen/sources_1/bd/system/ip/system_axi_ic_zynq_ultra_ps_e_0_S_AXI_HP2_FPD_imp_s05_regslice_0/system_axi_ic_zynq_ultra_ps_e_0_S_AXI_HP2_FPD_imp_s05_regslice_0/system_axi_ic_zynq_ultra_ps_e_0_S_AXI_HP2_FPD_imp_s05_regslice_0_in_context.xdc] for cell 'system_i/axi_ic_zynq_ultra_ps_e_0_S_AXI_HP2_FPD/s05_couplers/s05_regslice'
Finished Parsing XDC File [/home/emanuel/workspace/mesh_vo/MultiPlatformDiffRenderer/src/backends/xrt/hls/build/xclbin/_x/link/vivado/vpl/prj/prj.gen/sources_1/bd/system/ip/system_axi_ic_zynq_ultra_ps_e_0_S_AXI_HP2_FPD_imp_s05_regslice_0/system_axi_ic_zynq_ultra_ps_e_0_S_AXI_HP2_FPD_imp_s05_regslice_0/system_axi_ic_zynq_ultra_ps_e_0_S_AXI_HP2_FPD_imp_s05_regslice_0_in_context.xdc] for cell 'system_i/axi_ic_zynq_ultra_ps_e_0_S_AXI_HP2_FPD/s05_couplers/s05_regslice'
Parsing XDC File [/home/emanuel/workspace/mesh_vo/MultiPlatformDiffRenderer/src/backends/xrt/hls/build/xclbin/_x/link/vivado/vpl/prj/prj.gen/sources_1/bd/system/ip/system_axi_ic_zynq_ultra_ps_e_0_S_AXI_HP2_FPD_imp_auto_us_df_5/system_axi_ic_zynq_ultra_ps_e_0_S_AXI_HP2_FPD_imp_auto_us_df_5/system_axi_ic_zynq_ultra_ps_e_0_S_AXI_HP2_FPD_imp_auto_us_df_5_in_context.xdc] for cell 'system_i/axi_ic_zynq_ultra_ps_e_0_S_AXI_HP2_FPD/s05_couplers/auto_us_df'
Finished Parsing XDC File [/home/emanuel/workspace/mesh_vo/MultiPlatformDiffRenderer/src/backends/xrt/hls/build/xclbin/_x/link/vivado/vpl/prj/prj.gen/sources_1/bd/system/ip/system_axi_ic_zynq_ultra_ps_e_0_S_AXI_HP2_FPD_imp_auto_us_df_5/system_axi_ic_zynq_ultra_ps_e_0_S_AXI_HP2_FPD_imp_auto_us_df_5/system_axi_ic_zynq_ultra_ps_e_0_S_AXI_HP2_FPD_imp_auto_us_df_5_in_context.xdc] for cell 'system_i/axi_ic_zynq_ultra_ps_e_0_S_AXI_HP2_FPD/s05_couplers/auto_us_df'
Parsing XDC File [/home/emanuel/workspace/mesh_vo/MultiPlatformDiffRenderer/src/backends/xrt/hls/build/xclbin/_x/link/vivado/vpl/prj/prj.gen/sources_1/bd/system/ip/system_axi_ic_zynq_ultra_ps_e_0_S_AXI_HP2_FPD_imp_m00_data_fifo_0/system_axi_ic_zynq_ultra_ps_e_0_S_AXI_HP2_FPD_imp_m00_data_fifo_0/system_axi_ic_zynq_ultra_ps_e_0_S_AXI_HP2_FPD_imp_m00_data_fifo_0_in_context.xdc] for cell 'system_i/axi_ic_zynq_ultra_ps_e_0_S_AXI_HP2_FPD/m00_couplers/m00_data_fifo'
Finished Parsing XDC File [/home/emanuel/workspace/mesh_vo/MultiPlatformDiffRenderer/src/backends/xrt/hls/build/xclbin/_x/link/vivado/vpl/prj/prj.gen/sources_1/bd/system/ip/system_axi_ic_zynq_ultra_ps_e_0_S_AXI_HP2_FPD_imp_m00_data_fifo_0/system_axi_ic_zynq_ultra_ps_e_0_S_AXI_HP2_FPD_imp_m00_data_fifo_0/system_axi_ic_zynq_ultra_ps_e_0_S_AXI_HP2_FPD_imp_m00_data_fifo_0_in_context.xdc] for cell 'system_i/axi_ic_zynq_ultra_ps_e_0_S_AXI_HP2_FPD/m00_couplers/m00_data_fifo'
Parsing XDC File [/home/emanuel/workspace/mesh_vo/MultiPlatformDiffRenderer/src/backends/xrt/hls/build/xclbin/_x/link/vivado/vpl/prj/prj.gen/sources_1/bd/system/ip/system_axi_ic_zynq_ultra_ps_e_0_S_AXI_HP2_FPD_imp_m00_regslice_0/system_axi_ic_zynq_ultra_ps_e_0_S_AXI_HP2_FPD_imp_m00_regslice_0/system_axi_ic_zynq_ultra_ps_e_0_S_AXI_HP2_FPD_imp_m00_regslice_0_in_context.xdc] for cell 'system_i/axi_ic_zynq_ultra_ps_e_0_S_AXI_HP2_FPD/m00_couplers/m00_regslice'
Finished Parsing XDC File [/home/emanuel/workspace/mesh_vo/MultiPlatformDiffRenderer/src/backends/xrt/hls/build/xclbin/_x/link/vivado/vpl/prj/prj.gen/sources_1/bd/system/ip/system_axi_ic_zynq_ultra_ps_e_0_S_AXI_HP2_FPD_imp_m00_regslice_0/system_axi_ic_zynq_ultra_ps_e_0_S_AXI_HP2_FPD_imp_m00_regslice_0/system_axi_ic_zynq_ultra_ps_e_0_S_AXI_HP2_FPD_imp_m00_regslice_0_in_context.xdc] for cell 'system_i/axi_ic_zynq_ultra_ps_e_0_S_AXI_HP2_FPD/m00_couplers/m00_regslice'
Parsing XDC File [/home/emanuel/workspace/mesh_vo/MultiPlatformDiffRenderer/src/backends/xrt/hls/build/xclbin/_x/link/vivado/vpl/prj/prj.runs/synth_1/dont_touch.xdc]
Finished Parsing XDC File [/home/emanuel/workspace/mesh_vo/MultiPlatformDiffRenderer/src/backends/xrt/hls/build/xclbin/_x/link/vivado/vpl/prj/prj.runs/synth_1/dont_touch.xdc]
Completed Processing XDC Constraints

Netlist sorting complete. Time (s): cpu = 00:00:00 ; elapsed = 00:00:00 . Memory (MB): peak = 2598.266 ; gain = 0.000 ; free physical = 8317 ; free virtual = 16555
INFO: [Project 1-111] Unisim Transformation Summary:
No Unisim elements were transformed.

Constraint Validation Runtime : Time (s): cpu = 00:00:00.01 ; elapsed = 00:00:00.01 . Memory (MB): peak = 2598.266 ; gain = 0.000 ; free physical = 8317 ; free virtual = 16555
---------------------------------------------------------------------------------
Finished Constraint Validation : Time (s): cpu = 00:00:16 ; elapsed = 00:00:16 . Memory (MB): peak = 2598.266 ; gain = 218.594 ; free physical = 8327 ; free virtual = 16565
---------------------------------------------------------------------------------
---------------------------------------------------------------------------------
Start Loading Part and Timing Information
---------------------------------------------------------------------------------
Loading part: xck26-sfvc784-2LV-c
INFO: [Synth 8-6742] Reading net delay rules and data
---------------------------------------------------------------------------------
Finished Loading Part and Timing Information : Time (s): cpu = 00:00:16 ; elapsed = 00:00:16 . Memory (MB): peak = 2598.266 ; gain = 218.594 ; free physical = 8327 ; free virtual = 16565
---------------------------------------------------------------------------------
---------------------------------------------------------------------------------
Start Applying 'set_property' XDC Constraints
---------------------------------------------------------------------------------
Applied set_property KEEP_HIERARCHY = SOFT for system_i. (constraint file  auto generated constraint).
Applied set_property KEEP_HIERARCHY = SOFT for system_i/zynq_ultra_ps_e_0. (constraint file  auto generated constraint).
Applied set_property KEEP_HIERARCHY = SOFT for system_i/clk_wiz_0. (constraint file  auto generated constraint).
Applied set_property KEEP_HIERARCHY = SOFT for system_i/proc_sys_reset_1. (constraint file  auto generated constraint).
Applied set_property KEEP_HIERARCHY = SOFT for system_i/proc_sys_reset_2. (constraint file  auto generated constraint).
Applied set_property KEEP_HIERARCHY = SOFT for system_i/proc_sys_reset_3. (constraint file  auto generated constraint).
Applied set_property KEEP_HIERARCHY = SOFT for system_i/axi_intc_0. (constraint file  auto generated constraint).
Applied set_property KEEP_HIERARCHY = SOFT for system_i/ps8_0_axi_periph/xbar. (constraint file  auto generated constraint).
Applied set_property KEEP_HIERARCHY = SOFT for system_i/ps8_0_axi_periph/s00_couplers/auto_pc. (constraint file  auto generated constraint).
Applied set_property KEEP_HIERARCHY = SOFT for system_i/ps8_0_axi_periph/m01_couplers/m01_regslice. (constraint file  auto generated constraint).
Applied set_property KEEP_HIERARCHY = SOFT for system_i/ps8_0_axi_periph. (constraint file  auto generated constraint).
Applied set_property KEEP_HIERARCHY = SOFT for system_i/ImageRenderHLS_1. (constraint file  auto generated constraint).
Applied set_property KEEP_HIERARCHY = SOFT for system_i/axi_ic_zynq_ultra_ps_e_0_S_AXI_HP2_FPD/xbar. (constraint file  auto generated constraint).
Applied set_property KEEP_HIERARCHY = SOFT for system_i/axi_ic_zynq_ultra_ps_e_0_S_AXI_HP2_FPD/s00_couplers/s00_regslice. (constraint file  auto generated constraint).
Applied set_property KEEP_HIERARCHY = SOFT for system_i/axi_ic_zynq_ultra_ps_e_0_S_AXI_HP2_FPD/s00_couplers/auto_us_df. (constraint file  auto generated constraint).
Applied set_property KEEP_HIERARCHY = SOFT for system_i/axi_ic_zynq_ultra_ps_e_0_S_AXI_HP2_FPD/s01_couplers/s01_regslice. (constraint file  auto generated constraint).
Applied set_property KEEP_HIERARCHY = SOFT for system_i/axi_ic_zynq_ultra_ps_e_0_S_AXI_HP2_FPD/s01_couplers/auto_us_df. (constraint file  auto generated constraint).
Applied set_property KEEP_HIERARCHY = SOFT for system_i/axi_ic_zynq_ultra_ps_e_0_S_AXI_HP2_FPD/s02_couplers/s02_regslice. (constraint file  auto generated constraint).
Applied set_property KEEP_HIERARCHY = SOFT for system_i/axi_ic_zynq_ultra_ps_e_0_S_AXI_HP2_FPD/s02_couplers/auto_us_df. (constraint file  auto generated constraint).
Applied set_property KEEP_HIERARCHY = SOFT for system_i/axi_ic_zynq_ultra_ps_e_0_S_AXI_HP2_FPD/s03_couplers/s03_regslice. (constraint file  auto generated constraint).
Applied set_property KEEP_HIERARCHY = SOFT for system_i/axi_ic_zynq_ultra_ps_e_0_S_AXI_HP2_FPD/s03_couplers/auto_us_df. (constraint file  auto generated constraint).
Applied set_property KEEP_HIERARCHY = SOFT for system_i/axi_ic_zynq_ultra_ps_e_0_S_AXI_HP2_FPD/s04_couplers/s04_regslice. (constraint file  auto generated constraint).
Applied set_property KEEP_HIERARCHY = SOFT for system_i/axi_ic_zynq_ultra_ps_e_0_S_AXI_HP2_FPD/s04_couplers/auto_us_df. (constraint file  auto generated constraint).
Applied set_property KEEP_HIERARCHY = SOFT for system_i/axi_ic_zynq_ultra_ps_e_0_S_AXI_HP2_FPD/s05_couplers/s05_regslice. (constraint file  auto generated constraint).
Applied set_property KEEP_HIERARCHY = SOFT for system_i/axi_ic_zynq_ultra_ps_e_0_S_AXI_HP2_FPD/s05_couplers/auto_us_df. (constraint file  auto generated constraint).
Applied set_property KEEP_HIERARCHY = SOFT for system_i/axi_ic_zynq_ultra_ps_e_0_S_AXI_HP2_FPD/m00_couplers/m00_data_fifo. (constraint file  auto generated constraint).
Applied set_property KEEP_HIERARCHY = SOFT for system_i/axi_ic_zynq_ultra_ps_e_0_S_AXI_HP2_FPD/m00_couplers/m00_regslice. (constraint file  auto generated constraint).
Applied set_property KEEP_HIERARCHY = SOFT for system_i/axi_ic_zynq_ultra_ps_e_0_S_AXI_HP2_FPD. (constraint file  auto generated constraint).
Applied set_property KEEP_HIERARCHY = SOFT for system_i/axi_intc_0_intr_1_interrupt_concat. (constraint file  auto generated constraint).
Applied set_property KEEP_HIERARCHY = SOFT for system_i/irq_const_tieoff. (constraint file  auto generated constraint).
---------------------------------------------------------------------------------
Finished applying 'set_property' XDC Constraints : Time (s): cpu = 00:00:16 ; elapsed = 00:00:16 . Memory (MB): peak = 2598.266 ; gain = 218.594 ; free physical = 8327 ; free virtual = 16565
---------------------------------------------------------------------------------
---------------------------------------------------------------------------------
Finished RTL Optimization Phase 2 : Time (s): cpu = 00:00:16 ; elapsed = 00:00:16 . Memory (MB): peak = 2598.266 ; gain = 218.594 ; free physical = 8325 ; free virtual = 16565
---------------------------------------------------------------------------------
---------------------------------------------------------------------------------
Start RTL Component Statistics 
---------------------------------------------------------------------------------
Detailed RTL Component Info : 
---------------------------------------------------------------------------------
Finished RTL Component Statistics 
---------------------------------------------------------------------------------
---------------------------------------------------------------------------------
Start Part Resource Summary
---------------------------------------------------------------------------------
Part Resources:
DSPs: 1248 (col length:96)
BRAMs: 288 (col length: RAMB18 96 RAMB36 48)
---------------------------------------------------------------------------------
Finished Part Resource Summary
---------------------------------------------------------------------------------
---------------------------------------------------------------------------------
Start Cross Boundary and Area Optimization
---------------------------------------------------------------------------------
WARNING: [Synth 8-7080] Parallel synthesis criteria is not met
---------------------------------------------------------------------------------
Finished Cross Boundary and Area Optimization : Time (s): cpu = 00:00:18 ; elapsed = 00:00:18 . Memory (MB): peak = 2598.266 ; gain = 218.594 ; free physical = 8324 ; free virtual = 16569
---------------------------------------------------------------------------------
---------------------------------------------------------------------------------
Start Applying XDC Timing Constraints
---------------------------------------------------------------------------------
---------------------------------------------------------------------------------
Finished Applying XDC Timing Constraints : Time (s): cpu = 00:00:27 ; elapsed = 00:00:27 . Memory (MB): peak = 3238.082 ; gain = 858.410 ; free physical = 7786 ; free virtual = 16039
---------------------------------------------------------------------------------
---------------------------------------------------------------------------------
Start Timing Optimization
---------------------------------------------------------------------------------
---------------------------------------------------------------------------------
Finished Timing Optimization : Time (s): cpu = 00:00:27 ; elapsed = 00:00:27 . Memory (MB): peak = 3238.082 ; gain = 858.410 ; free physical = 7786 ; free virtual = 16039
---------------------------------------------------------------------------------
---------------------------------------------------------------------------------
Start Technology Mapping
---------------------------------------------------------------------------------
---------------------------------------------------------------------------------
Finished Technology Mapping : Time (s): cpu = 00:00:27 ; elapsed = 00:00:27 . Memory (MB): peak = 3252.512 ; gain = 872.840 ; free physical = 7766 ; free virtual = 16019
---------------------------------------------------------------------------------
---------------------------------------------------------------------------------
Start IO Insertion
---------------------------------------------------------------------------------
---------------------------------------------------------------------------------
Start Flattening Before IO Insertion
---------------------------------------------------------------------------------
---------------------------------------------------------------------------------
Finished Flattening Before IO Insertion
---------------------------------------------------------------------------------
---------------------------------------------------------------------------------
Start Final Netlist Cleanup
---------------------------------------------------------------------------------
---------------------------------------------------------------------------------
Finished Final Netlist Cleanup
---------------------------------------------------------------------------------
---------------------------------------------------------------------------------
Finished IO Insertion : Time (s): cpu = 00:00:30 ; elapsed = 00:00:31 . Memory (MB): peak = 3410.324 ; gain = 1030.652 ; free physical = 7628 ; free virtual = 15895
---------------------------------------------------------------------------------
---------------------------------------------------------------------------------
Start Renaming Generated Instances
---------------------------------------------------------------------------------
---------------------------------------------------------------------------------
Finished Renaming Generated Instances : Time (s): cpu = 00:00:30 ; elapsed = 00:00:31 . Memory (MB): peak = 3410.324 ; gain = 1030.652 ; free physical = 7628 ; free virtual = 15895
---------------------------------------------------------------------------------
---------------------------------------------------------------------------------
Start Rebuilding User Hierarchy
---------------------------------------------------------------------------------
---------------------------------------------------------------------------------
Finished Rebuilding User Hierarchy : Time (s): cpu = 00:00:30 ; elapsed = 00:00:31 . Memory (MB): peak = 3410.324 ; gain = 1030.652 ; free physical = 7628 ; free virtual = 15895
---------------------------------------------------------------------------------
---------------------------------------------------------------------------------
Start Renaming Generated Ports
---------------------------------------------------------------------------------
---------------------------------------------------------------------------------
Finished Renaming Generated Ports : Time (s): cpu = 00:00:30 ; elapsed = 00:00:31 . Memory (MB): peak = 3410.324 ; gain = 1030.652 ; free physical = 7628 ; free virtual = 15895
---------------------------------------------------------------------------------
---------------------------------------------------------------------------------
Start Handling Custom Attributes
---------------------------------------------------------------------------------
---------------------------------------------------------------------------------
Finished Handling Custom Attributes : Time (s): cpu = 00:00:30 ; elapsed = 00:00:31 . Memory (MB): peak = 3410.324 ; gain = 1030.652 ; free physical = 7628 ; free virtual = 15895
---------------------------------------------------------------------------------
---------------------------------------------------------------------------------
Start Renaming Generated Nets
---------------------------------------------------------------------------------
---------------------------------------------------------------------------------
Finished Renaming Generated Nets : Time (s): cpu = 00:00:30 ; elapsed = 00:00:31 . Memory (MB): peak = 3410.324 ; gain = 1030.652 ; free physical = 7628 ; free virtual = 15895
---------------------------------------------------------------------------------
---------------------------------------------------------------------------------
Start Writing Synthesis Report
---------------------------------------------------------------------------------

Report BlackBoxes: 
+------+----------------------------------------------------------------------+----------+
|      |BlackBox name                                                         |Instances |
+------+----------------------------------------------------------------------+----------+
|1     |system_ImageRenderHLS_1_0                                             |         1|
|2     |system_axi_ic_zynq_ultra_ps_e_0_S_AXI_HP2_FPD_upgraded_ipi_imp_xbar_0 |         1|
|3     |system_axi_ic_zynq_ultra_ps_e_0_S_AXI_HP2_FPD_imp_m00_data_fifo_0     |         1|
|4     |system_axi_ic_zynq_ultra_ps_e_0_S_AXI_HP2_FPD_imp_m00_regslice_0      |         1|
|5     |system_axi_ic_zynq_ultra_ps_e_0_S_AXI_HP2_FPD_imp_auto_us_df_0        |         1|
|6     |system_axi_ic_zynq_ultra_ps_e_0_S_AXI_HP2_FPD_imp_s00_regslice_0      |         1|
|7     |system_axi_ic_zynq_ultra_ps_e_0_S_AXI_HP2_FPD_imp_auto_us_df_1        |         1|
|8     |system_axi_ic_zynq_ultra_ps_e_0_S_AXI_HP2_FPD_imp_s01_regslice_0      |         1|
|9     |system_axi_ic_zynq_ultra_ps_e_0_S_AXI_HP2_FPD_imp_auto_us_df_2        |         1|
|10    |system_axi_ic_zynq_ultra_ps_e_0_S_AXI_HP2_FPD_imp_s02_regslice_0      |         1|
|11    |system_axi_ic_zynq_ultra_ps_e_0_S_AXI_HP2_FPD_imp_auto_us_df_3        |         1|
|12    |system_axi_ic_zynq_ultra_ps_e_0_S_AXI_HP2_FPD_imp_s03_regslice_0      |         1|
|13    |system_axi_ic_zynq_ultra_ps_e_0_S_AXI_HP2_FPD_imp_auto_us_df_4        |         1|
|14    |system_axi_ic_zynq_ultra_ps_e_0_S_AXI_HP2_FPD_imp_s04_regslice_0      |         1|
|15    |system_axi_ic_zynq_ultra_ps_e_0_S_AXI_HP2_FPD_imp_auto_us_df_5        |         1|
|16    |system_axi_ic_zynq_ultra_ps_e_0_S_AXI_HP2_FPD_imp_s05_regslice_0      |         1|
|17    |system_axi_intc_0_0                                                   |         1|
|18    |system_clk_wiz_0_0                                                    |         1|
|19    |system_proc_sys_reset_1_0                                             |         1|
|20    |system_proc_sys_reset_2_0                                             |         1|
|21    |system_proc_sys_reset_3_0                                             |         1|
|22    |system_ps8_0_axi_periph_upgraded_ipi_imp_xbar_0                       |         1|
|23    |system_ps8_0_axi_periph_imp_m01_regslice_0                            |         1|
|24    |system_ps8_0_axi_periph_imp_auto_pc_0                                 |         1|
|25    |system_zynq_ultra_ps_e_0_0                                            |         1|
+------+----------------------------------------------------------------------+----------+

Report Cell Usage: 
+------+--------------------------------------------------------------------+------+
|      |Cell                                                                |Count |
+------+--------------------------------------------------------------------+------+
|1     |system_ImageRenderHLS_1                                             |     1|
|2     |system_axi_ic_zynq_ultra_ps_e_0_S_AXI_HP2_FPD_imp_auto_us_df        |     6|
|8     |system_axi_ic_zynq_ultra_ps_e_0_S_AXI_HP2_FPD_imp_m00_data_fifo     |     1|
|9     |system_axi_ic_zynq_ultra_ps_e_0_S_AXI_HP2_FPD_imp_m00_regslice      |     1|
|10    |system_axi_ic_zynq_ultra_ps_e_0_S_AXI_HP2_FPD_imp_s00_regslice      |     1|
|11    |system_axi_ic_zynq_ultra_ps_e_0_S_AXI_HP2_FPD_imp_s01_regslice      |     1|
|12    |system_axi_ic_zynq_ultra_ps_e_0_S_AXI_HP2_FPD_imp_s02_regslice      |     1|
|13    |system_axi_ic_zynq_ultra_ps_e_0_S_AXI_HP2_FPD_imp_s03_regslice      |     1|
|14    |system_axi_ic_zynq_ultra_ps_e_0_S_AXI_HP2_FPD_imp_s04_regslice      |     1|
|15    |system_axi_ic_zynq_ultra_ps_e_0_S_AXI_HP2_FPD_imp_s05_regslice      |     1|
|16    |system_axi_ic_zynq_ultra_ps_e_0_S_AXI_HP2_FPD_upgraded_ipi_imp_xbar |     1|
|17    |system_axi_intc_0                                                   |     1|
|18    |system_clk_wiz_0                                                    |     1|
|19    |system_proc_sys_reset_1                                             |     1|
|20    |system_proc_sys_reset_2                                             |     1|
|21    |system_proc_sys_reset_3                                             |     1|
|22    |system_ps8_0_axi_periph_imp_auto_pc                                 |     1|
|23    |system_ps8_0_axi_periph_imp_m01_regslice                            |     1|
|24    |system_ps8_0_axi_periph_upgraded_ipi_imp_xbar                       |     1|
|25    |system_zynq_ultra_ps_e_0                                            |     1|
+------+--------------------------------------------------------------------+------+
---------------------------------------------------------------------------------
Finished Writing Synthesis Report : Time (s): cpu = 00:00:30 ; elapsed = 00:00:31 . Memory (MB): peak = 3410.324 ; gain = 1030.652 ; free physical = 7628 ; free virtual = 15895
---------------------------------------------------------------------------------
Synthesis finished with 0 errors, 0 critical warnings and 33 warnings.
Synthesis Optimization Runtime : Time (s): cpu = 00:00:25 ; elapsed = 00:00:25 . Memory (MB): peak = 3410.324 ; gain = 1027.684 ; free physical = 7618 ; free virtual = 15885
Synthesis Optimization Complete : Time (s): cpu = 00:00:31 ; elapsed = 00:00:31 . Memory (MB): peak = 3410.324 ; gain = 1030.652 ; free physical = 7618 ; free virtual = 15885
INFO: [Project 1-571] Translating synthesized netlist
Netlist sorting complete. Time (s): cpu = 00:00:00.03 ; elapsed = 00:00:00.03 . Memory (MB): peak = 3410.324 ; gain = 0.000 ; free physical = 7784 ; free virtual = 16051
INFO: [Project 1-570] Preparing netlist for logic optimization
INFO: [Opt 31-138] Pushed 0 inverter(s) to 0 load pin(s).
Netlist sorting complete. Time (s): cpu = 00:00:00 ; elapsed = 00:00:00 . Memory (MB): peak = 3410.324 ; gain = 0.000 ; free physical = 7777 ; free virtual = 16046
INFO: [Project 1-111] Unisim Transformation Summary:
No Unisim elements were transformed.

Synth Design complete | Checksum: b8c7cd1f
INFO: [Common 17-83] Releasing license: Synthesis
107 Infos, 222 Warnings, 0 Critical Warnings and 0 Errors encountered.
synth_design completed successfully
synth_design: Time (s): cpu = 00:00:41 ; elapsed = 00:00:40 . Memory (MB): peak = 3410.324 ; gain = 1929.602 ; free physical = 7777 ; free virtual = 16046
INFO: [Common 17-2834] synth_design peak Physical Memory [PSS] (MB): overall = 2794.771; main = 2576.791; forked = 266.269
INFO: [Common 17-2834] synth_design peak Virtual Memory [VSS] (MB): overall = 4292.629; main = 3375.516; forked = 917.113
INFO: [Common 17-1381] The checkpoint '/home/emanuel/workspace/mesh_vo/MultiPlatformDiffRenderer/src/backends/xrt/hls/build/xclbin/_x/link/vivado/vpl/prj/prj.runs/synth_1/system_wrapper.dcp' has been generated.
INFO: [Common 17-206] Exiting Vivado at Thu Jan 22 12:44:21 2026...
[Thu Jan 22 12:44:26 2026] synth_1 finished
wait_on_runs: Time (s): cpu = 00:26:52 ; elapsed = 00:11:37 . Memory (MB): peak = 2139.617 ; gain = 0.000 ; free physical = 10165 ; free virtual = 18411
INFO: [OCL_UTIL] restore parameter general.maxThreads to 8
INFO: [OCL_UTIL] internal step: generating resource usage report '/home/emanuel/workspace/mesh_vo/MultiPlatformDiffRenderer/src/backends/xrt/hls/build/xclbin/_x/link/vivado/vpl/output/resource.json'
INFO: [OCL_UTIL] internal step: log_generated_reports for synthesis '/home/emanuel/workspace/mesh_vo/MultiPlatformDiffRenderer/src/backends/xrt/hls/build/xclbin/_x/link/vivado/vpl/output/generated_reports.log'
INFO: [OCL_UTIL] internal step: launched run synth_1
INFO: [OCL_UTIL] internal step: launched run system_zynq_ultra_ps_e_0_0_synth_1
INFO: [OCL_UTIL] internal step: launched run system_clk_wiz_0_0_synth_1
INFO: [OCL_UTIL] internal step: launched run system_proc_sys_reset_1_0_synth_1
INFO: [OCL_UTIL] internal step: launched run system_proc_sys_reset_2_0_synth_1
INFO: [OCL_UTIL] internal step: launched run system_proc_sys_reset_3_0_synth_1
INFO: [OCL_UTIL] internal step: launched run system_axi_intc_0_0_synth_1
INFO: [OCL_UTIL] internal step: launched run system_axi_ic_zynq_ultra_ps_e_0_S_AXI_HP2_FPD_imp_s00_regslice_0_synth_1
INFO: [OCL_UTIL] internal step: launched run system_axi_ic_zynq_ultra_ps_e_0_S_AXI_HP2_FPD_imp_s01_regslice_0_synth_1
INFO: [OCL_UTIL] internal step: launched run system_axi_ic_zynq_ultra_ps_e_0_S_AXI_HP2_FPD_imp_m00_data_fifo_0_synth_1
INFO: [OCL_UTIL] internal step: launched run system_axi_ic_zynq_ultra_ps_e_0_S_AXI_HP2_FPD_imp_s04_regslice_0_synth_1
INFO: [OCL_UTIL] internal step: launched run system_ps8_0_axi_periph_upgraded_ipi_imp_xbar_0_synth_1
INFO: [OCL_UTIL] internal step: launched run system_axi_ic_zynq_ultra_ps_e_0_S_AXI_HP2_FPD_imp_s03_regslice_0_synth_1
INFO: [OCL_UTIL] internal step: launched run system_axi_ic_zynq_ultra_ps_e_0_S_AXI_HP2_FPD_imp_s02_regslice_0_synth_1
INFO: [OCL_UTIL] internal step: launched run system_ImageRenderHLS_1_0_synth_1
INFO: [OCL_UTIL] internal step: launched run system_axi_ic_zynq_ultra_ps_e_0_S_AXI_HP2_FPD_imp_auto_us_df_3_synth_1
INFO: [OCL_UTIL] internal step: launched run system_ps8_0_axi_periph_imp_auto_pc_0_synth_1
INFO: [OCL_UTIL] internal step: launched run system_axi_ic_zynq_ultra_ps_e_0_S_AXI_HP2_FPD_imp_auto_us_df_5_synth_1
INFO: [OCL_UTIL] internal step: launched run system_axi_ic_zynq_ultra_ps_e_0_S_AXI_HP2_FPD_imp_auto_us_df_4_synth_1
INFO: [OCL_UTIL] internal step: launched run system_axi_ic_zynq_ultra_ps_e_0_S_AXI_HP2_FPD_imp_m00_regslice_0_synth_1
INFO: [OCL_UTIL] internal step: launched run system_axi_ic_zynq_ultra_ps_e_0_S_AXI_HP2_FPD_imp_s05_regslice_0_synth_1
INFO: [OCL_UTIL] internal step: launched run system_axi_ic_zynq_ultra_ps_e_0_S_AXI_HP2_FPD_imp_auto_us_df_2_synth_1
INFO: [OCL_UTIL] internal step: launched run system_ps8_0_axi_periph_imp_m01_regslice_0_synth_1
INFO: [OCL_UTIL] internal step: launched run system_axi_ic_zynq_ultra_ps_e_0_S_AXI_HP2_FPD_upgraded_ipi_imp_xbar_0_synth_1
INFO: [OCL_UTIL] internal step: launched run system_axi_ic_zynq_ultra_ps_e_0_S_AXI_HP2_FPD_imp_auto_us_df_1_synth_1
INFO: [OCL_UTIL] internal step: launched run system_axi_ic_zynq_ultra_ps_e_0_S_AXI_HP2_FPD_imp_auto_us_df_0_synth_1
[12:44:26] Run vpl: Step synth: Completed
[12:44:26] Run vpl: Step impl: Started
INFO: [OCL_UTIL] current step: vpl.impl
INFO: [OCL_UTIL] internal step: launch_runs impl_1 -to_step write_bitstream -jobs 4  
[Thu Jan 22 12:44:29 2026] Launched impl_1...
Run output will be captured here: /home/emanuel/workspace/mesh_vo/MultiPlatformDiffRenderer/src/backends/xrt/hls/build/xclbin/_x/link/vivado/vpl/prj/prj.runs/impl_1/runme.log
[Thu Jan 22 12:44:29 2026] Waiting for impl_1 to finish...

*** Running vivado
    with args -log system_wrapper.vdi -applog -m64 -product Vivado -messageDb vivado.pb -mode batch -source system_wrapper.tcl -notrace


****** Vivado v2024.2 (64-bit)
  **** SW Build 5239630 on Fri Nov 08 22:34:34 MST 2024
  **** IP Build 5239520 on Sun Nov 10 16:12:51 MST 2024
  **** SharedData Build 5239561 on Fri Nov 08 14:39:27 MST 2024
  **** Start of session at: Thu Jan 22 12:44:31 2026
    ** Copyright 1986-2022 Xilinx, Inc. All Rights Reserved.
    ** Copyright 2022-2024 Advanced Micro Devices, Inc. All Rights Reserved.

source system_wrapper.tcl -notrace
INFO: Dispatch client connection id - 36697
source /home/emanuel/workspace/mesh_vo/MultiPlatformDiffRenderer/src/backends/xrt/hls/build/xclbin/_x/link/vivado/vpl/scripts/impl_1/_full_init_pre.tcl
INFO: [IP_Flow 19-234] Refreshing IP repositories
INFO: [IP_Flow 19-1700] Loaded user IP repository '/home/emanuel/workspace/mesh_vo/MultiPlatformDiffRenderer/src/backends/xrt/hls/build/xclbin/_x/link/int/xo/ip_repo/xilinx_com_hls_ImageRenderHLS_1_0'.
INFO: [IP_Flow 19-1700] Loaded user IP repository '/home/emanuel/workspace/mesh_vo/MultiPlatformDiffRenderer/src/backends/xrt/hls/build/xclbin/_x/link/vivado/vpl/.local/hw_platform/ipcache'.
INFO: [IP_Flow 19-1700] Loaded user IP repository '/tools/Xilinx/Vitis/2024.2/data/ip'.
INFO: [IP_Flow 19-2313] Loaded Vivado IP repository '/tools/Xilinx/Vivado/2024.2/data/ip'.
Command: link_design -top system_wrapper -part xck26-sfvc784-2LV-c
Design is defaulting to srcset: sources_1
Design is defaulting to constrset: constrs_1
INFO: [Device 21-403] Loading part xck26-sfvc784-2LV-c
INFO: [Project 1-454] Reading design checkpoint '/home/emanuel/workspace/mesh_vo/MultiPlatformDiffRenderer/src/backends/xrt/hls/build/xclbin/_x/link/vivado/vpl/prj/prj.gen/sources_1/bd/system/ip/system_ImageRenderHLS_1_0/system_ImageRenderHLS_1_0.dcp' for cell 'system_i/ImageRenderHLS_1'
INFO: [Project 1-454] Reading design checkpoint '/home/emanuel/workspace/mesh_vo/MultiPlatformDiffRenderer/src/backends/xrt/hls/build/xclbin/_x/link/vivado/vpl/prj/prj.gen/sources_1/bd/system/ip/system_axi_intc_0_0/system_axi_intc_0_0.dcp' for cell 'system_i/axi_intc_0'
INFO: [Project 1-454] Reading design checkpoint '/home/emanuel/workspace/mesh_vo/MultiPlatformDiffRenderer/src/backends/xrt/hls/build/xclbin/_x/link/vivado/vpl/prj/prj.gen/sources_1/bd/system/ip/system_clk_wiz_0_0/system_clk_wiz_0_0.dcp' for cell 'system_i/clk_wiz_0'
INFO: [Project 1-454] Reading design checkpoint '/home/emanuel/workspace/mesh_vo/MultiPlatformDiffRenderer/src/backends/xrt/hls/build/xclbin/_x/link/vivado/vpl/prj/prj.gen/sources_1/bd/system/ip/system_proc_sys_reset_1_0/system_proc_sys_reset_1_0.dcp' for cell 'system_i/proc_sys_reset_1'
INFO: [Project 1-454] Reading design checkpoint '/home/emanuel/workspace/mesh_vo/MultiPlatformDiffRenderer/src/backends/xrt/hls/build/xclbin/_x/link/vivado/vpl/prj/prj.gen/sources_1/bd/system/ip/system_proc_sys_reset_2_0/system_proc_sys_reset_2_0.dcp' for cell 'system_i/proc_sys_reset_2'
INFO: [Project 1-454] Reading design checkpoint '/home/emanuel/workspace/mesh_vo/MultiPlatformDiffRenderer/src/backends/xrt/hls/build/xclbin/_x/link/vivado/vpl/prj/prj.gen/sources_1/bd/system/ip/system_proc_sys_reset_3_0/system_proc_sys_reset_3_0.dcp' for cell 'system_i/proc_sys_reset_3'
INFO: [Project 1-454] Reading design checkpoint '/home/emanuel/workspace/mesh_vo/MultiPlatformDiffRenderer/src/backends/xrt/hls/build/xclbin/_x/link/vivado/vpl/prj/prj.gen/sources_1/bd/system/ip/system_zynq_ultra_ps_e_0_0/system_zynq_ultra_ps_e_0_0.dcp' for cell 'system_i/zynq_ultra_ps_e_0'
INFO: [Project 1-454] Reading design checkpoint '/home/emanuel/workspace/mesh_vo/MultiPlatformDiffRenderer/src/backends/xrt/hls/build/xclbin/_x/link/vivado/vpl/prj/prj.gen/sources_1/bd/system/ip/system_axi_ic_zynq_ultra_ps_e_0_S_AXI_HP2_FPD_upgraded_ipi_imp_xbar_0/system_axi_ic_zynq_ultra_ps_e_0_S_AXI_HP2_FPD_upgraded_ipi_imp_xbar_0.dcp' for cell 'system_i/axi_ic_zynq_ultra_ps_e_0_S_AXI_HP2_FPD/xbar'
INFO: [Project 1-454] Reading design checkpoint '/home/emanuel/workspace/mesh_vo/MultiPlatformDiffRenderer/src/backends/xrt/hls/build/xclbin/_x/link/vivado/vpl/prj/prj.gen/sources_1/bd/system/ip/system_axi_ic_zynq_ultra_ps_e_0_S_AXI_HP2_FPD_imp_m00_data_fifo_0/system_axi_ic_zynq_ultra_ps_e_0_S_AXI_HP2_FPD_imp_m00_data_fifo_0.dcp' for cell 'system_i/axi_ic_zynq_ultra_ps_e_0_S_AXI_HP2_FPD/m00_couplers/m00_data_fifo'
INFO: [Project 1-454] Reading design checkpoint '/home/emanuel/workspace/mesh_vo/MultiPlatformDiffRenderer/src/backends/xrt/hls/build/xclbin/_x/link/vivado/vpl/prj/prj.gen/sources_1/bd/system/ip/system_axi_ic_zynq_ultra_ps_e_0_S_AXI_HP2_FPD_imp_m00_regslice_0/system_axi_ic_zynq_ultra_ps_e_0_S_AXI_HP2_FPD_imp_m00_regslice_0.dcp' for cell 'system_i/axi_ic_zynq_ultra_ps_e_0_S_AXI_HP2_FPD/m00_couplers/m00_regslice'
INFO: [Project 1-454] Reading design checkpoint '/home/emanuel/workspace/mesh_vo/MultiPlatformDiffRenderer/src/backends/xrt/hls/build/xclbin/_x/link/vivado/vpl/prj/prj.gen/sources_1/bd/system/ip/system_axi_ic_zynq_ultra_ps_e_0_S_AXI_HP2_FPD_imp_auto_us_df_0/system_axi_ic_zynq_ultra_ps_e_0_S_AXI_HP2_FPD_imp_auto_us_df_0.dcp' for cell 'system_i/axi_ic_zynq_ultra_ps_e_0_S_AXI_HP2_FPD/s00_couplers/auto_us_df'
INFO: [Project 1-454] Reading design checkpoint '/home/emanuel/workspace/mesh_vo/MultiPlatformDiffRenderer/src/backends/xrt/hls/build/xclbin/_x/link/vivado/vpl/prj/prj.gen/sources_1/bd/system/ip/system_axi_ic_zynq_ultra_ps_e_0_S_AXI_HP2_FPD_imp_s00_regslice_0/system_axi_ic_zynq_ultra_ps_e_0_S_AXI_HP2_FPD_imp_s00_regslice_0.dcp' for cell 'system_i/axi_ic_zynq_ultra_ps_e_0_S_AXI_HP2_FPD/s00_couplers/s00_regslice'
INFO: [Project 1-454] Reading design checkpoint '/home/emanuel/workspace/mesh_vo/MultiPlatformDiffRenderer/src/backends/xrt/hls/build/xclbin/_x/link/vivado/vpl/prj/prj.gen/sources_1/bd/system/ip/system_axi_ic_zynq_ultra_ps_e_0_S_AXI_HP2_FPD_imp_auto_us_df_1/system_axi_ic_zynq_ultra_ps_e_0_S_AXI_HP2_FPD_imp_auto_us_df_1.dcp' for cell 'system_i/axi_ic_zynq_ultra_ps_e_0_S_AXI_HP2_FPD/s01_couplers/auto_us_df'
INFO: [Project 1-454] Reading design checkpoint '/home/emanuel/workspace/mesh_vo/MultiPlatformDiffRenderer/src/backends/xrt/hls/build/xclbin/_x/link/vivado/vpl/prj/prj.gen/sources_1/bd/system/ip/system_axi_ic_zynq_ultra_ps_e_0_S_AXI_HP2_FPD_imp_s01_regslice_0/system_axi_ic_zynq_ultra_ps_e_0_S_AXI_HP2_FPD_imp_s01_regslice_0.dcp' for cell 'system_i/axi_ic_zynq_ultra_ps_e_0_S_AXI_HP2_FPD/s01_couplers/s01_regslice'
INFO: [Project 1-454] Reading design checkpoint '/home/emanuel/workspace/mesh_vo/MultiPlatformDiffRenderer/src/backends/xrt/hls/build/xclbin/_x/link/vivado/vpl/prj/prj.gen/sources_1/bd/system/ip/system_axi_ic_zynq_ultra_ps_e_0_S_AXI_HP2_FPD_imp_auto_us_df_2/system_axi_ic_zynq_ultra_ps_e_0_S_AXI_HP2_FPD_imp_auto_us_df_2.dcp' for cell 'system_i/axi_ic_zynq_ultra_ps_e_0_S_AXI_HP2_FPD/s02_couplers/auto_us_df'
INFO: [Project 1-454] Reading design checkpoint '/home/emanuel/workspace/mesh_vo/MultiPlatformDiffRenderer/src/backends/xrt/hls/build/xclbin/_x/link/vivado/vpl/prj/prj.gen/sources_1/bd/system/ip/system_axi_ic_zynq_ultra_ps_e_0_S_AXI_HP2_FPD_imp_s02_regslice_0/system_axi_ic_zynq_ultra_ps_e_0_S_AXI_HP2_FPD_imp_s02_regslice_0.dcp' for cell 'system_i/axi_ic_zynq_ultra_ps_e_0_S_AXI_HP2_FPD/s02_couplers/s02_regslice'
INFO: [Project 1-454] Reading design checkpoint '/home/emanuel/workspace/mesh_vo/MultiPlatformDiffRenderer/src/backends/xrt/hls/build/xclbin/_x/link/vivado/vpl/prj/prj.gen/sources_1/bd/system/ip/system_axi_ic_zynq_ultra_ps_e_0_S_AXI_HP2_FPD_imp_auto_us_df_3/system_axi_ic_zynq_ultra_ps_e_0_S_AXI_HP2_FPD_imp_auto_us_df_3.dcp' for cell 'system_i/axi_ic_zynq_ultra_ps_e_0_S_AXI_HP2_FPD/s03_couplers/auto_us_df'
INFO: [Project 1-454] Reading design checkpoint '/home/emanuel/workspace/mesh_vo/MultiPlatformDiffRenderer/src/backends/xrt/hls/build/xclbin/_x/link/vivado/vpl/prj/prj.gen/sources_1/bd/system/ip/system_axi_ic_zynq_ultra_ps_e_0_S_AXI_HP2_FPD_imp_s03_regslice_0/system_axi_ic_zynq_ultra_ps_e_0_S_AXI_HP2_FPD_imp_s03_regslice_0.dcp' for cell 'system_i/axi_ic_zynq_ultra_ps_e_0_S_AXI_HP2_FPD/s03_couplers/s03_regslice'
INFO: [Project 1-454] Reading design checkpoint '/home/emanuel/workspace/mesh_vo/MultiPlatformDiffRenderer/src/backends/xrt/hls/build/xclbin/_x/link/vivado/vpl/prj/prj.gen/sources_1/bd/system/ip/system_axi_ic_zynq_ultra_ps_e_0_S_AXI_HP2_FPD_imp_auto_us_df_4/system_axi_ic_zynq_ultra_ps_e_0_S_AXI_HP2_FPD_imp_auto_us_df_4.dcp' for cell 'system_i/axi_ic_zynq_ultra_ps_e_0_S_AXI_HP2_FPD/s04_couplers/auto_us_df'
INFO: [Project 1-454] Reading design checkpoint '/home/emanuel/workspace/mesh_vo/MultiPlatformDiffRenderer/src/backends/xrt/hls/build/xclbin/_x/link/vivado/vpl/prj/prj.gen/sources_1/bd/system/ip/system_axi_ic_zynq_ultra_ps_e_0_S_AXI_HP2_FPD_imp_s04_regslice_0/system_axi_ic_zynq_ultra_ps_e_0_S_AXI_HP2_FPD_imp_s04_regslice_0.dcp' for cell 'system_i/axi_ic_zynq_ultra_ps_e_0_S_AXI_HP2_FPD/s04_couplers/s04_regslice'
INFO: [Project 1-454] Reading design checkpoint '/home/emanuel/workspace/mesh_vo/MultiPlatformDiffRenderer/src/backends/xrt/hls/build/xclbin/_x/link/vivado/vpl/prj/prj.gen/sources_1/bd/system/ip/system_axi_ic_zynq_ultra_ps_e_0_S_AXI_HP2_FPD_imp_auto_us_df_5/system_axi_ic_zynq_ultra_ps_e_0_S_AXI_HP2_FPD_imp_auto_us_df_5.dcp' for cell 'system_i/axi_ic_zynq_ultra_ps_e_0_S_AXI_HP2_FPD/s05_couplers/auto_us_df'
INFO: [Project 1-454] Reading design checkpoint '/home/emanuel/workspace/mesh_vo/MultiPlatformDiffRenderer/src/backends/xrt/hls/build/xclbin/_x/link/vivado/vpl/prj/prj.gen/sources_1/bd/system/ip/system_axi_ic_zynq_ultra_ps_e_0_S_AXI_HP2_FPD_imp_s05_regslice_0/system_axi_ic_zynq_ultra_ps_e_0_S_AXI_HP2_FPD_imp_s05_regslice_0.dcp' for cell 'system_i/axi_ic_zynq_ultra_ps_e_0_S_AXI_HP2_FPD/s05_couplers/s05_regslice'
INFO: [Project 1-454] Reading design checkpoint '/home/emanuel/workspace/mesh_vo/MultiPlatformDiffRenderer/src/backends/xrt/hls/build/xclbin/_x/link/vivado/vpl/prj/prj.gen/sources_1/bd/system/ip/system_ps8_0_axi_periph_upgraded_ipi_imp_xbar_0/system_ps8_0_axi_periph_upgraded_ipi_imp_xbar_0.dcp' for cell 'system_i/ps8_0_axi_periph/xbar'
INFO: [Project 1-454] Reading design checkpoint '/home/emanuel/workspace/mesh_vo/MultiPlatformDiffRenderer/src/backends/xrt/hls/build/xclbin/_x/link/vivado/vpl/prj/prj.gen/sources_1/bd/system/ip/system_ps8_0_axi_periph_imp_m01_regslice_0/system_ps8_0_axi_periph_imp_m01_regslice_0.dcp' for cell 'system_i/ps8_0_axi_periph/m01_couplers/m01_regslice'
INFO: [Project 1-454] Reading design checkpoint '/home/emanuel/workspace/mesh_vo/MultiPlatformDiffRenderer/src/backends/xrt/hls/build/xclbin/_x/link/vivado/vpl/prj/prj.gen/sources_1/bd/system/ip/system_ps8_0_axi_periph_imp_auto_pc_0/system_ps8_0_axi_periph_imp_auto_pc_0.dcp' for cell 'system_i/ps8_0_axi_periph/s00_couplers/auto_pc'
Netlist sorting complete. Time (s): cpu = 00:00:01 ; elapsed = 00:00:01 . Memory (MB): peak = 2359.074 ; gain = 0.000 ; free physical = 8676 ; free virtual = 16960
INFO: [Netlist 29-17] Analyzing 2904 Unisim elements for replacement
INFO: [Netlist 29-28] Unisim Transformation completed in 1 CPU seconds
INFO: [Project 1-479] Netlist was created with Vivado 2024.2
INFO: [Project 1-570] Preparing netlist for logic optimization
WARNING: [Opt 31-32] Removing redundant IBUF since it is not being driven by a top-level port. system_i/clk_wiz_0/inst/clkin1_ibuf 
Resolution: The tool has removed redundant IBUF. To resolve this warning, check for redundant IBUF in the input design.
WARNING: [Constraints 18-550] Could not create 'IBUF_LOW_PWR' constraint because net 'system_i/clk_wiz_0/clk_in1' is not directly connected to top level port. 'IBUF_LOW_PWR' is ignored for synthesis but preserved for implementation.
Parsing XDC File [/home/emanuel/workspace/mesh_vo/MultiPlatformDiffRenderer/src/backends/xrt/hls/build/xclbin/_x/link/vivado/vpl/prj/prj.gen/sources_1/bd/system/ip/system_zynq_ultra_ps_e_0_0/system_zynq_ultra_ps_e_0_0.xdc] for cell 'system_i/zynq_ultra_ps_e_0/inst'
Finished Parsing XDC File [/home/emanuel/workspace/mesh_vo/MultiPlatformDiffRenderer/src/backends/xrt/hls/build/xclbin/_x/link/vivado/vpl/prj/prj.gen/sources_1/bd/system/ip/system_zynq_ultra_ps_e_0_0/system_zynq_ultra_ps_e_0_0.xdc] for cell 'system_i/zynq_ultra_ps_e_0/inst'
Parsing XDC File [/home/emanuel/workspace/mesh_vo/MultiPlatformDiffRenderer/src/backends/xrt/hls/build/xclbin/_x/link/vivado/vpl/prj/prj.gen/sources_1/bd/system/ip/system_clk_wiz_0_0/system_clk_wiz_0_0_board.xdc] for cell 'system_i/clk_wiz_0/inst'
Finished Parsing XDC File [/home/emanuel/workspace/mesh_vo/MultiPlatformDiffRenderer/src/backends/xrt/hls/build/xclbin/_x/link/vivado/vpl/prj/prj.gen/sources_1/bd/system/ip/system_clk_wiz_0_0/system_clk_wiz_0_0_board.xdc] for cell 'system_i/clk_wiz_0/inst'
Parsing XDC File [/home/emanuel/workspace/mesh_vo/MultiPlatformDiffRenderer/src/backends/xrt/hls/build/xclbin/_x/link/vivado/vpl/prj/prj.gen/sources_1/bd/system/ip/system_clk_wiz_0_0/system_clk_wiz_0_0.xdc] for cell 'system_i/clk_wiz_0/inst'
INFO: [Timing 38-35] Done setting XDC timing constraints. [/home/emanuel/workspace/mesh_vo/MultiPlatformDiffRenderer/src/backends/xrt/hls/build/xclbin/_x/link/vivado/vpl/prj/prj.gen/sources_1/bd/system/ip/system_clk_wiz_0_0/system_clk_wiz_0_0.xdc:54]
INFO: [Timing 38-2] Deriving generated clocks [/home/emanuel/workspace/mesh_vo/MultiPlatformDiffRenderer/src/backends/xrt/hls/build/xclbin/_x/link/vivado/vpl/prj/prj.gen/sources_1/bd/system/ip/system_clk_wiz_0_0/system_clk_wiz_0_0.xdc:54]
get_clocks: Time (s): cpu = 00:00:24 ; elapsed = 00:00:08 . Memory (MB): peak = 3626.766 ; gain = 652.645 ; free physical = 6786 ; free virtual = 15111
Finished Parsing XDC File [/home/emanuel/workspace/mesh_vo/MultiPlatformDiffRenderer/src/backends/xrt/hls/build/xclbin/_x/link/vivado/vpl/prj/prj.gen/sources_1/bd/system/ip/system_clk_wiz_0_0/system_clk_wiz_0_0.xdc] for cell 'system_i/clk_wiz_0/inst'
Parsing XDC File [/home/emanuel/workspace/mesh_vo/MultiPlatformDiffRenderer/src/backends/xrt/hls/build/xclbin/_x/link/vivado/vpl/prj/prj.gen/sources_1/bd/system/ip/system_proc_sys_reset_1_0/system_proc_sys_reset_1_0_board.xdc] for cell 'system_i/proc_sys_reset_1/U0'
Finished Parsing XDC File [/home/emanuel/workspace/mesh_vo/MultiPlatformDiffRenderer/src/backends/xrt/hls/build/xclbin/_x/link/vivado/vpl/prj/prj.gen/sources_1/bd/system/ip/system_proc_sys_reset_1_0/system_proc_sys_reset_1_0_board.xdc] for cell 'system_i/proc_sys_reset_1/U0'
Parsing XDC File [/home/emanuel/workspace/mesh_vo/MultiPlatformDiffRenderer/src/backends/xrt/hls/build/xclbin/_x/link/vivado/vpl/prj/prj.gen/sources_1/bd/system/ip/system_proc_sys_reset_1_0/system_proc_sys_reset_1_0.xdc] for cell 'system_i/proc_sys_reset_1/U0'
Finished Parsing XDC File [/home/emanuel/workspace/mesh_vo/MultiPlatformDiffRenderer/src/backends/xrt/hls/build/xclbin/_x/link/vivado/vpl/prj/prj.gen/sources_1/bd/system/ip/system_proc_sys_reset_1_0/system_proc_sys_reset_1_0.xdc] for cell 'system_i/proc_sys_reset_1/U0'
Parsing XDC File [/home/emanuel/workspace/mesh_vo/MultiPlatformDiffRenderer/src/backends/xrt/hls/build/xclbin/_x/link/vivado/vpl/prj/prj.gen/sources_1/bd/system/ip/system_proc_sys_reset_2_0/system_proc_sys_reset_2_0_board.xdc] for cell 'system_i/proc_sys_reset_2/U0'
Finished Parsing XDC File [/home/emanuel/workspace/mesh_vo/MultiPlatformDiffRenderer/src/backends/xrt/hls/build/xclbin/_x/link/vivado/vpl/prj/prj.gen/sources_1/bd/system/ip/system_proc_sys_reset_2_0/system_proc_sys_reset_2_0_board.xdc] for cell 'system_i/proc_sys_reset_2/U0'
Parsing XDC File [/home/emanuel/workspace/mesh_vo/MultiPlatformDiffRenderer/src/backends/xrt/hls/build/xclbin/_x/link/vivado/vpl/prj/prj.gen/sources_1/bd/system/ip/system_proc_sys_reset_2_0/system_proc_sys_reset_2_0.xdc] for cell 'system_i/proc_sys_reset_2/U0'
Finished Parsing XDC File [/home/emanuel/workspace/mesh_vo/MultiPlatformDiffRenderer/src/backends/xrt/hls/build/xclbin/_x/link/vivado/vpl/prj/prj.gen/sources_1/bd/system/ip/system_proc_sys_reset_2_0/system_proc_sys_reset_2_0.xdc] for cell 'system_i/proc_sys_reset_2/U0'
Parsing XDC File [/home/emanuel/workspace/mesh_vo/MultiPlatformDiffRenderer/src/backends/xrt/hls/build/xclbin/_x/link/vivado/vpl/prj/prj.gen/sources_1/bd/system/ip/system_proc_sys_reset_3_0/system_proc_sys_reset_3_0_board.xdc] for cell 'system_i/proc_sys_reset_3/U0'
Finished Parsing XDC File [/home/emanuel/workspace/mesh_vo/MultiPlatformDiffRenderer/src/backends/xrt/hls/build/xclbin/_x/link/vivado/vpl/prj/prj.gen/sources_1/bd/system/ip/system_proc_sys_reset_3_0/system_proc_sys_reset_3_0_board.xdc] for cell 'system_i/proc_sys_reset_3/U0'
Parsing XDC File [/home/emanuel/workspace/mesh_vo/MultiPlatformDiffRenderer/src/backends/xrt/hls/build/xclbin/_x/link/vivado/vpl/prj/prj.gen/sources_1/bd/system/ip/system_proc_sys_reset_3_0/system_proc_sys_reset_3_0.xdc] for cell 'system_i/proc_sys_reset_3/U0'
Finished Parsing XDC File [/home/emanuel/workspace/mesh_vo/MultiPlatformDiffRenderer/src/backends/xrt/hls/build/xclbin/_x/link/vivado/vpl/prj/prj.gen/sources_1/bd/system/ip/system_proc_sys_reset_3_0/system_proc_sys_reset_3_0.xdc] for cell 'system_i/proc_sys_reset_3/U0'
Parsing XDC File [/home/emanuel/workspace/mesh_vo/MultiPlatformDiffRenderer/src/backends/xrt/hls/build/xclbin/_x/link/vivado/vpl/prj/prj.gen/sources_1/bd/system/ip/system_axi_intc_0_0/system_axi_intc_0_0.xdc] for cell 'system_i/axi_intc_0/U0'
Finished Parsing XDC File [/home/emanuel/workspace/mesh_vo/MultiPlatformDiffRenderer/src/backends/xrt/hls/build/xclbin/_x/link/vivado/vpl/prj/prj.gen/sources_1/bd/system/ip/system_axi_intc_0_0/system_axi_intc_0_0.xdc] for cell 'system_i/axi_intc_0/U0'
Parsing XDC File [/home/emanuel/workspace/mesh_vo/MultiPlatformDiffRenderer/src/backends/xrt/hls/build/xclbin/_x/link/vivado/vpl/prj/prj.gen/sources_1/bd/system/ip/system_axi_intc_0_0/system_axi_intc_0_0_clocks.xdc] for cell 'system_i/axi_intc_0/U0'
Finished Parsing XDC File [/home/emanuel/workspace/mesh_vo/MultiPlatformDiffRenderer/src/backends/xrt/hls/build/xclbin/_x/link/vivado/vpl/prj/prj.gen/sources_1/bd/system/ip/system_axi_intc_0_0/system_axi_intc_0_0_clocks.xdc] for cell 'system_i/axi_intc_0/U0'
Parsing XDC File [/home/emanuel/workspace/mesh_vo/MultiPlatformDiffRenderer/src/backends/xrt/hls/build/xclbin/_x/link/vivado/vpl/prj/prj.gen/sources_1/bd/system/ip/system_ps8_0_axi_periph_imp_m01_regslice_0/system_ps8_0_axi_periph_imp_m01_regslice_0_clocks.xdc] for cell 'system_i/ps8_0_axi_periph/m01_couplers/m01_regslice/inst'
Finished Parsing XDC File [/home/emanuel/workspace/mesh_vo/MultiPlatformDiffRenderer/src/backends/xrt/hls/build/xclbin/_x/link/vivado/vpl/prj/prj.gen/sources_1/bd/system/ip/system_ps8_0_axi_periph_imp_m01_regslice_0/system_ps8_0_axi_periph_imp_m01_regslice_0_clocks.xdc] for cell 'system_i/ps8_0_axi_periph/m01_couplers/m01_regslice/inst'
Parsing XDC File [/home/emanuel/workspace/mesh_vo/MultiPlatformDiffRenderer/src/backends/xrt/hls/build/xclbin/_x/link/vivado/vpl/prj/prj.gen/sources_1/bd/system/ip/system_axi_ic_zynq_ultra_ps_e_0_S_AXI_HP2_FPD_imp_s00_regslice_0/system_axi_ic_zynq_ultra_ps_e_0_S_AXI_HP2_FPD_imp_s00_regslice_0_clocks.xdc] for cell 'system_i/axi_ic_zynq_ultra_ps_e_0_S_AXI_HP2_FPD/s00_couplers/s00_regslice/inst'
Finished Parsing XDC File [/home/emanuel/workspace/mesh_vo/MultiPlatformDiffRenderer/src/backends/xrt/hls/build/xclbin/_x/link/vivado/vpl/prj/prj.gen/sources_1/bd/system/ip/system_axi_ic_zynq_ultra_ps_e_0_S_AXI_HP2_FPD_imp_s00_regslice_0/system_axi_ic_zynq_ultra_ps_e_0_S_AXI_HP2_FPD_imp_s00_regslice_0_clocks.xdc] for cell 'system_i/axi_ic_zynq_ultra_ps_e_0_S_AXI_HP2_FPD/s00_couplers/s00_regslice/inst'
Parsing XDC File [/home/emanuel/workspace/mesh_vo/MultiPlatformDiffRenderer/src/backends/xrt/hls/build/xclbin/_x/link/vivado/vpl/prj/prj.gen/sources_1/bd/system/ip/system_axi_ic_zynq_ultra_ps_e_0_S_AXI_HP2_FPD_imp_auto_us_df_0/system_axi_ic_zynq_ultra_ps_e_0_S_AXI_HP2_FPD_imp_auto_us_df_0_clocks.xdc] for cell 'system_i/axi_ic_zynq_ultra_ps_e_0_S_AXI_HP2_FPD/s00_couplers/auto_us_df/inst'
WARNING: [Vivado_Tcl 4-935] Waiver ID 'CDC-1' is a duplicate and will not be added again. [/home/emanuel/workspace/mesh_vo/MultiPlatformDiffRenderer/src/backends/xrt/hls/build/xclbin/_x/link/vivado/vpl/prj/prj.gen/sources_1/bd/system/ip/system_axi_ic_zynq_ultra_ps_e_0_S_AXI_HP2_FPD_imp_auto_us_df_0/system_axi_ic_zynq_ultra_ps_e_0_S_AXI_HP2_FPD_imp_auto_us_df_0_clocks.xdc:18]
WARNING: [Vivado_Tcl 4-921] Waiver ID 'CDC-1' -to list should not be empty. [/home/emanuel/workspace/mesh_vo/MultiPlatformDiffRenderer/src/backends/xrt/hls/build/xclbin/_x/link/vivado/vpl/prj/prj.gen/sources_1/bd/system/ip/system_axi_ic_zynq_ultra_ps_e_0_S_AXI_HP2_FPD_imp_auto_us_df_0/system_axi_ic_zynq_ultra_ps_e_0_S_AXI_HP2_FPD_imp_auto_us_df_0_clocks.xdc:24]
WARNING: [Vivado_Tcl 4-920] Waiver ID 'CDC-1' -to list has >10000 objects! [/home/emanuel/workspace/mesh_vo/MultiPlatformDiffRenderer/src/backends/xrt/hls/build/xclbin/_x/link/vivado/vpl/prj/prj.gen/sources_1/bd/system/ip/system_axi_ic_zynq_ultra_ps_e_0_S_AXI_HP2_FPD_imp_auto_us_df_0/system_axi_ic_zynq_ultra_ps_e_0_S_AXI_HP2_FPD_imp_auto_us_df_0_clocks.xdc:27]
WARNING: [Vivado_Tcl 4-920] Waiver ID 'CDC-1' -to list has >10000 objects! [/home/emanuel/workspace/mesh_vo/MultiPlatformDiffRenderer/src/backends/xrt/hls/build/xclbin/_x/link/vivado/vpl/prj/prj.gen/sources_1/bd/system/ip/system_axi_ic_zynq_ultra_ps_e_0_S_AXI_HP2_FPD_imp_auto_us_df_0/system_axi_ic_zynq_ultra_ps_e_0_S_AXI_HP2_FPD_imp_auto_us_df_0_clocks.xdc:30]
WARNING: [Vivado_Tcl 4-921] Waiver ID 'CDC-1' -to list should not be empty. [/home/emanuel/workspace/mesh_vo/MultiPlatformDiffRenderer/src/backends/xrt/hls/build/xclbin/_x/link/vivado/vpl/prj/prj.gen/sources_1/bd/system/ip/system_axi_ic_zynq_ultra_ps_e_0_S_AXI_HP2_FPD_imp_auto_us_df_0/system_axi_ic_zynq_ultra_ps_e_0_S_AXI_HP2_FPD_imp_auto_us_df_0_clocks.xdc:33]
WARNING: [Vivado_Tcl 4-921] Waiver ID 'CDC-1' -to list should not be empty. [/home/emanuel/workspace/mesh_vo/MultiPlatformDiffRenderer/src/backends/xrt/hls/build/xclbin/_x/link/vivado/vpl/prj/prj.gen/sources_1/bd/system/ip/system_axi_ic_zynq_ultra_ps_e_0_S_AXI_HP2_FPD_imp_auto_us_df_0/system_axi_ic_zynq_ultra_ps_e_0_S_AXI_HP2_FPD_imp_auto_us_df_0_clocks.xdc:36]
WARNING: [Vivado_Tcl 4-921] Waiver ID 'CDC-10' -to list should not be empty. [/home/emanuel/workspace/mesh_vo/MultiPlatformDiffRenderer/src/backends/xrt/hls/build/xclbin/_x/link/vivado/vpl/prj/prj.gen/sources_1/bd/system/ip/system_axi_ic_zynq_ultra_ps_e_0_S_AXI_HP2_FPD_imp_auto_us_df_0/system_axi_ic_zynq_ultra_ps_e_0_S_AXI_HP2_FPD_imp_auto_us_df_0_clocks.xdc:39]
WARNING: [Vivado_Tcl 4-935] Waiver ID 'CDC-10' is a duplicate and will not be added again. [/home/emanuel/workspace/mesh_vo/MultiPlatformDiffRenderer/src/backends/xrt/hls/build/xclbin/_x/link/vivado/vpl/prj/prj.gen/sources_1/bd/system/ip/system_axi_ic_zynq_ultra_ps_e_0_S_AXI_HP2_FPD_imp_auto_us_df_0/system_axi_ic_zynq_ultra_ps_e_0_S_AXI_HP2_FPD_imp_auto_us_df_0_clocks.xdc:45]
WARNING: [Vivado_Tcl 4-921] Waiver ID 'CDC-2' -to list should not be empty. [/home/emanuel/workspace/mesh_vo/MultiPlatformDiffRenderer/src/backends/xrt/hls/build/xclbin/_x/link/vivado/vpl/prj/prj.gen/sources_1/bd/system/ip/system_axi_ic_zynq_ultra_ps_e_0_S_AXI_HP2_FPD_imp_auto_us_df_0/system_axi_ic_zynq_ultra_ps_e_0_S_AXI_HP2_FPD_imp_auto_us_df_0_clocks.xdc:48]
WARNING: [Vivado_Tcl 4-935] Waiver ID 'CDC-11' is a duplicate and will not be added again. [/home/emanuel/workspace/mesh_vo/MultiPlatformDiffRenderer/src/backends/xrt/hls/build/xclbin/_x/link/vivado/vpl/prj/prj.gen/sources_1/bd/system/ip/system_axi_ic_zynq_ultra_ps_e_0_S_AXI_HP2_FPD_imp_auto_us_df_0/system_axi_ic_zynq_ultra_ps_e_0_S_AXI_HP2_FPD_imp_auto_us_df_0_clocks.xdc:54]
Finished Parsing XDC File [/home/emanuel/workspace/mesh_vo/MultiPlatformDiffRenderer/src/backends/xrt/hls/build/xclbin/_x/link/vivado/vpl/prj/prj.gen/sources_1/bd/system/ip/system_axi_ic_zynq_ultra_ps_e_0_S_AXI_HP2_FPD_imp_auto_us_df_0/system_axi_ic_zynq_ultra_ps_e_0_S_AXI_HP2_FPD_imp_auto_us_df_0_clocks.xdc] for cell 'system_i/axi_ic_zynq_ultra_ps_e_0_S_AXI_HP2_FPD/s00_couplers/auto_us_df/inst'
Parsing XDC File [/home/emanuel/workspace/mesh_vo/MultiPlatformDiffRenderer/src/backends/xrt/hls/build/xclbin/_x/link/vivado/vpl/prj/prj.gen/sources_1/bd/system/ip/system_axi_ic_zynq_ultra_ps_e_0_S_AXI_HP2_FPD_imp_s01_regslice_0/system_axi_ic_zynq_ultra_ps_e_0_S_AXI_HP2_FPD_imp_s01_regslice_0_clocks.xdc] for cell 'system_i/axi_ic_zynq_ultra_ps_e_0_S_AXI_HP2_FPD/s01_couplers/s01_regslice/inst'
Finished Parsing XDC File [/home/emanuel/workspace/mesh_vo/MultiPlatformDiffRenderer/src/backends/xrt/hls/build/xclbin/_x/link/vivado/vpl/prj/prj.gen/sources_1/bd/system/ip/system_axi_ic_zynq_ultra_ps_e_0_S_AXI_HP2_FPD_imp_s01_regslice_0/system_axi_ic_zynq_ultra_ps_e_0_S_AXI_HP2_FPD_imp_s01_regslice_0_clocks.xdc] for cell 'system_i/axi_ic_zynq_ultra_ps_e_0_S_AXI_HP2_FPD/s01_couplers/s01_regslice/inst'
Parsing XDC File [/home/emanuel/workspace/mesh_vo/MultiPlatformDiffRenderer/src/backends/xrt/hls/build/xclbin/_x/link/vivado/vpl/prj/prj.gen/sources_1/bd/system/ip/system_axi_ic_zynq_ultra_ps_e_0_S_AXI_HP2_FPD_imp_auto_us_df_1/system_axi_ic_zynq_ultra_ps_e_0_S_AXI_HP2_FPD_imp_auto_us_df_1_clocks.xdc] for cell 'system_i/axi_ic_zynq_ultra_ps_e_0_S_AXI_HP2_FPD/s01_couplers/auto_us_df/inst'
WARNING: [Vivado_Tcl 4-935] Waiver ID 'CDC-1' is a duplicate and will not be added again. [/home/emanuel/workspace/mesh_vo/MultiPlatformDiffRenderer/src/backends/xrt/hls/build/xclbin/_x/link/vivado/vpl/prj/prj.gen/sources_1/bd/system/ip/system_axi_ic_zynq_ultra_ps_e_0_S_AXI_HP2_FPD_imp_auto_us_df_1/system_axi_ic_zynq_ultra_ps_e_0_S_AXI_HP2_FPD_imp_auto_us_df_1_clocks.xdc:18]
WARNING: [Vivado_Tcl 4-921] Waiver ID 'CDC-1' -to list should not be empty. [/home/emanuel/workspace/mesh_vo/MultiPlatformDiffRenderer/src/backends/xrt/hls/build/xclbin/_x/link/vivado/vpl/prj/prj.gen/sources_1/bd/system/ip/system_axi_ic_zynq_ultra_ps_e_0_S_AXI_HP2_FPD_imp_auto_us_df_1/system_axi_ic_zynq_ultra_ps_e_0_S_AXI_HP2_FPD_imp_auto_us_df_1_clocks.xdc:24]
WARNING: [Vivado_Tcl 4-920] Waiver ID 'CDC-1' -to list has >10000 objects! [/home/emanuel/workspace/mesh_vo/MultiPlatformDiffRenderer/src/backends/xrt/hls/build/xclbin/_x/link/vivado/vpl/prj/prj.gen/sources_1/bd/system/ip/system_axi_ic_zynq_ultra_ps_e_0_S_AXI_HP2_FPD_imp_auto_us_df_1/system_axi_ic_zynq_ultra_ps_e_0_S_AXI_HP2_FPD_imp_auto_us_df_1_clocks.xdc:27]
WARNING: [Vivado_Tcl 4-920] Waiver ID 'CDC-1' -to list has >10000 objects! [/home/emanuel/workspace/mesh_vo/MultiPlatformDiffRenderer/src/backends/xrt/hls/build/xclbin/_x/link/vivado/vpl/prj/prj.gen/sources_1/bd/system/ip/system_axi_ic_zynq_ultra_ps_e_0_S_AXI_HP2_FPD_imp_auto_us_df_1/system_axi_ic_zynq_ultra_ps_e_0_S_AXI_HP2_FPD_imp_auto_us_df_1_clocks.xdc:30]
WARNING: [Vivado_Tcl 4-921] Waiver ID 'CDC-1' -to list should not be empty. [/home/emanuel/workspace/mesh_vo/MultiPlatformDiffRenderer/src/backends/xrt/hls/build/xclbin/_x/link/vivado/vpl/prj/prj.gen/sources_1/bd/system/ip/system_axi_ic_zynq_ultra_ps_e_0_S_AXI_HP2_FPD_imp_auto_us_df_1/system_axi_ic_zynq_ultra_ps_e_0_S_AXI_HP2_FPD_imp_auto_us_df_1_clocks.xdc:33]
WARNING: [Vivado_Tcl 4-921] Waiver ID 'CDC-1' -to list should not be empty. [/home/emanuel/workspace/mesh_vo/MultiPlatformDiffRenderer/src/backends/xrt/hls/build/xclbin/_x/link/vivado/vpl/prj/prj.gen/sources_1/bd/system/ip/system_axi_ic_zynq_ultra_ps_e_0_S_AXI_HP2_FPD_imp_auto_us_df_1/system_axi_ic_zynq_ultra_ps_e_0_S_AXI_HP2_FPD_imp_auto_us_df_1_clocks.xdc:36]
WARNING: [Vivado_Tcl 4-921] Waiver ID 'CDC-10' -to list should not be empty. [/home/emanuel/workspace/mesh_vo/MultiPlatformDiffRenderer/src/backends/xrt/hls/build/xclbin/_x/link/vivado/vpl/prj/prj.gen/sources_1/bd/system/ip/system_axi_ic_zynq_ultra_ps_e_0_S_AXI_HP2_FPD_imp_auto_us_df_1/system_axi_ic_zynq_ultra_ps_e_0_S_AXI_HP2_FPD_imp_auto_us_df_1_clocks.xdc:39]
WARNING: [Vivado_Tcl 4-935] Waiver ID 'CDC-10' is a duplicate and will not be added again. [/home/emanuel/workspace/mesh_vo/MultiPlatformDiffRenderer/src/backends/xrt/hls/build/xclbin/_x/link/vivado/vpl/prj/prj.gen/sources_1/bd/system/ip/system_axi_ic_zynq_ultra_ps_e_0_S_AXI_HP2_FPD_imp_auto_us_df_1/system_axi_ic_zynq_ultra_ps_e_0_S_AXI_HP2_FPD_imp_auto_us_df_1_clocks.xdc:45]
WARNING: [Vivado_Tcl 4-921] Waiver ID 'CDC-2' -to list should not be empty. [/home/emanuel/workspace/mesh_vo/MultiPlatformDiffRenderer/src/backends/xrt/hls/build/xclbin/_x/link/vivado/vpl/prj/prj.gen/sources_1/bd/system/ip/system_axi_ic_zynq_ultra_ps_e_0_S_AXI_HP2_FPD_imp_auto_us_df_1/system_axi_ic_zynq_ultra_ps_e_0_S_AXI_HP2_FPD_imp_auto_us_df_1_clocks.xdc:48]
WARNING: [Vivado_Tcl 4-935] Waiver ID 'CDC-11' is a duplicate and will not be added again. [/home/emanuel/workspace/mesh_vo/MultiPlatformDiffRenderer/src/backends/xrt/hls/build/xclbin/_x/link/vivado/vpl/prj/prj.gen/sources_1/bd/system/ip/system_axi_ic_zynq_ultra_ps_e_0_S_AXI_HP2_FPD_imp_auto_us_df_1/system_axi_ic_zynq_ultra_ps_e_0_S_AXI_HP2_FPD_imp_auto_us_df_1_clocks.xdc:54]
Finished Parsing XDC File [/home/emanuel/workspace/mesh_vo/MultiPlatformDiffRenderer/src/backends/xrt/hls/build/xclbin/_x/link/vivado/vpl/prj/prj.gen/sources_1/bd/system/ip/system_axi_ic_zynq_ultra_ps_e_0_S_AXI_HP2_FPD_imp_auto_us_df_1/system_axi_ic_zynq_ultra_ps_e_0_S_AXI_HP2_FPD_imp_auto_us_df_1_clocks.xdc] for cell 'system_i/axi_ic_zynq_ultra_ps_e_0_S_AXI_HP2_FPD/s01_couplers/auto_us_df/inst'
Parsing XDC File [/home/emanuel/workspace/mesh_vo/MultiPlatformDiffRenderer/src/backends/xrt/hls/build/xclbin/_x/link/vivado/vpl/prj/prj.gen/sources_1/bd/system/ip/system_axi_ic_zynq_ultra_ps_e_0_S_AXI_HP2_FPD_imp_s02_regslice_0/system_axi_ic_zynq_ultra_ps_e_0_S_AXI_HP2_FPD_imp_s02_regslice_0_clocks.xdc] for cell 'system_i/axi_ic_zynq_ultra_ps_e_0_S_AXI_HP2_FPD/s02_couplers/s02_regslice/inst'
Finished Parsing XDC File [/home/emanuel/workspace/mesh_vo/MultiPlatformDiffRenderer/src/backends/xrt/hls/build/xclbin/_x/link/vivado/vpl/prj/prj.gen/sources_1/bd/system/ip/system_axi_ic_zynq_ultra_ps_e_0_S_AXI_HP2_FPD_imp_s02_regslice_0/system_axi_ic_zynq_ultra_ps_e_0_S_AXI_HP2_FPD_imp_s02_regslice_0_clocks.xdc] for cell 'system_i/axi_ic_zynq_ultra_ps_e_0_S_AXI_HP2_FPD/s02_couplers/s02_regslice/inst'
Parsing XDC File [/home/emanuel/workspace/mesh_vo/MultiPlatformDiffRenderer/src/backends/xrt/hls/build/xclbin/_x/link/vivado/vpl/prj/prj.gen/sources_1/bd/system/ip/system_axi_ic_zynq_ultra_ps_e_0_S_AXI_HP2_FPD_imp_auto_us_df_2/system_axi_ic_zynq_ultra_ps_e_0_S_AXI_HP2_FPD_imp_auto_us_df_2_clocks.xdc] for cell 'system_i/axi_ic_zynq_ultra_ps_e_0_S_AXI_HP2_FPD/s02_couplers/auto_us_df/inst'
WARNING: [Vivado_Tcl 4-935] Waiver ID 'CDC-1' is a duplicate and will not be added again. [/home/emanuel/workspace/mesh_vo/MultiPlatformDiffRenderer/src/backends/xrt/hls/build/xclbin/_x/link/vivado/vpl/prj/prj.gen/sources_1/bd/system/ip/system_axi_ic_zynq_ultra_ps_e_0_S_AXI_HP2_FPD_imp_auto_us_df_2/system_axi_ic_zynq_ultra_ps_e_0_S_AXI_HP2_FPD_imp_auto_us_df_2_clocks.xdc:18]
WARNING: [Vivado_Tcl 4-921] Waiver ID 'CDC-1' -to list should not be empty. [/home/emanuel/workspace/mesh_vo/MultiPlatformDiffRenderer/src/backends/xrt/hls/build/xclbin/_x/link/vivado/vpl/prj/prj.gen/sources_1/bd/system/ip/system_axi_ic_zynq_ultra_ps_e_0_S_AXI_HP2_FPD_imp_auto_us_df_2/system_axi_ic_zynq_ultra_ps_e_0_S_AXI_HP2_FPD_imp_auto_us_df_2_clocks.xdc:24]
WARNING: [Vivado_Tcl 4-920] Waiver ID 'CDC-1' -to list has >10000 objects! [/home/emanuel/workspace/mesh_vo/MultiPlatformDiffRenderer/src/backends/xrt/hls/build/xclbin/_x/link/vivado/vpl/prj/prj.gen/sources_1/bd/system/ip/system_axi_ic_zynq_ultra_ps_e_0_S_AXI_HP2_FPD_imp_auto_us_df_2/system_axi_ic_zynq_ultra_ps_e_0_S_AXI_HP2_FPD_imp_auto_us_df_2_clocks.xdc:27]
WARNING: [Vivado_Tcl 4-920] Waiver ID 'CDC-1' -to list has >10000 objects! [/home/emanuel/workspace/mesh_vo/MultiPlatformDiffRenderer/src/backends/xrt/hls/build/xclbin/_x/link/vivado/vpl/prj/prj.gen/sources_1/bd/system/ip/system_axi_ic_zynq_ultra_ps_e_0_S_AXI_HP2_FPD_imp_auto_us_df_2/system_axi_ic_zynq_ultra_ps_e_0_S_AXI_HP2_FPD_imp_auto_us_df_2_clocks.xdc:30]
WARNING: [Vivado_Tcl 4-921] Waiver ID 'CDC-1' -to list should not be empty. [/home/emanuel/workspace/mesh_vo/MultiPlatformDiffRenderer/src/backends/xrt/hls/build/xclbin/_x/link/vivado/vpl/prj/prj.gen/sources_1/bd/system/ip/system_axi_ic_zynq_ultra_ps_e_0_S_AXI_HP2_FPD_imp_auto_us_df_2/system_axi_ic_zynq_ultra_ps_e_0_S_AXI_HP2_FPD_imp_auto_us_df_2_clocks.xdc:33]
WARNING: [Vivado_Tcl 4-921] Waiver ID 'CDC-1' -to list should not be empty. [/home/emanuel/workspace/mesh_vo/MultiPlatformDiffRenderer/src/backends/xrt/hls/build/xclbin/_x/link/vivado/vpl/prj/prj.gen/sources_1/bd/system/ip/system_axi_ic_zynq_ultra_ps_e_0_S_AXI_HP2_FPD_imp_auto_us_df_2/system_axi_ic_zynq_ultra_ps_e_0_S_AXI_HP2_FPD_imp_auto_us_df_2_clocks.xdc:36]
WARNING: [Vivado_Tcl 4-921] Waiver ID 'CDC-10' -to list should not be empty. [/home/emanuel/workspace/mesh_vo/MultiPlatformDiffRenderer/src/backends/xrt/hls/build/xclbin/_x/link/vivado/vpl/prj/prj.gen/sources_1/bd/system/ip/system_axi_ic_zynq_ultra_ps_e_0_S_AXI_HP2_FPD_imp_auto_us_df_2/system_axi_ic_zynq_ultra_ps_e_0_S_AXI_HP2_FPD_imp_auto_us_df_2_clocks.xdc:39]
WARNING: [Vivado_Tcl 4-935] Waiver ID 'CDC-10' is a duplicate and will not be added again. [/home/emanuel/workspace/mesh_vo/MultiPlatformDiffRenderer/src/backends/xrt/hls/build/xclbin/_x/link/vivado/vpl/prj/prj.gen/sources_1/bd/system/ip/system_axi_ic_zynq_ultra_ps_e_0_S_AXI_HP2_FPD_imp_auto_us_df_2/system_axi_ic_zynq_ultra_ps_e_0_S_AXI_HP2_FPD_imp_auto_us_df_2_clocks.xdc:45]
WARNING: [Vivado_Tcl 4-921] Waiver ID 'CDC-2' -to list should not be empty. [/home/emanuel/workspace/mesh_vo/MultiPlatformDiffRenderer/src/backends/xrt/hls/build/xclbin/_x/link/vivado/vpl/prj/prj.gen/sources_1/bd/system/ip/system_axi_ic_zynq_ultra_ps_e_0_S_AXI_HP2_FPD_imp_auto_us_df_2/system_axi_ic_zynq_ultra_ps_e_0_S_AXI_HP2_FPD_imp_auto_us_df_2_clocks.xdc:48]
WARNING: [Vivado_Tcl 4-935] Waiver ID 'CDC-11' is a duplicate and will not be added again. [/home/emanuel/workspace/mesh_vo/MultiPlatformDiffRenderer/src/backends/xrt/hls/build/xclbin/_x/link/vivado/vpl/prj/prj.gen/sources_1/bd/system/ip/system_axi_ic_zynq_ultra_ps_e_0_S_AXI_HP2_FPD_imp_auto_us_df_2/system_axi_ic_zynq_ultra_ps_e_0_S_AXI_HP2_FPD_imp_auto_us_df_2_clocks.xdc:54]
Finished Parsing XDC File [/home/emanuel/workspace/mesh_vo/MultiPlatformDiffRenderer/src/backends/xrt/hls/build/xclbin/_x/link/vivado/vpl/prj/prj.gen/sources_1/bd/system/ip/system_axi_ic_zynq_ultra_ps_e_0_S_AXI_HP2_FPD_imp_auto_us_df_2/system_axi_ic_zynq_ultra_ps_e_0_S_AXI_HP2_FPD_imp_auto_us_df_2_clocks.xdc] for cell 'system_i/axi_ic_zynq_ultra_ps_e_0_S_AXI_HP2_FPD/s02_couplers/auto_us_df/inst'
Parsing XDC File [/home/emanuel/workspace/mesh_vo/MultiPlatformDiffRenderer/src/backends/xrt/hls/build/xclbin/_x/link/vivado/vpl/prj/prj.gen/sources_1/bd/system/ip/system_axi_ic_zynq_ultra_ps_e_0_S_AXI_HP2_FPD_imp_s03_regslice_0/system_axi_ic_zynq_ultra_ps_e_0_S_AXI_HP2_FPD_imp_s03_regslice_0_clocks.xdc] for cell 'system_i/axi_ic_zynq_ultra_ps_e_0_S_AXI_HP2_FPD/s03_couplers/s03_regslice/inst'
Finished Parsing XDC File [/home/emanuel/workspace/mesh_vo/MultiPlatformDiffRenderer/src/backends/xrt/hls/build/xclbin/_x/link/vivado/vpl/prj/prj.gen/sources_1/bd/system/ip/system_axi_ic_zynq_ultra_ps_e_0_S_AXI_HP2_FPD_imp_s03_regslice_0/system_axi_ic_zynq_ultra_ps_e_0_S_AXI_HP2_FPD_imp_s03_regslice_0_clocks.xdc] for cell 'system_i/axi_ic_zynq_ultra_ps_e_0_S_AXI_HP2_FPD/s03_couplers/s03_regslice/inst'
Parsing XDC File [/home/emanuel/workspace/mesh_vo/MultiPlatformDiffRenderer/src/backends/xrt/hls/build/xclbin/_x/link/vivado/vpl/prj/prj.gen/sources_1/bd/system/ip/system_axi_ic_zynq_ultra_ps_e_0_S_AXI_HP2_FPD_imp_auto_us_df_3/system_axi_ic_zynq_ultra_ps_e_0_S_AXI_HP2_FPD_imp_auto_us_df_3_clocks.xdc] for cell 'system_i/axi_ic_zynq_ultra_ps_e_0_S_AXI_HP2_FPD/s03_couplers/auto_us_df/inst'
WARNING: [Vivado_Tcl 4-935] Waiver ID 'CDC-1' is a duplicate and will not be added again. [/home/emanuel/workspace/mesh_vo/MultiPlatformDiffRenderer/src/backends/xrt/hls/build/xclbin/_x/link/vivado/vpl/prj/prj.gen/sources_1/bd/system/ip/system_axi_ic_zynq_ultra_ps_e_0_S_AXI_HP2_FPD_imp_auto_us_df_3/system_axi_ic_zynq_ultra_ps_e_0_S_AXI_HP2_FPD_imp_auto_us_df_3_clocks.xdc:18]
WARNING: [Vivado_Tcl 4-921] Waiver ID 'CDC-1' -to list should not be empty. [/home/emanuel/workspace/mesh_vo/MultiPlatformDiffRenderer/src/backends/xrt/hls/build/xclbin/_x/link/vivado/vpl/prj/prj.gen/sources_1/bd/system/ip/system_axi_ic_zynq_ultra_ps_e_0_S_AXI_HP2_FPD_imp_auto_us_df_3/system_axi_ic_zynq_ultra_ps_e_0_S_AXI_HP2_FPD_imp_auto_us_df_3_clocks.xdc:24]
WARNING: [Vivado_Tcl 4-920] Waiver ID 'CDC-1' -to list has >10000 objects! [/home/emanuel/workspace/mesh_vo/MultiPlatformDiffRenderer/src/backends/xrt/hls/build/xclbin/_x/link/vivado/vpl/prj/prj.gen/sources_1/bd/system/ip/system_axi_ic_zynq_ultra_ps_e_0_S_AXI_HP2_FPD_imp_auto_us_df_3/system_axi_ic_zynq_ultra_ps_e_0_S_AXI_HP2_FPD_imp_auto_us_df_3_clocks.xdc:27]
WARNING: [Vivado_Tcl 4-920] Waiver ID 'CDC-1' -to list has >10000 objects! [/home/emanuel/workspace/mesh_vo/MultiPlatformDiffRenderer/src/backends/xrt/hls/build/xclbin/_x/link/vivado/vpl/prj/prj.gen/sources_1/bd/system/ip/system_axi_ic_zynq_ultra_ps_e_0_S_AXI_HP2_FPD_imp_auto_us_df_3/system_axi_ic_zynq_ultra_ps_e_0_S_AXI_HP2_FPD_imp_auto_us_df_3_clocks.xdc:30]
WARNING: [Vivado_Tcl 4-921] Waiver ID 'CDC-1' -to list should not be empty. [/home/emanuel/workspace/mesh_vo/MultiPlatformDiffRenderer/src/backends/xrt/hls/build/xclbin/_x/link/vivado/vpl/prj/prj.gen/sources_1/bd/system/ip/system_axi_ic_zynq_ultra_ps_e_0_S_AXI_HP2_FPD_imp_auto_us_df_3/system_axi_ic_zynq_ultra_ps_e_0_S_AXI_HP2_FPD_imp_auto_us_df_3_clocks.xdc:33]
WARNING: [Vivado_Tcl 4-921] Waiver ID 'CDC-1' -to list should not be empty. [/home/emanuel/workspace/mesh_vo/MultiPlatformDiffRenderer/src/backends/xrt/hls/build/xclbin/_x/link/vivado/vpl/prj/prj.gen/sources_1/bd/system/ip/system_axi_ic_zynq_ultra_ps_e_0_S_AXI_HP2_FPD_imp_auto_us_df_3/system_axi_ic_zynq_ultra_ps_e_0_S_AXI_HP2_FPD_imp_auto_us_df_3_clocks.xdc:36]
WARNING: [Vivado_Tcl 4-921] Waiver ID 'CDC-10' -to list should not be empty. [/home/emanuel/workspace/mesh_vo/MultiPlatformDiffRenderer/src/backends/xrt/hls/build/xclbin/_x/link/vivado/vpl/prj/prj.gen/sources_1/bd/system/ip/system_axi_ic_zynq_ultra_ps_e_0_S_AXI_HP2_FPD_imp_auto_us_df_3/system_axi_ic_zynq_ultra_ps_e_0_S_AXI_HP2_FPD_imp_auto_us_df_3_clocks.xdc:39]
WARNING: [Vivado_Tcl 4-935] Waiver ID 'CDC-10' is a duplicate and will not be added again. [/home/emanuel/workspace/mesh_vo/MultiPlatformDiffRenderer/src/backends/xrt/hls/build/xclbin/_x/link/vivado/vpl/prj/prj.gen/sources_1/bd/system/ip/system_axi_ic_zynq_ultra_ps_e_0_S_AXI_HP2_FPD_imp_auto_us_df_3/system_axi_ic_zynq_ultra_ps_e_0_S_AXI_HP2_FPD_imp_auto_us_df_3_clocks.xdc:45]
WARNING: [Vivado_Tcl 4-921] Waiver ID 'CDC-2' -to list should not be empty. [/home/emanuel/workspace/mesh_vo/MultiPlatformDiffRenderer/src/backends/xrt/hls/build/xclbin/_x/link/vivado/vpl/prj/prj.gen/sources_1/bd/system/ip/system_axi_ic_zynq_ultra_ps_e_0_S_AXI_HP2_FPD_imp_auto_us_df_3/system_axi_ic_zynq_ultra_ps_e_0_S_AXI_HP2_FPD_imp_auto_us_df_3_clocks.xdc:48]
WARNING: [Vivado_Tcl 4-935] Waiver ID 'CDC-11' is a duplicate and will not be added again. [/home/emanuel/workspace/mesh_vo/MultiPlatformDiffRenderer/src/backends/xrt/hls/build/xclbin/_x/link/vivado/vpl/prj/prj.gen/sources_1/bd/system/ip/system_axi_ic_zynq_ultra_ps_e_0_S_AXI_HP2_FPD_imp_auto_us_df_3/system_axi_ic_zynq_ultra_ps_e_0_S_AXI_HP2_FPD_imp_auto_us_df_3_clocks.xdc:54]
Finished Parsing XDC File [/home/emanuel/workspace/mesh_vo/MultiPlatformDiffRenderer/src/backends/xrt/hls/build/xclbin/_x/link/vivado/vpl/prj/prj.gen/sources_1/bd/system/ip/system_axi_ic_zynq_ultra_ps_e_0_S_AXI_HP2_FPD_imp_auto_us_df_3/system_axi_ic_zynq_ultra_ps_e_0_S_AXI_HP2_FPD_imp_auto_us_df_3_clocks.xdc] for cell 'system_i/axi_ic_zynq_ultra_ps_e_0_S_AXI_HP2_FPD/s03_couplers/auto_us_df/inst'
Parsing XDC File [/home/emanuel/workspace/mesh_vo/MultiPlatformDiffRenderer/src/backends/xrt/hls/build/xclbin/_x/link/vivado/vpl/prj/prj.gen/sources_1/bd/system/ip/system_axi_ic_zynq_ultra_ps_e_0_S_AXI_HP2_FPD_imp_s04_regslice_0/system_axi_ic_zynq_ultra_ps_e_0_S_AXI_HP2_FPD_imp_s04_regslice_0_clocks.xdc] for cell 'system_i/axi_ic_zynq_ultra_ps_e_0_S_AXI_HP2_FPD/s04_couplers/s04_regslice/inst'
Finished Parsing XDC File [/home/emanuel/workspace/mesh_vo/MultiPlatformDiffRenderer/src/backends/xrt/hls/build/xclbin/_x/link/vivado/vpl/prj/prj.gen/sources_1/bd/system/ip/system_axi_ic_zynq_ultra_ps_e_0_S_AXI_HP2_FPD_imp_s04_regslice_0/system_axi_ic_zynq_ultra_ps_e_0_S_AXI_HP2_FPD_imp_s04_regslice_0_clocks.xdc] for cell 'system_i/axi_ic_zynq_ultra_ps_e_0_S_AXI_HP2_FPD/s04_couplers/s04_regslice/inst'
Parsing XDC File [/home/emanuel/workspace/mesh_vo/MultiPlatformDiffRenderer/src/backends/xrt/hls/build/xclbin/_x/link/vivado/vpl/prj/prj.gen/sources_1/bd/system/ip/system_axi_ic_zynq_ultra_ps_e_0_S_AXI_HP2_FPD_imp_auto_us_df_4/system_axi_ic_zynq_ultra_ps_e_0_S_AXI_HP2_FPD_imp_auto_us_df_4_clocks.xdc] for cell 'system_i/axi_ic_zynq_ultra_ps_e_0_S_AXI_HP2_FPD/s04_couplers/auto_us_df/inst'
WARNING: [Vivado_Tcl 4-935] Waiver ID 'CDC-1' is a duplicate and will not be added again. [/home/emanuel/workspace/mesh_vo/MultiPlatformDiffRenderer/src/backends/xrt/hls/build/xclbin/_x/link/vivado/vpl/prj/prj.gen/sources_1/bd/system/ip/system_axi_ic_zynq_ultra_ps_e_0_S_AXI_HP2_FPD_imp_auto_us_df_4/system_axi_ic_zynq_ultra_ps_e_0_S_AXI_HP2_FPD_imp_auto_us_df_4_clocks.xdc:18]
WARNING: [Vivado_Tcl 4-921] Waiver ID 'CDC-1' -to list should not be empty. [/home/emanuel/workspace/mesh_vo/MultiPlatformDiffRenderer/src/backends/xrt/hls/build/xclbin/_x/link/vivado/vpl/prj/prj.gen/sources_1/bd/system/ip/system_axi_ic_zynq_ultra_ps_e_0_S_AXI_HP2_FPD_imp_auto_us_df_4/system_axi_ic_zynq_ultra_ps_e_0_S_AXI_HP2_FPD_imp_auto_us_df_4_clocks.xdc:24]
WARNING: [Vivado_Tcl 4-920] Waiver ID 'CDC-1' -to list has >10000 objects! [/home/emanuel/workspace/mesh_vo/MultiPlatformDiffRenderer/src/backends/xrt/hls/build/xclbin/_x/link/vivado/vpl/prj/prj.gen/sources_1/bd/system/ip/system_axi_ic_zynq_ultra_ps_e_0_S_AXI_HP2_FPD_imp_auto_us_df_4/system_axi_ic_zynq_ultra_ps_e_0_S_AXI_HP2_FPD_imp_auto_us_df_4_clocks.xdc:27]
WARNING: [Vivado_Tcl 4-920] Waiver ID 'CDC-1' -to list has >10000 objects! [/home/emanuel/workspace/mesh_vo/MultiPlatformDiffRenderer/src/backends/xrt/hls/build/xclbin/_x/link/vivado/vpl/prj/prj.gen/sources_1/bd/system/ip/system_axi_ic_zynq_ultra_ps_e_0_S_AXI_HP2_FPD_imp_auto_us_df_4/system_axi_ic_zynq_ultra_ps_e_0_S_AXI_HP2_FPD_imp_auto_us_df_4_clocks.xdc:30]
WARNING: [Vivado_Tcl 4-921] Waiver ID 'CDC-1' -to list should not be empty. [/home/emanuel/workspace/mesh_vo/MultiPlatformDiffRenderer/src/backends/xrt/hls/build/xclbin/_x/link/vivado/vpl/prj/prj.gen/sources_1/bd/system/ip/system_axi_ic_zynq_ultra_ps_e_0_S_AXI_HP2_FPD_imp_auto_us_df_4/system_axi_ic_zynq_ultra_ps_e_0_S_AXI_HP2_FPD_imp_auto_us_df_4_clocks.xdc:33]
WARNING: [Vivado_Tcl 4-921] Waiver ID 'CDC-1' -to list should not be empty. [/home/emanuel/workspace/mesh_vo/MultiPlatformDiffRenderer/src/backends/xrt/hls/build/xclbin/_x/link/vivado/vpl/prj/prj.gen/sources_1/bd/system/ip/system_axi_ic_zynq_ultra_ps_e_0_S_AXI_HP2_FPD_imp_auto_us_df_4/system_axi_ic_zynq_ultra_ps_e_0_S_AXI_HP2_FPD_imp_auto_us_df_4_clocks.xdc:36]
WARNING: [Vivado_Tcl 4-921] Waiver ID 'CDC-10' -to list should not be empty. [/home/emanuel/workspace/mesh_vo/MultiPlatformDiffRenderer/src/backends/xrt/hls/build/xclbin/_x/link/vivado/vpl/prj/prj.gen/sources_1/bd/system/ip/system_axi_ic_zynq_ultra_ps_e_0_S_AXI_HP2_FPD_imp_auto_us_df_4/system_axi_ic_zynq_ultra_ps_e_0_S_AXI_HP2_FPD_imp_auto_us_df_4_clocks.xdc:39]
WARNING: [Vivado_Tcl 4-935] Waiver ID 'CDC-10' is a duplicate and will not be added again. [/home/emanuel/workspace/mesh_vo/MultiPlatformDiffRenderer/src/backends/xrt/hls/build/xclbin/_x/link/vivado/vpl/prj/prj.gen/sources_1/bd/system/ip/system_axi_ic_zynq_ultra_ps_e_0_S_AXI_HP2_FPD_imp_auto_us_df_4/system_axi_ic_zynq_ultra_ps_e_0_S_AXI_HP2_FPD_imp_auto_us_df_4_clocks.xdc:45]
WARNING: [Vivado_Tcl 4-921] Waiver ID 'CDC-2' -to list should not be empty. [/home/emanuel/workspace/mesh_vo/MultiPlatformDiffRenderer/src/backends/xrt/hls/build/xclbin/_x/link/vivado/vpl/prj/prj.gen/sources_1/bd/system/ip/system_axi_ic_zynq_ultra_ps_e_0_S_AXI_HP2_FPD_imp_auto_us_df_4/system_axi_ic_zynq_ultra_ps_e_0_S_AXI_HP2_FPD_imp_auto_us_df_4_clocks.xdc:48]
WARNING: [Vivado_Tcl 4-935] Waiver ID 'CDC-11' is a duplicate and will not be added again. [/home/emanuel/workspace/mesh_vo/MultiPlatformDiffRenderer/src/backends/xrt/hls/build/xclbin/_x/link/vivado/vpl/prj/prj.gen/sources_1/bd/system/ip/system_axi_ic_zynq_ultra_ps_e_0_S_AXI_HP2_FPD_imp_auto_us_df_4/system_axi_ic_zynq_ultra_ps_e_0_S_AXI_HP2_FPD_imp_auto_us_df_4_clocks.xdc:54]
Finished Parsing XDC File [/home/emanuel/workspace/mesh_vo/MultiPlatformDiffRenderer/src/backends/xrt/hls/build/xclbin/_x/link/vivado/vpl/prj/prj.gen/sources_1/bd/system/ip/system_axi_ic_zynq_ultra_ps_e_0_S_AXI_HP2_FPD_imp_auto_us_df_4/system_axi_ic_zynq_ultra_ps_e_0_S_AXI_HP2_FPD_imp_auto_us_df_4_clocks.xdc] for cell 'system_i/axi_ic_zynq_ultra_ps_e_0_S_AXI_HP2_FPD/s04_couplers/auto_us_df/inst'
Parsing XDC File [/home/emanuel/workspace/mesh_vo/MultiPlatformDiffRenderer/src/backends/xrt/hls/build/xclbin/_x/link/vivado/vpl/prj/prj.gen/sources_1/bd/system/ip/system_axi_ic_zynq_ultra_ps_e_0_S_AXI_HP2_FPD_imp_s05_regslice_0/system_axi_ic_zynq_ultra_ps_e_0_S_AXI_HP2_FPD_imp_s05_regslice_0_clocks.xdc] for cell 'system_i/axi_ic_zynq_ultra_ps_e_0_S_AXI_HP2_FPD/s05_couplers/s05_regslice/inst'
Finished Parsing XDC File [/home/emanuel/workspace/mesh_vo/MultiPlatformDiffRenderer/src/backends/xrt/hls/build/xclbin/_x/link/vivado/vpl/prj/prj.gen/sources_1/bd/system/ip/system_axi_ic_zynq_ultra_ps_e_0_S_AXI_HP2_FPD_imp_s05_regslice_0/system_axi_ic_zynq_ultra_ps_e_0_S_AXI_HP2_FPD_imp_s05_regslice_0_clocks.xdc] for cell 'system_i/axi_ic_zynq_ultra_ps_e_0_S_AXI_HP2_FPD/s05_couplers/s05_regslice/inst'
Parsing XDC File [/home/emanuel/workspace/mesh_vo/MultiPlatformDiffRenderer/src/backends/xrt/hls/build/xclbin/_x/link/vivado/vpl/prj/prj.gen/sources_1/bd/system/ip/system_axi_ic_zynq_ultra_ps_e_0_S_AXI_HP2_FPD_imp_auto_us_df_5/system_axi_ic_zynq_ultra_ps_e_0_S_AXI_HP2_FPD_imp_auto_us_df_5_clocks.xdc] for cell 'system_i/axi_ic_zynq_ultra_ps_e_0_S_AXI_HP2_FPD/s05_couplers/auto_us_df/inst'
WARNING: [Vivado_Tcl 4-921] Waiver ID 'CDC-1' -to list should not be empty. [/home/emanuel/workspace/mesh_vo/MultiPlatformDiffRenderer/src/backends/xrt/hls/build/xclbin/_x/link/vivado/vpl/prj/prj.gen/sources_1/bd/system/ip/system_axi_ic_zynq_ultra_ps_e_0_S_AXI_HP2_FPD_imp_auto_us_df_5/system_axi_ic_zynq_ultra_ps_e_0_S_AXI_HP2_FPD_imp_auto_us_df_5_clocks.xdc:15]
WARNING: [Vivado_Tcl 4-921] Waiver ID 'CDC-1' -to list should not be empty. [/home/emanuel/workspace/mesh_vo/MultiPlatformDiffRenderer/src/backends/xrt/hls/build/xclbin/_x/link/vivado/vpl/prj/prj.gen/sources_1/bd/system/ip/system_axi_ic_zynq_ultra_ps_e_0_S_AXI_HP2_FPD_imp_auto_us_df_5/system_axi_ic_zynq_ultra_ps_e_0_S_AXI_HP2_FPD_imp_auto_us_df_5_clocks.xdc:18]
WARNING: [Vivado_Tcl 4-921] Waiver ID 'CDC-1' -to list should not be empty. [/home/emanuel/workspace/mesh_vo/MultiPlatformDiffRenderer/src/backends/xrt/hls/build/xclbin/_x/link/vivado/vpl/prj/prj.gen/sources_1/bd/system/ip/system_axi_ic_zynq_ultra_ps_e_0_S_AXI_HP2_FPD_imp_auto_us_df_5/system_axi_ic_zynq_ultra_ps_e_0_S_AXI_HP2_FPD_imp_auto_us_df_5_clocks.xdc:24]
WARNING: [Vivado_Tcl 4-920] Waiver ID 'CDC-1' -to list has >10000 objects! [/home/emanuel/workspace/mesh_vo/MultiPlatformDiffRenderer/src/backends/xrt/hls/build/xclbin/_x/link/vivado/vpl/prj/prj.gen/sources_1/bd/system/ip/system_axi_ic_zynq_ultra_ps_e_0_S_AXI_HP2_FPD_imp_auto_us_df_5/system_axi_ic_zynq_ultra_ps_e_0_S_AXI_HP2_FPD_imp_auto_us_df_5_clocks.xdc:27]
WARNING: [Vivado_Tcl 4-920] Waiver ID 'CDC-1' -to list has >10000 objects! [/home/emanuel/workspace/mesh_vo/MultiPlatformDiffRenderer/src/backends/xrt/hls/build/xclbin/_x/link/vivado/vpl/prj/prj.gen/sources_1/bd/system/ip/system_axi_ic_zynq_ultra_ps_e_0_S_AXI_HP2_FPD_imp_auto_us_df_5/system_axi_ic_zynq_ultra_ps_e_0_S_AXI_HP2_FPD_imp_auto_us_df_5_clocks.xdc:30]
WARNING: [Vivado_Tcl 4-921] Waiver ID 'CDC-1' -to list should not be empty. [/home/emanuel/workspace/mesh_vo/MultiPlatformDiffRenderer/src/backends/xrt/hls/build/xclbin/_x/link/vivado/vpl/prj/prj.gen/sources_1/bd/system/ip/system_axi_ic_zynq_ultra_ps_e_0_S_AXI_HP2_FPD_imp_auto_us_df_5/system_axi_ic_zynq_ultra_ps_e_0_S_AXI_HP2_FPD_imp_auto_us_df_5_clocks.xdc:33]
WARNING: [Vivado_Tcl 4-921] Waiver ID 'CDC-1' -to list should not be empty. [/home/emanuel/workspace/mesh_vo/MultiPlatformDiffRenderer/src/backends/xrt/hls/build/xclbin/_x/link/vivado/vpl/prj/prj.gen/sources_1/bd/system/ip/system_axi_ic_zynq_ultra_ps_e_0_S_AXI_HP2_FPD_imp_auto_us_df_5/system_axi_ic_zynq_ultra_ps_e_0_S_AXI_HP2_FPD_imp_auto_us_df_5_clocks.xdc:36]
WARNING: [Vivado_Tcl 4-921] Waiver ID 'CDC-10' -to list should not be empty. [/home/emanuel/workspace/mesh_vo/MultiPlatformDiffRenderer/src/backends/xrt/hls/build/xclbin/_x/link/vivado/vpl/prj/prj.gen/sources_1/bd/system/ip/system_axi_ic_zynq_ultra_ps_e_0_S_AXI_HP2_FPD_imp_auto_us_df_5/system_axi_ic_zynq_ultra_ps_e_0_S_AXI_HP2_FPD_imp_auto_us_df_5_clocks.xdc:39]
WARNING: [Vivado_Tcl 4-935] Waiver ID 'CDC-10' is a duplicate and will not be added again. [/home/emanuel/workspace/mesh_vo/MultiPlatformDiffRenderer/src/backends/xrt/hls/build/xclbin/_x/link/vivado/vpl/prj/prj.gen/sources_1/bd/system/ip/system_axi_ic_zynq_ultra_ps_e_0_S_AXI_HP2_FPD_imp_auto_us_df_5/system_axi_ic_zynq_ultra_ps_e_0_S_AXI_HP2_FPD_imp_auto_us_df_5_clocks.xdc:45]
WARNING: [Vivado_Tcl 4-921] Waiver ID 'CDC-2' -to list should not be empty. [/home/emanuel/workspace/mesh_vo/MultiPlatformDiffRenderer/src/backends/xrt/hls/build/xclbin/_x/link/vivado/vpl/prj/prj.gen/sources_1/bd/system/ip/system_axi_ic_zynq_ultra_ps_e_0_S_AXI_HP2_FPD_imp_auto_us_df_5/system_axi_ic_zynq_ultra_ps_e_0_S_AXI_HP2_FPD_imp_auto_us_df_5_clocks.xdc:48]
WARNING: [Vivado_Tcl 4-935] Waiver ID 'CDC-11' is a duplicate and will not be added again. [/home/emanuel/workspace/mesh_vo/MultiPlatformDiffRenderer/src/backends/xrt/hls/build/xclbin/_x/link/vivado/vpl/prj/prj.gen/sources_1/bd/system/ip/system_axi_ic_zynq_ultra_ps_e_0_S_AXI_HP2_FPD_imp_auto_us_df_5/system_axi_ic_zynq_ultra_ps_e_0_S_AXI_HP2_FPD_imp_auto_us_df_5_clocks.xdc:54]
Finished Parsing XDC File [/home/emanuel/workspace/mesh_vo/MultiPlatformDiffRenderer/src/backends/xrt/hls/build/xclbin/_x/link/vivado/vpl/prj/prj.gen/sources_1/bd/system/ip/system_axi_ic_zynq_ultra_ps_e_0_S_AXI_HP2_FPD_imp_auto_us_df_5/system_axi_ic_zynq_ultra_ps_e_0_S_AXI_HP2_FPD_imp_auto_us_df_5_clocks.xdc] for cell 'system_i/axi_ic_zynq_ultra_ps_e_0_S_AXI_HP2_FPD/s05_couplers/auto_us_df/inst'
Parsing XDC File [/home/emanuel/workspace/mesh_vo/MultiPlatformDiffRenderer/src/backends/xrt/hls/build/xclbin/_x/link/vivado/vpl/prj/prj.gen/sources_1/bd/system/ip/system_axi_ic_zynq_ultra_ps_e_0_S_AXI_HP2_FPD_imp_m00_data_fifo_0/system_axi_ic_zynq_ultra_ps_e_0_S_AXI_HP2_FPD_imp_m00_data_fifo_0_clocks.xdc] for cell 'system_i/axi_ic_zynq_ultra_ps_e_0_S_AXI_HP2_FPD/m00_couplers/m00_data_fifo/inst'
WARNING: [Vivado_Tcl 4-939] Waiver ID 'LUTAR-1' object list should not be empty (perhaps an invalid wildcard was used or only unsupported objects). [/home/emanuel/workspace/mesh_vo/MultiPlatformDiffRenderer/src/backends/xrt/hls/build/xclbin/_x/link/vivado/vpl/prj/prj.gen/sources_1/bd/system/ip/system_axi_ic_zynq_ultra_ps_e_0_S_AXI_HP2_FPD_imp_m00_data_fifo_0/system_axi_ic_zynq_ultra_ps_e_0_S_AXI_HP2_FPD_imp_m00_data_fifo_0_clocks.xdc:2]
Finished Parsing XDC File [/home/emanuel/workspace/mesh_vo/MultiPlatformDiffRenderer/src/backends/xrt/hls/build/xclbin/_x/link/vivado/vpl/prj/prj.gen/sources_1/bd/system/ip/system_axi_ic_zynq_ultra_ps_e_0_S_AXI_HP2_FPD_imp_m00_data_fifo_0/system_axi_ic_zynq_ultra_ps_e_0_S_AXI_HP2_FPD_imp_m00_data_fifo_0_clocks.xdc] for cell 'system_i/axi_ic_zynq_ultra_ps_e_0_S_AXI_HP2_FPD/m00_couplers/m00_data_fifo/inst'
Parsing XDC File [/home/emanuel/workspace/mesh_vo/MultiPlatformDiffRenderer/src/backends/xrt/hls/build/xclbin/_x/link/vivado/vpl/prj/prj.gen/sources_1/bd/system/ip/system_axi_ic_zynq_ultra_ps_e_0_S_AXI_HP2_FPD_imp_m00_regslice_0/system_axi_ic_zynq_ultra_ps_e_0_S_AXI_HP2_FPD_imp_m00_regslice_0_clocks.xdc] for cell 'system_i/axi_ic_zynq_ultra_ps_e_0_S_AXI_HP2_FPD/m00_couplers/m00_regslice/inst'
Finished Parsing XDC File [/home/emanuel/workspace/mesh_vo/MultiPlatformDiffRenderer/src/backends/xrt/hls/build/xclbin/_x/link/vivado/vpl/prj/prj.gen/sources_1/bd/system/ip/system_axi_ic_zynq_ultra_ps_e_0_S_AXI_HP2_FPD_imp_m00_regslice_0/system_axi_ic_zynq_ultra_ps_e_0_S_AXI_HP2_FPD_imp_m00_regslice_0_clocks.xdc] for cell 'system_i/axi_ic_zynq_ultra_ps_e_0_S_AXI_HP2_FPD/m00_couplers/m00_regslice/inst'
INFO: [Project 1-1714] 13 XPM XDC files have been applied to the design.
INFO: [Opt 31-138] Pushed 0 inverter(s) to 0 load pin(s).
INFO: [Project 1-1687] 33 scoped IP constraints or related sub-commands were skipped due to synthesis logic optimizations usually triggered by constant connectivity or unconnected output pins. To review the skipped constraints and messages, run the command 'set_param netlist.IPMsgFiltering false' before opening the design.
Netlist sorting complete. Time (s): cpu = 00:00:00.02 ; elapsed = 00:00:00.02 . Memory (MB): peak = 3645.766 ; gain = 0.000 ; free physical = 6636 ; free virtual = 14962
INFO: [Project 1-111] Unisim Transformation Summary:
  A total of 634 instances were transformed.
  DSP48E1 => DSP48E2 (DSP_ALU, DSP_A_B_DATA, DSP_C_DATA, DSP_MULTIPLIER, DSP_M_DATA, DSP_OUTPUT, DSP_PREADD, DSP_PREADD_DATA): 182 instances
  DSP48E2 => DSP48E2 (DSP_ALU, DSP_A_B_DATA, DSP_C_DATA, DSP_MULTIPLIER, DSP_M_DATA, DSP_OUTPUT, DSP_PREADD, DSP_PREADD_DATA): 18 instances
  RAM16X1D => RAM32X1D (RAMD32(x2)): 224 instances
  RAM16X1S => RAM32X1S (RAMS32): 96 instances
  RAM32M16 => RAM32M16 (RAMD32(x14), RAMS32(x2)): 74 instances
  RAM64M => RAM64M (RAMD64E(x4)): 40 instances

41 Infos, 64 Warnings, 0 Critical Warnings and 0 Errors encountered.
link_design completed successfully
link_design: Time (s): cpu = 00:01:08 ; elapsed = 00:00:51 . Memory (MB): peak = 3645.766 ; gain = 2263.551 ; free physical = 6628 ; free virtual = 14954
source /home/emanuel/workspace/mesh_vo/MultiPlatformDiffRenderer/src/backends/xrt/hls/build/xclbin/_x/link/vivado/vpl/scripts/impl_1/_full_init_post.tcl
Parsing XDC File [/home/emanuel/workspace/mesh_vo/MultiPlatformDiffRenderer/src/backends/xrt/hls/build/xclbin/_x/link/vivado/vpl/output/_user_impl_clk.xdc]
Finished Parsing XDC File [/home/emanuel/workspace/mesh_vo/MultiPlatformDiffRenderer/src/backends/xrt/hls/build/xclbin/_x/link/vivado/vpl/output/_user_impl_clk.xdc]
source /home/emanuel/workspace/mesh_vo/MultiPlatformDiffRenderer/src/backends/xrt/hls/build/xclbin/_x/link/vivado/vpl/scripts/impl_1/_full_opt_pre.tcl
Post-synthesis utilization DRC check...
available resources:
   luts      : -1
   registers : -1
   brams     : -1
   dsps      : -1
required resources:
   luts      : 32525
   registers : 39355
   brams     : 28
   dsps      : 200
WARNING: There is no resource utilization data in hardware platform, utilization DRC is skipped
INFO: System Diagram: Run step: synthed

Command: opt_design
Attempting to get a license for feature 'Implementation' and/or device 'xck26'
INFO: [Common 17-349] Got license for feature 'Implementation' and/or device 'xck26'
Running DRC as a precondition to command opt_design

Starting DRC Task
INFO: [DRC 23-27] Running DRC with 8 threads
INFO: [Project 1-461] DRC finished with 0 Errors
INFO: [Project 1-462] Please refer to the DRC report (report_drc) for more information.

Time (s): cpu = 00:00:04 ; elapsed = 00:00:00.87 . Memory (MB): peak = 3645.766 ; gain = 0.000 ; free physical = 6408 ; free virtual = 14753

Starting Cache Timing Information Task
INFO: [Timing 38-35] Done setting XDC timing constraints.
Ending Cache Timing Information Task | Checksum: 1ff5c3b4a

Time (s): cpu = 00:00:22 ; elapsed = 00:00:05 . Memory (MB): peak = 3687.766 ; gain = 42.000 ; free physical = 6485 ; free virtual = 14828

Starting Logic Optimization Task

Phase 1 Initialization

Phase 1.1 Core Generation And Design Setup
Phase 1.1 Core Generation And Design Setup | Checksum: 1ff5c3b4a

Time (s): cpu = 00:00:00.27 ; elapsed = 00:00:00.27 . Memory (MB): peak = 4021.562 ; gain = 0.000 ; free physical = 6287 ; free virtual = 14632

Phase 1.2 Setup Constraints And Sort Netlist
Phase 1.2 Setup Constraints And Sort Netlist | Checksum: 1ff5c3b4a

Time (s): cpu = 00:00:00.32 ; elapsed = 00:00:00.32 . Memory (MB): peak = 4021.562 ; gain = 0.000 ; free physical = 6287 ; free virtual = 14633
Phase 1 Initialization | Checksum: 1ff5c3b4a

Time (s): cpu = 00:00:00.33 ; elapsed = 00:00:00.33 . Memory (MB): peak = 4021.562 ; gain = 0.000 ; free physical = 6287 ; free virtual = 14634

Phase 2 Timer Update And Timing Data Collection

Phase 2.1 Timer Update
Phase 2.1 Timer Update | Checksum: 1ff5c3b4a

Time (s): cpu = 00:00:08 ; elapsed = 00:00:02 . Memory (MB): peak = 4021.562 ; gain = 0.000 ; free physical = 6181 ; free virtual = 14541

Phase 2.2 Timing Data Collection
Phase 2.2 Timing Data Collection | Checksum: 1ff5c3b4a

Time (s): cpu = 00:00:09 ; elapsed = 00:00:03 . Memory (MB): peak = 4021.562 ; gain = 0.000 ; free physical = 6157 ; free virtual = 14523
Phase 2 Timer Update And Timing Data Collection | Checksum: 1ff5c3b4a

Time (s): cpu = 00:00:09 ; elapsed = 00:00:03 . Memory (MB): peak = 4021.562 ; gain = 0.000 ; free physical = 6157 ; free virtual = 14523

Phase 3 Retarget
INFO: [Opt 31-1851] Number of loadless carry chains removed were: 0
INFO: [Opt 31-1834] Total Chains To Be Transformed Were: 0 AND Number of Transformed insts Created are: 0
INFO: [Opt 31-1566] Pulled 11 inverters resulting in an inversion of 63 pins
INFO: [Opt 31-138] Pushed 92 inverter(s) to 1115 load pin(s).
INFO: [Opt 31-49] Retargeted 0 cell(s).
Phase 3 Retarget | Checksum: 177a8a9c8

Time (s): cpu = 00:00:11 ; elapsed = 00:00:05 . Memory (MB): peak = 4021.562 ; gain = 0.000 ; free physical = 6126 ; free virtual = 14518
Retarget | Checksum: 177a8a9c8
INFO: [Opt 31-389] Phase Retarget created 1002 cells and removed 1650 cells
INFO: [Opt 31-1021] In phase Retarget, 143 netlist objects are constrained preventing optimization. Please run opt_design with -debug_log to get more detail. 

Phase 4 Constant propagation
INFO: [Opt 31-138] Pushed 6 inverter(s) to 9 load pin(s).
Phase 4 Constant propagation | Checksum: 250f1427d

Time (s): cpu = 00:00:12 ; elapsed = 00:00:06 . Memory (MB): peak = 4021.562 ; gain = 0.000 ; free physical = 6110 ; free virtual = 14515
Constant propagation | Checksum: 250f1427d
INFO: [Opt 31-389] Phase Constant propagation created 317 cells and removed 2289 cells
INFO: [Opt 31-1021] In phase Constant propagation, 149 netlist objects are constrained preventing optimization. Please run opt_design with -debug_log to get more detail. 

Phase 5 Sweep
INFO: [Constraints 18-11670] Building netlist checker database with flags, 0x8
Done building netlist checker database: Time (s): cpu = 00:00:00.05 ; elapsed = 00:00:00.06 . Memory (MB): peak = 4021.562 ; gain = 0.000 ; free physical = 6121 ; free virtual = 14530
INFO: [Constraints 18-11670] Building netlist checker database with flags, 0x8
Done building netlist checker database: Time (s): cpu = 00:00:00.05 ; elapsed = 00:00:00.04 . Memory (MB): peak = 4021.562 ; gain = 0.000 ; free physical = 6700 ; free virtual = 15109
Phase 5 Sweep | Checksum: 22ecd151e

Time (s): cpu = 00:00:15 ; elapsed = 00:00:09 . Memory (MB): peak = 4021.562 ; gain = 0.000 ; free physical = 6795 ; free virtual = 15209
Sweep | Checksum: 22ecd151e
INFO: [Opt 31-389] Phase Sweep created 0 cells and removed 3041 cells
INFO: [Opt 31-1021] In phase Sweep, 725 netlist objects are constrained preventing optimization. Please run opt_design with -debug_log to get more detail. 

Phase 6 BUFG optimization
INFO: [Opt 31-1077] Phase BUFG optimization inserted 0 global clock buffer(s) for CLOCK_LOW_FANOUT.
Phase 6 BUFG optimization | Checksum: 22ecd151e

Time (s): cpu = 00:00:18 ; elapsed = 00:00:11 . Memory (MB): peak = 4053.578 ; gain = 32.016 ; free physical = 6791 ; free virtual = 15206
BUFG optimization | Checksum: 22ecd151e
INFO: [Opt 31-662] Phase BUFG optimization created 0 cells of which 0 are BUFGs and removed 0 cells.

Phase 7 Shift Register Optimization
INFO: [Opt 31-1064] SRL Remap converted 0 SRLs to 0 registers and converted 0 registers of register chains to 0 SRLs
Phase 7 Shift Register Optimization | Checksum: 22ecd151e

Time (s): cpu = 00:00:19 ; elapsed = 00:00:11 . Memory (MB): peak = 4053.578 ; gain = 32.016 ; free physical = 6784 ; free virtual = 15199
Shift Register Optimization | Checksum: 22ecd151e
INFO: [Opt 31-389] Phase Shift Register Optimization created 0 cells and removed 0 cells

Phase 8 Post Processing Netlist
Phase 8 Post Processing Netlist | Checksum: 18470dfef

Time (s): cpu = 00:00:19 ; elapsed = 00:00:11 . Memory (MB): peak = 4053.578 ; gain = 32.016 ; free physical = 6794 ; free virtual = 15208
Post Processing Netlist | Checksum: 18470dfef
INFO: [Opt 31-389] Phase Post Processing Netlist created 0 cells and removed 0 cells
INFO: [Opt 31-1021] In phase Post Processing Netlist, 215 netlist objects are constrained preventing optimization. Please run opt_design with -debug_log to get more detail. 

Phase 9 Finalization

Phase 9.1 Finalizing Design Cores and Updating Shapes
Phase 9.1 Finalizing Design Cores and Updating Shapes | Checksum: 1745146ae

Time (s): cpu = 00:00:21 ; elapsed = 00:00:13 . Memory (MB): peak = 4053.578 ; gain = 32.016 ; free physical = 6705 ; free virtual = 15114

Phase 9.2 Verifying Netlist Connectivity

Starting Connectivity Check Task

Time (s): cpu = 00:00:00.15 ; elapsed = 00:00:00.15 . Memory (MB): peak = 4053.578 ; gain = 0.000 ; free physical = 6705 ; free virtual = 15114
Phase 9.2 Verifying Netlist Connectivity | Checksum: 1745146ae

Time (s): cpu = 00:00:21 ; elapsed = 00:00:13 . Memory (MB): peak = 4053.578 ; gain = 32.016 ; free physical = 6705 ; free virtual = 15114
Phase 9 Finalization | Checksum: 1745146ae

Time (s): cpu = 00:00:22 ; elapsed = 00:00:13 . Memory (MB): peak = 4053.578 ; gain = 32.016 ; free physical = 6705 ; free virtual = 15114
Opt_design Change Summary
=========================


-------------------------------------------------------------------------------------------------------------------------
|  Phase                        |  #Cells created  |  #Cells Removed  |  #Constrained objects preventing optimizations  |
-------------------------------------------------------------------------------------------------------------------------
|  Retarget                     |            1002  |            1650  |                                            143  |
|  Constant propagation         |             317  |            2289  |                                            149  |
|  Sweep                        |               0  |            3041  |                                            725  |
|  BUFG optimization            |               0  |               0  |                                              0  |
|  Shift Register Optimization  |               0  |               0  |                                              0  |
|  Post Processing Netlist      |               0  |               0  |                                            215  |
-------------------------------------------------------------------------------------------------------------------------


Ending Logic Optimization Task | Checksum: 1745146ae

Time (s): cpu = 00:00:22 ; elapsed = 00:00:13 . Memory (MB): peak = 4053.578 ; gain = 32.016 ; free physical = 6705 ; free virtual = 15114

Starting Power Optimization Task
INFO: [Pwropt 34-132] Skipping clock gating for clocks with a period < 2.00 ns.
INFO: [Pwropt 34-9] Applying IDT optimizations ...
INFO: [Pwropt 34-10] Applying ODC optimizations ...
INFO: [Timing 38-35] Done setting XDC timing constraints.
Running Vector-less Activity Propagation...

Finished Running Vector-less Activity Propagation


Starting PowerOpt Patch Enables Task
INFO: [Pwropt 34-162] WRITE_MODE attribute of 0 BRAM(s) out of a total of 56 has been updated to save power. Run report_power_opt to get a complete listing of the BRAMs updated.
INFO: [Pwropt 34-201] Structural ODC has moved 0 WE to EN ports
Number of BRAM Ports augmented: 15 newly gated: 2 Total Ports: 112
Ending PowerOpt Patch Enables Task | Checksum: 16a10e329

Time (s): cpu = 00:00:00.65 ; elapsed = 00:00:00.57 . Memory (MB): peak = 4782.328 ; gain = 0.000 ; free physical = 5550 ; free virtual = 13979
Ending Power Optimization Task | Checksum: 16a10e329

Time (s): cpu = 00:00:44 ; elapsed = 00:00:15 . Memory (MB): peak = 4782.328 ; gain = 728.750 ; free physical = 5550 ; free virtual = 13979

Starting Final Cleanup Task
Ending Final Cleanup Task | Checksum: 16a10e329

Time (s): cpu = 00:00:00.01 ; elapsed = 00:00:00.01 . Memory (MB): peak = 4782.328 ; gain = 0.000 ; free physical = 5550 ; free virtual = 13979

Starting Netlist Obfuscation Task
Netlist sorting complete. Time (s): cpu = 00:00:00.08 ; elapsed = 00:00:00.08 . Memory (MB): peak = 4782.328 ; gain = 0.000 ; free physical = 5550 ; free virtual = 13979
Ending Netlist Obfuscation Task | Checksum: 1a9d96d78

Time (s): cpu = 00:00:00.09 ; elapsed = 00:00:00.09 . Memory (MB): peak = 4782.328 ; gain = 0.000 ; free physical = 5550 ; free virtual = 13979
INFO: [Common 17-83] Releasing license: Implementation
73 Infos, 64 Warnings, 0 Critical Warnings and 0 Errors encountered.
opt_design completed successfully
opt_design: Time (s): cpu = 00:01:33 ; elapsed = 00:00:37 . Memory (MB): peak = 4782.328 ; gain = 1136.562 ; free physical = 5550 ; free virtual = 13979
source /home/emanuel/workspace/mesh_vo/MultiPlatformDiffRenderer/src/backends/xrt/hls/build/xclbin/_x/link/vivado/vpl/scripts/impl_1/_full_opt_post.tcl
source /home/emanuel/workspace/mesh_vo/MultiPlatformDiffRenderer/src/backends/xrt/hls/build/xclbin/_x/link/vivado/vpl/scripts/impl_1/_full_place_pre.tcl
CRITICAL WARNING: [Vivado 12-4430] You are lowering the severity from an ERROR. This can potentially lead to board damage or other functionality issues on hardware. If this is not desired, please run 'reset_property SEVERITY [get_drc_checks HDPR-5]' to undo this change.
Command: place_design
Attempting to get a license for feature 'Implementation' and/or device 'xck26'
INFO: [Common 17-349] Got license for feature 'Implementation' and/or device 'xck26'
INFO: [Common 17-83] Releasing license: Implementation
INFO: [DRC 23-27] Running DRC with 8 threads
INFO: [Vivado_Tcl 4-198] DRC finished with 0 Errors
INFO: [Vivado_Tcl 4-199] Please refer to the DRC report (report_drc) for more information.
Running DRC as a precondition to command place_design
INFO: [DRC 23-27] Running DRC with 8 threads
INFO: [Vivado_Tcl 4-198] DRC finished with 0 Errors
INFO: [Vivado_Tcl 4-199] Please refer to the DRC report (report_drc) for more information.
INFO: [Place 30-611] Multithreading enabled for place_design using a maximum of 8 CPUs

Starting Placer Task

Phase 1 Placer Initialization

Phase 1.1 Placer Initialization Netlist Sorting
Netlist sorting complete. Time (s): cpu = 00:00:00.02 ; elapsed = 00:00:00.02 . Memory (MB): peak = 4782.328 ; gain = 0.000 ; free physical = 5552 ; free virtual = 13979
Phase 1.1 Placer Initialization Netlist Sorting | Checksum: 10a5117fd

Time (s): cpu = 00:00:00.05 ; elapsed = 00:00:00.06 . Memory (MB): peak = 4782.328 ; gain = 0.000 ; free physical = 5552 ; free virtual = 13979
Netlist sorting complete. Time (s): cpu = 00:00:00.02 ; elapsed = 00:00:00.01 . Memory (MB): peak = 4782.328 ; gain = 0.000 ; free physical = 5552 ; free virtual = 13980

Phase 1.2 IO Placement/ Clock Placement/ Build Placer Device
INFO: [Timing 38-35] Done setting XDC timing constraints.
Phase 1.2 IO Placement/ Clock Placement/ Build Placer Device | Checksum: 1f60042a5

Time (s): cpu = 00:00:41 ; elapsed = 00:00:22 . Memory (MB): peak = 4999.699 ; gain = 217.371 ; free physical = 5968 ; free virtual = 14585

Phase 1.3 Build Placer Netlist Model
Phase 1.3 Build Placer Netlist Model | Checksum: 21431113c

Time (s): cpu = 00:01:22 ; elapsed = 00:00:40 . Memory (MB): peak = 5031.715 ; gain = 249.387 ; free physical = 5501 ; free virtual = 14319

Phase 1.4 Constrain Clocks/Macros
Phase 1.4 Constrain Clocks/Macros | Checksum: 21431113c

Time (s): cpu = 00:01:22 ; elapsed = 00:00:41 . Memory (MB): peak = 5031.715 ; gain = 249.387 ; free physical = 5453 ; free virtual = 14271
Phase 1 Placer Initialization | Checksum: 21431113c

Time (s): cpu = 00:01:22 ; elapsed = 00:00:41 . Memory (MB): peak = 5031.715 ; gain = 249.387 ; free physical = 5419 ; free virtual = 14275

Phase 2 Global Placement

Phase 2.1 Floorplanning

Phase 2.1.1 Partition Driven Placement

Phase 2.1.1.1 PBP: Partition Driven Placement
Phase 2.1.1.1 PBP: Partition Driven Placement | Checksum: 25804a5f8

Time (s): cpu = 00:02:26 ; elapsed = 00:01:05 . Memory (MB): peak = 5031.715 ; gain = 249.387 ; free physical = 4734 ; free virtual = 13648

Phase 2.1.1.2 PBP: Clock Region Placement
INFO: [Place 30-3162] Check ILP status : ILP-based clock placer completed successfully.
Phase 2.1.1.2 PBP: Clock Region Placement | Checksum: 2b1a52e73

Time (s): cpu = 00:02:28 ; elapsed = 00:01:07 . Memory (MB): peak = 5031.715 ; gain = 249.387 ; free physical = 4748 ; free virtual = 13660

Phase 2.1.1.3 PBP: Compute Congestion
Phase 2.1.1.3 PBP: Compute Congestion | Checksum: 2b1a52e73

Time (s): cpu = 00:02:44 ; elapsed = 00:01:11 . Memory (MB): peak = 5250.699 ; gain = 468.371 ; free physical = 4449 ; free virtual = 13362

Phase 2.1.1.4 PBP: UpdateTiming
Phase 2.1.1.4 PBP: UpdateTiming | Checksum: 259513bcf

Time (s): cpu = 00:02:50 ; elapsed = 00:01:14 . Memory (MB): peak = 5282.715 ; gain = 500.387 ; free physical = 4443 ; free virtual = 13356

Phase 2.1.1.5 PBP: Add part constraints
Phase 2.1.1.5 PBP: Add part constraints | Checksum: 259513bcf

Time (s): cpu = 00:02:50 ; elapsed = 00:01:14 . Memory (MB): peak = 5282.715 ; gain = 500.387 ; free physical = 4443 ; free virtual = 13356
Phase 2.1.1 Partition Driven Placement | Checksum: 259513bcf

Time (s): cpu = 00:02:50 ; elapsed = 00:01:14 . Memory (MB): peak = 5282.715 ; gain = 500.387 ; free physical = 4443 ; free virtual = 13356
Phase 2.1 Floorplanning | Checksum: 259513bcf

Time (s): cpu = 00:02:50 ; elapsed = 00:01:14 . Memory (MB): peak = 5282.715 ; gain = 500.387 ; free physical = 4443 ; free virtual = 13356

Phase 2.2 Update Timing before SLR Path Opt
Phase 2.2 Update Timing before SLR Path Opt | Checksum: 259513bcf

Time (s): cpu = 00:02:50 ; elapsed = 00:01:14 . Memory (MB): peak = 5282.715 ; gain = 500.387 ; free physical = 4443 ; free virtual = 13356

Phase 2.3 Post-Processing in Floorplanning
Phase 2.3 Post-Processing in Floorplanning | Checksum: 259513bcf

Time (s): cpu = 00:02:51 ; elapsed = 00:01:14 . Memory (MB): peak = 5282.715 ; gain = 500.387 ; free physical = 4435 ; free virtual = 13348

Phase 2.4 Global Place Phase1
Phase 2.4 Global Place Phase1 | Checksum: 1b474c260

Time (s): cpu = 00:06:51 ; elapsed = 00:02:45 . Memory (MB): peak = 5399.715 ; gain = 617.387 ; free physical = 185 ; free virtual = 5169

Phase 2.5 Global Place Phase2

Phase 2.5.1 UpdateTiming Before Physical Synthesis
Phase 2.5.1 UpdateTiming Before Physical Synthesis | Checksum: 1ed633c52

Time (s): cpu = 00:07:01 ; elapsed = 00:02:49 . Memory (MB): peak = 5399.715 ; gain = 617.387 ; free physical = 238 ; free virtual = 4999

Phase 2.5.2 Physical Synthesis In Placer
INFO: [Physopt 32-1035] Found 13 LUTNM shape to break, 4664 LUT instances to create LUTNM shape
INFO: [Physopt 32-1044] Break lutnm for timing: one critical 11, two critical 2, total 13, new lutff created 0
INFO: [Physopt 32-1138] End 1 Pass. Optimized 2213 nets or LUTs. Breaked 13 LUTs, combined 2200 existing LUTs and moved 0 existing LUT
INFO: [Physopt 32-1030] Pass 1. Identified 26 candidate driver sets for equivalent driver rewiring.
INFO: [Physopt 32-661] Optimized 11 nets.  Re-placed 65 instances.
INFO: [Physopt 32-775] End 1 Pass. Optimized 11 nets or cells. Created 0 new cell, deleted 0 existing cell and moved 65 existing cells
Netlist sorting complete. Time (s): cpu = 00:00:00.26 ; elapsed = 00:00:00.26 . Memory (MB): peak = 5399.715 ; gain = 0.000 ; free physical = 185 ; free virtual = 4426
INFO: [Physopt 32-1408] Pass 1. Identified 1 candidate net for high-fanout optimization.
INFO: [Physopt 32-81] Processed net system_i/ImageRenderHLS_1/inst/ap_rst_n_inv. Replicated 26 times.
INFO: [Physopt 32-232] Optimized 1 net. Created 26 new instances.
INFO: [Physopt 32-775] End 1 Pass. Optimized 1 net or cell. Created 26 new cells, deleted 0 existing cell and moved 0 existing cell
Netlist sorting complete. Time (s): cpu = 00:00:00.25 ; elapsed = 00:00:00.26 . Memory (MB): peak = 5399.715 ; gain = 0.000 ; free physical = 335 ; free virtual = 4281
INFO: [Physopt 32-456] No candidate cells for DSP register optimization found in the design.
INFO: [Physopt 32-775] End 2 Pass. Optimized 0 net or cell. Created 0 new cell, deleted 0 existing cell and moved 0 existing cell
INFO: [Physopt 32-1123] No candidate cells found for Shift Register to Pipeline optimization
INFO: [Physopt 32-775] End 2 Pass. Optimized 0 net or cell. Created 0 new cell, deleted 0 existing cell and moved 0 existing cell
INFO: [Physopt 32-1401] No candidate cells found for Shift Register optimization.
INFO: [Physopt 32-677] No candidate cells for Shift Register optimization found in the design
INFO: [Physopt 32-775] End 1 Pass. Optimized 0 net or cell. Created 0 new cell, deleted 0 existing cell and moved 0 existing cell
INFO: [Physopt 32-526] No candidate cells for BRAM register optimization found in the design
INFO: [Physopt 32-775] End 1 Pass. Optimized 0 net or cell. Created 0 new cell, deleted 0 existing cell and moved 0 existing cell
INFO: [Physopt 32-846] No candidate cells for URAM register optimization found in the design
INFO: [Physopt 32-775] End 1 Pass. Optimized 0 net or cell. Created 0 new cell, deleted 0 existing cell and moved 0 existing cell
INFO: [Physopt 32-846] No candidate cells for URAM register optimization found in the design
INFO: [Physopt 32-775] End 1 Pass. Optimized 0 net or cell. Created 0 new cell, deleted 0 existing cell and moved 0 existing cell
INFO: [Physopt 32-949] No candidate nets found for dynamic/static region interface net replication
INFO: [Physopt 32-775] End 1 Pass. Optimized 0 net or cell. Created 0 new cell, deleted 0 existing cell and moved 0 existing cell
Netlist sorting complete. Time (s): cpu = 00:00:00.02 ; elapsed = 00:00:00.02 . Memory (MB): peak = 5399.715 ; gain = 0.000 ; free physical = 316 ; free virtual = 4263

Summary of Physical Synthesis Optimizations
============================================


-----------------------------------------------------------------------------------------------------------------------------------------------------------
|  Optimization                                     |  Added Cells  |  Removed Cells  |  Optimized Cells/Nets  |  Dont Touch  |  Iterations  |  Elapsed   |
-----------------------------------------------------------------------------------------------------------------------------------------------------------
|  LUT Combining                                    |           13  |           2200  |                  2213  |           0  |           1  |  00:00:04  |
|  Retime                                           |            0  |              0  |                     0  |           0  |           1  |  00:00:00  |
|  Equivalent Driver Rewiring                       |            0  |              0  |                    11  |           0  |           1  |  00:00:02  |
|  Very High Fanout                                 |           26  |              0  |                     1  |           0  |           1  |  00:00:02  |
|  DSP Register                                     |            0  |              0  |                     0  |           0  |           1  |  00:00:00  |
|  Shift Register to Pipeline                       |            0  |              0  |                     0  |           0  |           1  |  00:00:00  |
|  Shift Register                                   |            0  |              0  |                     0  |           0  |           1  |  00:00:00  |
|  BRAM Register                                    |            0  |              0  |                     0  |           0  |           1  |  00:00:00  |
|  URAM Register                                    |            0  |              0  |                     0  |           0  |           1  |  00:00:00  |
|  Dynamic/Static Region Interface Net Replication  |            0  |              0  |                     0  |           0  |           1  |  00:00:00  |
|  Total                                            |           39  |           2200  |                  2225  |           0  |          10  |  00:00:09  |
-----------------------------------------------------------------------------------------------------------------------------------------------------------


Phase 2.5.2 Physical Synthesis In Placer | Checksum: 226d5a599

Time (s): cpu = 00:07:21 ; elapsed = 00:03:06 . Memory (MB): peak = 5399.715 ; gain = 617.387 ; free physical = 1726 ; free virtual = 5240
Phase 2.5 Global Place Phase2 | Checksum: 2473303d8

Time (s): cpu = 00:08:01 ; elapsed = 00:03:18 . Memory (MB): peak = 5399.715 ; gain = 617.387 ; free physical = 2218 ; free virtual = 5948
Phase 2 Global Placement | Checksum: 2473303d8

Time (s): cpu = 00:08:01 ; elapsed = 00:03:18 . Memory (MB): peak = 5399.715 ; gain = 617.387 ; free physical = 2224 ; free virtual = 5957

Phase 3 Detail Placement

Phase 3.1 Commit Multi Column Macros
Phase 3.1 Commit Multi Column Macros | Checksum: 264c1184c

Time (s): cpu = 00:08:26 ; elapsed = 00:03:26 . Memory (MB): peak = 5399.715 ; gain = 617.387 ; free physical = 4586 ; free virtual = 8363

Phase 3.2 Commit Most Macros & LUTRAMs
Phase 3.2 Commit Most Macros & LUTRAMs | Checksum: 31eab8454

Time (s): cpu = 00:08:39 ; elapsed = 00:03:32 . Memory (MB): peak = 5399.715 ; gain = 617.387 ; free physical = 4551 ; free virtual = 8401

Phase 3.3 Small Shape DP

Phase 3.3.1 Small Shape Clustering
Phase 3.3.1 Small Shape Clustering | Checksum: 36dfff526

Time (s): cpu = 00:09:28 ; elapsed = 00:03:49 . Memory (MB): peak = 5399.715 ; gain = 617.387 ; free physical = 6039 ; free virtual = 10145

Phase 3.3.2 Slice Area Swap

Phase 3.3.2.1 Slice Area Swap Initial
Phase 3.3.2.1 Slice Area Swap Initial | Checksum: 31552d1d6

Time (s): cpu = 00:09:34 ; elapsed = 00:03:54 . Memory (MB): peak = 5399.715 ; gain = 617.387 ; free physical = 6021 ; free virtual = 10137
Phase 3.3.2 Slice Area Swap | Checksum: 31552d1d6

Time (s): cpu = 00:09:35 ; elapsed = 00:03:54 . Memory (MB): peak = 5399.715 ; gain = 617.387 ; free physical = 6020 ; free virtual = 10136
Phase 3.3 Small Shape DP | Checksum: 2c9351d92

Time (s): cpu = 00:09:59 ; elapsed = 00:04:01 . Memory (MB): peak = 5399.715 ; gain = 617.387 ; free physical = 5977 ; free virtual = 10092

Phase 3.4 Re-assign LUT pins
Phase 3.4 Re-assign LUT pins | Checksum: 23ec9a86f

Time (s): cpu = 00:10:03 ; elapsed = 00:04:04 . Memory (MB): peak = 5399.715 ; gain = 617.387 ; free physical = 5992 ; free virtual = 10103

Phase 3.5 Pipeline Register Optimization
Phase 3.5 Pipeline Register Optimization | Checksum: 2d2be3b34

Time (s): cpu = 00:10:04 ; elapsed = 00:04:05 . Memory (MB): peak = 5399.715 ; gain = 617.387 ; free physical = 5993 ; free virtual = 10105

Phase 3.6 Fast Optimization
Phase 3.6 Fast Optimization | Checksum: 2c28f3eff

Time (s): cpu = 00:10:51 ; elapsed = 00:04:17 . Memory (MB): peak = 5399.715 ; gain = 617.387 ; free physical = 5955 ; free virtual = 10063
Phase 3 Detail Placement | Checksum: 2c28f3eff

Time (s): cpu = 00:10:52 ; elapsed = 00:04:17 . Memory (MB): peak = 5399.715 ; gain = 617.387 ; free physical = 6018 ; free virtual = 10126

Phase 4 Post Placement Optimization and Clean-Up

Phase 4.1 Post Commit Optimization
INFO: [Timing 38-35] Done setting XDC timing constraints.

Phase 4.1.1 Post Placement Optimization
Post Placement Optimization Initialization | Checksum: 29121e2d7

Phase 4.1.1.1 BUFG Insertion

Starting Physical Synthesis Task

Phase 1 Physical Synthesis Initialization
INFO: [Physopt 32-721] Multithreading enabled for phys_opt_design using a maximum of 8 CPUs
INFO: [Physopt 32-619] Estimated Timing Summary | WNS=0.286 | TNS=0.000 |
Phase 1 Physical Synthesis Initialization | Checksum: 11ca15ed0

Time (s): cpu = 00:00:06 ; elapsed = 00:00:02 . Memory (MB): peak = 5399.715 ; gain = 0.000 ; free physical = 5929 ; free virtual = 10046
INFO: [Place 46-34] Processed net system_i/ImageRenderHLS_1/inst/grp_Render_fu_346/grp_RenderTiledFragBuff2_Uniforms_InTextures_OutTextures_s_fu_482/grp_render_tile_Fragment_Uniforms_InTextures_s_fu_661/grp_draw_triangle_InTextures_Uniforms_Fragment_s_fu_499/grp_draw_triangle_Pipeline_draw_triangle_y_loop_draw_triangle_x_loop_fu_378/grp_fragment_shader_fu_501/fmul_32ns_32ns_32_5_max_dsp_1_x_U214/grp_fu_263_ce, BUFG insertion was skipped due to possible timing degradation.
INFO: [Place 46-35] Processed net system_i/ImageRenderHLS_1/inst/grp_Render_fu_346/grp_RenderTiledFragBuff2_Uniforms_InTextures_OutTextures_s_fu_482/grp_render_tile_Fragment_Uniforms_InTextures_s_fu_661/grp_draw_triangle_InTextures_Uniforms_Fragment_s_fu_499/grp_draw_triangle_Pipeline_draw_triangle_y_loop_draw_triangle_x_loop_fu_378/grp_fragment_shader_fu_501/fexp_32ns_32ns_32_13_full_dsp_1_U232/ce_r, inserted BUFG to drive 1941 loads.
INFO: [Place 46-45] Replicated bufg driver system_i/ImageRenderHLS_1/inst/grp_Render_fu_346/grp_RenderTiledFragBuff2_Uniforms_InTextures_OutTextures_s_fu_482/grp_render_tile_Fragment_Uniforms_InTextures_s_fu_661/grp_draw_triangle_InTextures_Uniforms_Fragment_s_fu_499/grp_draw_triangle_Pipeline_draw_triangle_y_loop_draw_triangle_x_loop_fu_378/grp_fragment_shader_fu_501/fexp_32ns_32ns_32_13_full_dsp_1_U232/ce_r_reg_replica
INFO: [Place 46-56] BUFG insertion identified 2 candidate nets. Inserted BUFG: 1, Replicated BUFG Driver: 1, Skipped due to Placement/Routing Conflicts: 0, Skipped due to Timing Degradation: 1, Skipped due to netlist editing failed: 0.
Ending Physical Synthesis Task | Checksum: 2258bace1

Time (s): cpu = 00:00:14 ; elapsed = 00:00:05 . Memory (MB): peak = 5399.715 ; gain = 0.000 ; free physical = 5901 ; free virtual = 10019
Phase 4.1.1.1 BUFG Insertion | Checksum: 18d7bc5a2

Time (s): cpu = 00:12:57 ; elapsed = 00:04:55 . Memory (MB): peak = 5399.715 ; gain = 617.387 ; free physical = 5900 ; free virtual = 10018

Phase 4.1.1.2 Post Placement Timing Optimization
INFO: [Place 30-746] Post Placement Timing Summary WNS=0.537. For the most accurate timing information please run report_timing.
Phase 4.1.1.2 Post Placement Timing Optimization | Checksum: 206f6c91d

Time (s): cpu = 00:13:01 ; elapsed = 00:04:59 . Memory (MB): peak = 5399.715 ; gain = 617.387 ; free physical = 5884 ; free virtual = 10002

Time (s): cpu = 00:13:01 ; elapsed = 00:04:59 . Memory (MB): peak = 5399.715 ; gain = 617.387 ; free physical = 5884 ; free virtual = 10002
Phase 4.1 Post Commit Optimization | Checksum: 206f6c91d

Time (s): cpu = 00:13:02 ; elapsed = 00:04:59 . Memory (MB): peak = 5399.715 ; gain = 617.387 ; free physical = 5882 ; free virtual = 10001
Netlist sorting complete. Time (s): cpu = 00:00:00.08 ; elapsed = 00:00:00.09 . Memory (MB): peak = 5435.699 ; gain = 0.000 ; free physical = 5832 ; free virtual = 9937

Phase 4.2 Post Placement Cleanup
Phase 4.2 Post Placement Cleanup | Checksum: 231a83b24

Time (s): cpu = 00:13:26 ; elapsed = 00:05:09 . Memory (MB): peak = 5435.699 ; gain = 653.371 ; free physical = 5832 ; free virtual = 9937

Phase 4.3 Placer Reporting

Phase 4.3.1 Print Estimated Congestion
INFO: [Place 30-612] Post-Placement Estimated Congestion 
 ________________________________________________________________________
|           | Global Congestion | Long Congestion   | Short Congestion  |
| Direction | Region Size       | Region Size       | Region Size       |
|___________|___________________|___________________|___________________|
|      North|                1x1|                1x1|                2x2|
|___________|___________________|___________________|___________________|
|      South|                1x1|                1x1|                2x2|
|___________|___________________|___________________|___________________|
|       East|                1x1|                1x1|                2x2|
|___________|___________________|___________________|___________________|
|       West|                1x1|                1x1|                8x8|
|___________|___________________|___________________|___________________|

Phase 4.3.1 Print Estimated Congestion | Checksum: 231a83b24

Time (s): cpu = 00:13:27 ; elapsed = 00:05:09 . Memory (MB): peak = 5435.699 ; gain = 653.371 ; free physical = 5832 ; free virtual = 9937
Phase 4.3 Placer Reporting | Checksum: 231a83b24

Time (s): cpu = 00:13:27 ; elapsed = 00:05:10 . Memory (MB): peak = 5435.699 ; gain = 653.371 ; free physical = 5831 ; free virtual = 9936

Phase 4.4 Final Placement Cleanup
Netlist sorting complete. Time (s): cpu = 00:00:00.03 ; elapsed = 00:00:00.02 . Memory (MB): peak = 5435.699 ; gain = 0.000 ; free physical = 5826 ; free virtual = 9931

Time (s): cpu = 00:13:28 ; elapsed = 00:05:10 . Memory (MB): peak = 5435.699 ; gain = 653.371 ; free physical = 5826 ; free virtual = 9931
Phase 4 Post Placement Optimization and Clean-Up | Checksum: 2ef82b435

Time (s): cpu = 00:13:28 ; elapsed = 00:05:10 . Memory (MB): peak = 5435.699 ; gain = 653.371 ; free physical = 5825 ; free virtual = 9930
Ending Placer Task | Checksum: 29a246cfb

Time (s): cpu = 00:13:29 ; elapsed = 00:05:10 . Memory (MB): peak = 5435.699 ; gain = 653.371 ; free physical = 5825 ; free virtual = 9930
118 Infos, 64 Warnings, 1 Critical Warnings and 0 Errors encountered.
place_design completed successfully
place_design: Time (s): cpu = 00:13:40 ; elapsed = 00:05:13 . Memory (MB): peak = 5435.699 ; gain = 653.371 ; free physical = 5824 ; free virtual = 9929
source /home/emanuel/workspace/mesh_vo/MultiPlatformDiffRenderer/src/backends/xrt/hls/build/xclbin/_x/link/vivado/vpl/scripts/impl_1/_full_place_post.tcl
INFO: System Diagram: Run step: placed

Command: phys_opt_design
Attempting to get a license for feature 'Implementation' and/or device 'xck26'
INFO: [Common 17-349] Got license for feature 'Implementation' and/or device 'xck26'

Starting Initial Update Timing Task

Time (s): cpu = 00:00:44 ; elapsed = 00:00:14 . Memory (MB): peak = 5435.699 ; gain = 0.000 ; free physical = 5822 ; free virtual = 9919
INFO: [Vivado_Tcl 4-2279] Estimated Timing Summary | WNS= 0.537 | TNS= 0.000 | 
INFO: [Vivado_Tcl 4-383] Design worst setup slack (WNS) is greater than or equal to 0.000 ns. All physical synthesis setup optimizations will be skipped.
INFO: [Vivado_Tcl 4-232] No setup violation found. The netlist was not modified.
INFO: [Common 17-83] Releasing license: Implementation
123 Infos, 64 Warnings, 1 Critical Warnings and 0 Errors encountered.
phys_opt_design completed successfully
phys_opt_design: Time (s): cpu = 00:00:45 ; elapsed = 00:00:15 . Memory (MB): peak = 5435.699 ; gain = 0.000 ; free physical = 5822 ; free virtual = 9919
Command: route_design
Attempting to get a license for feature 'Implementation' and/or device 'xck26'
INFO: [Common 17-349] Got license for feature 'Implementation' and/or device 'xck26'


Starting Routing Task
INFO: [Route 35-254] Multithreading enabled for route_design using a maximum of 8 CPUs

Phase 1 Build RT Design
Checksum: PlaceDB: e40d357d ConstDB: 0 ShapeSum: c54e3f2b RouteDB: f0c8f853
Nodegraph reading from file.  Time (s): cpu = 00:00:00.66 ; elapsed = 00:00:00.69 . Memory (MB): peak = 5435.699 ; gain = 0.000 ; free physical = 5831 ; free virtual = 9931
Post Restoration Checksum: NetGraph: 5bc2f9db | NumContArr: d43d6b05 | Constraints: d5a97b25 | Timing: c2a8fa9d
Phase 1 Build RT Design | Checksum: 2c852daa2

Time (s): cpu = 00:00:49 ; elapsed = 00:00:12 . Memory (MB): peak = 5435.699 ; gain = 0.000 ; free physical = 5820 ; free virtual = 9917

Phase 2 Router Initialization

Phase 2.1 Fix Topology Constraints
Phase 2.1 Fix Topology Constraints | Checksum: 2c852daa2

Time (s): cpu = 00:00:50 ; elapsed = 00:00:12 . Memory (MB): peak = 5435.699 ; gain = 0.000 ; free physical = 5820 ; free virtual = 9917

Phase 2.2 Pre Route Cleanup
Phase 2.2 Pre Route Cleanup | Checksum: 2c852daa2

Time (s): cpu = 00:00:51 ; elapsed = 00:00:12 . Memory (MB): peak = 5435.699 ; gain = 0.000 ; free physical = 5820 ; free virtual = 9917

Phase 2.3 Global Clock Net Routing
 Number of Nodes with overlaps = 0
Phase 2.3 Global Clock Net Routing | Checksum: 317d4a5dc

Time (s): cpu = 00:00:56 ; elapsed = 00:00:15 . Memory (MB): peak = 5435.699 ; gain = 0.000 ; free physical = 5816 ; free virtual = 9911

Phase 2.4 Update Timing
Phase 2.4 Update Timing | Checksum: 1e13045de

Time (s): cpu = 00:01:20 ; elapsed = 00:00:23 . Memory (MB): peak = 5435.699 ; gain = 0.000 ; free physical = 5839 ; free virtual = 9935
INFO: [Route 35-416] Intermediate Timing Summary | WNS=0.685  | TNS=0.000  | WHS=-0.082 | THS=-74.256|


Router Utilization Summary
  Global Vertical Routing Utilization    = 0 %
  Global Horizontal Routing Utilization  = 0 %
  Routable Net Status*
  *Does not include unroutable nets such as driverless and loadless.
  Run report_route_status for detailed report.
  Number of Failed Nets               = 78881
    (Failed Nets is the sum of unrouted and partially routed nets)
  Number of Unrouted Nets             = 69299
  Number of Partially Routed Nets     = 9582
  Number of Node Overlaps             = 0

Phase 2 Router Initialization | Checksum: 20b63f9c2

Time (s): cpu = 00:02:09 ; elapsed = 00:00:37 . Memory (MB): peak = 5435.699 ; gain = 0.000 ; free physical = 4692 ; free virtual = 8840

Phase 3 Global Routing
Phase 3 Global Routing | Checksum: 20b63f9c2

Time (s): cpu = 00:02:10 ; elapsed = 00:00:37 . Memory (MB): peak = 5435.699 ; gain = 0.000 ; free physical = 4685 ; free virtual = 8832

Phase 4 Initial Routing

Phase 4.1 Initial Net Routing Pass
Phase 4.1 Initial Net Routing Pass | Checksum: 188bb3dd6

Time (s): cpu = 00:02:40 ; elapsed = 00:00:48 . Memory (MB): peak = 5435.699 ; gain = 0.000 ; free physical = 4530 ; free virtual = 8681
Phase 4 Initial Routing | Checksum: 1da5aaa79

Time (s): cpu = 00:02:42 ; elapsed = 00:00:48 . Memory (MB): peak = 5435.699 ; gain = 0.000 ; free physical = 4483 ; free virtual = 8634

Phase 5 Rip-up And Reroute

Phase 5.1 Global Iteration 0
 Number of Nodes with overlaps = 12967
 Number of Nodes with overlaps = 1163
 Number of Nodes with overlaps = 179
 Number of Nodes with overlaps = 55
 Number of Nodes with overlaps = 25
 Number of Nodes with overlaps = 18
 Number of Nodes with overlaps = 14
 Number of Nodes with overlaps = 12
 Number of Nodes with overlaps = 9
 Number of Nodes with overlaps = 6
 Number of Nodes with overlaps = 7
 Number of Nodes with overlaps = 6
 Number of Nodes with overlaps = 4
 Number of Nodes with overlaps = 2
 Number of Nodes with overlaps = 2
 Number of Nodes with overlaps = 1
 Number of Nodes with overlaps = 1
 Number of Nodes with overlaps = 1
 Number of Nodes with overlaps = 0
INFO: [Route 35-416] Intermediate Timing Summary | WNS=0.368  | TNS=0.000  | WHS=-0.066 | THS=-2.043 |

Phase 5.1 Global Iteration 0 | Checksum: 2ab5ceadb

Time (s): cpu = 00:06:49 ; elapsed = 00:02:38 . Memory (MB): peak = 5435.699 ; gain = 0.000 ; free physical = 6421 ; free virtual = 10579

Phase 5.2 Additional Iteration for Hold
Phase 5.2 Additional Iteration for Hold | Checksum: 22d4baa74

Time (s): cpu = 00:06:49 ; elapsed = 00:02:38 . Memory (MB): peak = 5435.699 ; gain = 0.000 ; free physical = 6421 ; free virtual = 10579
Phase 5 Rip-up And Reroute | Checksum: 22d4baa74

Time (s): cpu = 00:06:50 ; elapsed = 00:02:38 . Memory (MB): peak = 5435.699 ; gain = 0.000 ; free physical = 6421 ; free virtual = 10579

Phase 6 Delay and Skew Optimization

Phase 6.1 Delay CleanUp
INFO: [Route 35-416] Intermediate Timing Summary | WNS=0.368  | TNS=0.000  | WHS=0.010  | THS=0.000  |

INFO: [Route 35-416] Intermediate Timing Summary | WNS=0.368  | TNS=0.000  | WHS=0.010  | THS=0.000  |

Phase 6.1 Delay CleanUp | Checksum: 28f8442a4

Time (s): cpu = 00:07:19 ; elapsed = 00:02:45 . Memory (MB): peak = 5435.699 ; gain = 0.000 ; free physical = 6403 ; free virtual = 10562

Phase 6.2 Clock Skew Optimization
Phase 6.2 Clock Skew Optimization | Checksum: 28f8442a4

Time (s): cpu = 00:07:19 ; elapsed = 00:02:45 . Memory (MB): peak = 5435.699 ; gain = 0.000 ; free physical = 6403 ; free virtual = 10562
Phase 6 Delay and Skew Optimization | Checksum: 28f8442a4

Time (s): cpu = 00:07:19 ; elapsed = 00:02:45 . Memory (MB): peak = 5435.699 ; gain = 0.000 ; free physical = 6403 ; free virtual = 10562

Phase 7 Post Hold Fix

Phase 7.1 Hold Fix Iter
INFO: [Route 35-416] Intermediate Timing Summary | WNS=0.368  | TNS=0.000  | WHS=0.010  | THS=0.000  |

Phase 7.1 Hold Fix Iter | Checksum: 27484621f

Time (s): cpu = 00:07:41 ; elapsed = 00:02:51 . Memory (MB): peak = 5435.699 ; gain = 0.000 ; free physical = 6350 ; free virtual = 10509
Phase 7 Post Hold Fix | Checksum: 27484621f

Time (s): cpu = 00:07:41 ; elapsed = 00:02:51 . Memory (MB): peak = 5435.699 ; gain = 0.000 ; free physical = 6350 ; free virtual = 10511

Phase 8 Route finalize

Router Utilization Summary
  Global Vertical Routing Utilization    = 8.81875 %
  Global Horizontal Routing Utilization  = 10.8302 %
  Routable Net Status*
  *Does not include unroutable nets such as driverless and loadless.
  Run report_route_status for detailed report.
  Number of Failed Nets               = 0
    (Failed Nets is the sum of unrouted and partially routed nets)
  Number of Unrouted Nets             = 0
  Number of Partially Routed Nets     = 0
  Number of Node Overlaps             = 0

Phase 8 Route finalize | Checksum: 27484621f

Time (s): cpu = 00:07:43 ; elapsed = 00:02:51 . Memory (MB): peak = 5435.699 ; gain = 0.000 ; free physical = 6350 ; free virtual = 10511

Phase 9 Verifying routed nets

 Verification completed successfully
Phase 9 Verifying routed nets | Checksum: 27484621f

Time (s): cpu = 00:07:43 ; elapsed = 00:02:52 . Memory (MB): peak = 5435.699 ; gain = 0.000 ; free physical = 6349 ; free virtual = 10510

Phase 10 Depositing Routes
Phase 10 Depositing Routes | Checksum: 27484621f

Time (s): cpu = 00:07:52 ; elapsed = 00:02:56 . Memory (MB): peak = 5435.699 ; gain = 0.000 ; free physical = 6350 ; free virtual = 10510

Phase 11 Resolve XTalk
Phase 11 Resolve XTalk | Checksum: 27484621f

Time (s): cpu = 00:07:52 ; elapsed = 00:02:57 . Memory (MB): peak = 5435.699 ; gain = 0.000 ; free physical = 6350 ; free virtual = 10510

Phase 12 Post Process Routing
Phase 12 Post Process Routing | Checksum: 27484621f

Time (s): cpu = 00:07:53 ; elapsed = 00:02:57 . Memory (MB): peak = 5435.699 ; gain = 0.000 ; free physical = 6350 ; free virtual = 10510

Phase 13 Post Router Timing
INFO: [Route 35-57] Estimated Timing Summary | WNS=0.368  | TNS=0.000  | WHS=0.010  | THS=0.000  |

INFO: [Route 35-327] The final timing numbers are based on the router estimated timing analysis. For a complete and accurate timing signoff, please run report_timing_summary.
Phase 13 Post Router Timing | Checksum: 27484621f

Time (s): cpu = 00:07:54 ; elapsed = 00:02:57 . Memory (MB): peak = 5435.699 ; gain = 0.000 ; free physical = 6349 ; free virtual = 10509
Total Elapsed time in route_design: 177.09 secs

Phase 14 Post-Route Event Processing
Phase 14 Post-Route Event Processing | Checksum: 1d3be38b4

Time (s): cpu = 00:07:55 ; elapsed = 00:02:57 . Memory (MB): peak = 5435.699 ; gain = 0.000 ; free physical = 6349 ; free virtual = 10509
INFO: [Route 35-16] Router Completed Successfully
Ending Routing Task | Checksum: 1d3be38b4

Time (s): cpu = 00:07:56 ; elapsed = 00:02:58 . Memory (MB): peak = 5435.699 ; gain = 0.000 ; free physical = 6348 ; free virtual = 10508

Routing Is Done.
INFO: [Common 17-83] Releasing license: Implementation
134 Infos, 64 Warnings, 1 Critical Warnings and 0 Errors encountered.
route_design completed successfully
route_design: Time (s): cpu = 00:07:57 ; elapsed = 00:02:59 . Memory (MB): peak = 5435.699 ; gain = 0.000 ; free physical = 6347 ; free virtual = 10507
INFO: [Vivado 12-24828] Executing command : report_timing_summary -max_paths 10 -file system_wrapper_timing_summary_routed.rpt -pb system_wrapper_timing_summary_routed.pb -rpx system_wrapper_timing_summary_routed.rpx -warn_on_violation 
INFO: [Timing 38-91] UpdateTimingParams: Speed grade: -2LV, Temperature grade: C, Delay Type: min_max.
INFO: [Timing 38-191] Multithreading enabled for timing update using a maximum of 8 CPUs
report_timing_summary: Time (s): cpu = 00:00:52 ; elapsed = 00:00:13 . Memory (MB): peak = 5435.699 ; gain = 0.000 ; free physical = 6255 ; free virtual = 10459
generate_parallel_reports: Time (s): cpu = 00:00:52 ; elapsed = 00:00:13 . Memory (MB): peak = 5435.699 ; gain = 0.000 ; free physical = 6255 ; free virtual = 10459
source /home/emanuel/workspace/mesh_vo/MultiPlatformDiffRenderer/src/backends/xrt/hls/build/xclbin/_x/link/vivado/vpl/scripts/impl_1/_full_route_post.tcl
report_accelerator_utilization: Time (s): cpu = 00:00:15 ; elapsed = 00:00:06 . Memory (MB): peak = 5435.699 ; gain = 0.000 ; free physical = 6151 ; free virtual = 10404
INFO: System Diagram: Run step: routed

WARNING: Unable to find metadata file: /home/emanuel/workspace/mesh_vo/MultiPlatformDiffRenderer/src/backends/xrt/hls/build/xclbin/_x/link/int/debug_ip_layout.rtd
INFO: [Timing 38-480] Writing timing data to binary archive.
Write ShapeDB Complete: Time (s): cpu = 00:00:01 ; elapsed = 00:00:00.28 . Memory (MB): peak = 5435.699 ; gain = 0.000 ; free physical = 6110 ; free virtual = 10440
Wrote PlaceDB: Time (s): cpu = 00:00:15 ; elapsed = 00:00:05 . Memory (MB): peak = 5435.699 ; gain = 0.000 ; free physical = 5943 ; free virtual = 10384
Wrote PulsedLatchDB: Time (s): cpu = 00:00:00 ; elapsed = 00:00:00 . Memory (MB): peak = 5435.699 ; gain = 0.000 ; free physical = 5943 ; free virtual = 10384
Writing XDEF routing.
Writing XDEF routing logical nets.
Writing XDEF routing special nets.
Wrote RouteStorage: Time (s): cpu = 00:00:02 ; elapsed = 00:00:01 . Memory (MB): peak = 5435.699 ; gain = 0.000 ; free physical = 5949 ; free virtual = 10404
Wrote Netlist Cache: Time (s): cpu = 00:00:00.11 ; elapsed = 00:00:00.11 . Memory (MB): peak = 5435.699 ; gain = 0.000 ; free physical = 5948 ; free virtual = 10412
Wrote Device Cache: Time (s): cpu = 00:00:00.02 ; elapsed = 00:00:00.02 . Memory (MB): peak = 5435.699 ; gain = 0.000 ; free physical = 5948 ; free virtual = 10415
Write Physdb Complete: Time (s): cpu = 00:00:17 ; elapsed = 00:00:07 . Memory (MB): peak = 5435.699 ; gain = 0.000 ; free physical = 5948 ; free virtual = 10415
INFO: [Common 17-1381] The checkpoint '/home/emanuel/workspace/mesh_vo/MultiPlatformDiffRenderer/src/backends/xrt/hls/build/xclbin/_x/link/vivado/vpl/prj/prj.runs/impl_1/system_wrapper_routed.dcp' has been generated.
write_checkpoint: Time (s): cpu = 00:00:20 ; elapsed = 00:00:10 . Memory (MB): peak = 5435.699 ; gain = 0.000 ; free physical = 8808 ; free virtual = 13170
source /home/emanuel/workspace/mesh_vo/MultiPlatformDiffRenderer/src/backends/xrt/hls/build/xclbin/_x/link/vivado/vpl/scripts/impl_1/_full_write_bitstream_pre.tcl
INFO: [OCL_UTIL] clock frequency scaling is disabled for this flow, perform the normal timing check instead
INFO: [OCL_UTIL] get_timing_paths -quiet -slack_lesser_than 0

WARNING::74 - Unsupported FPGA device name 'xck26-sfvc784-2LV-c'. Verify that the specified device is a valid customer supported device.
-p xck26-sfvc784-2LV-c
   ^

Command: write_bitstream -force system_wrapper.bit
Attempting to get a license for feature 'Implementation' and/or device 'xck26'
INFO: [Common 17-349] Got license for feature 'Implementation' and/or device 'xck26'
Running DRC as a precondition to command write_bitstream
INFO: [IP_Flow 19-1839] IP Catalog is up to date.
INFO: [DRC 23-27] Running DRC with 8 threads
INFO: [Vivado 12-3199] DRC finished with 0 Errors
INFO: [Vivado 12-3200] Please refer to the DRC report (report_drc) for more information.
INFO: [Designutils 20-2272] Running write_bitstream with 8 threads.
Loading data files...
Loading site data...
Loading route data...
Processing options...
Creating bitmap...
Creating bitstream...
Writing bitstream ./system_wrapper.bit...
INFO: [Vivado 12-1842] Bitgen Completed Successfully.
INFO: [Project 1-1876] WebTalk data collection is mandatory when using a ULT device. To see the specific WebTalk data collected for your design, open the usage_statistics_webtalk.html or usage_statistics_webtalk.xml file in the implementation directory.
INFO: [Common 17-83] Releasing license: Implementation
148 Infos, 64 Warnings, 1 Critical Warnings and 0 Errors encountered.
write_bitstream completed successfully
write_bitstream: Time (s): cpu = 00:00:53 ; elapsed = 00:00:18 . Memory (MB): peak = 5715.836 ; gain = 0.000 ; free physical = 7077 ; free virtual = 11527
source /home/emanuel/workspace/mesh_vo/MultiPlatformDiffRenderer/src/backends/xrt/hls/build/xclbin/_x/link/vivado/vpl/scripts/impl_1/_full_write_bitstream_post.tcl
INFO: [Common 17-206] Exiting Vivado at Thu Jan 22 12:55:45 2026...
[Thu Jan 22 12:55:51 2026] impl_1 finished
wait_on_runs: Time (s): cpu = 00:00:02 ; elapsed = 00:11:22 . Memory (MB): peak = 2155.625 ; gain = 0.000 ; free physical = 11123 ; free virtual = 15575
INFO: [OCL_UTIL] internal step: log_generated_reports for implementation '/home/emanuel/workspace/mesh_vo/MultiPlatformDiffRenderer/src/backends/xrt/hls/build/xclbin/_x/link/vivado/vpl/output/generated_reports.log'
INFO: [OCL_UTIL] internal step: copy implementation run (impl_1) output files
Check VPL, containing 6 checks, has run: 0 errors
[12:55:52] Run vpl: Step impl: Completed
INFO: [Common 17-206] Exiting Vivado at Thu Jan 22 12:55:52 2026...
