Copyright 1986-2022 Xilinx, Inc. All Rights Reserved. Copyright 2022-2024 Advanced Micro Devices, Inc. All Rights Reserved.
----------------------------------------------------------------------------------------------------------------------------------------------------------------------------------------------------------------------
| Tool Version      : Vivado v.2024.2 (lin64) Build 5239630 Fri Nov 08 22:34:34 MST 2024
| Date              : Thu Jan 22 12:54:59 2026
| Host              : HP-ProBook-445-G7 running 64-bit Ubuntu 24.04.3 LTS
| Command           : report_timing_summary -max_paths 10 -file system_wrapper_timing_summary_routed.rpt -pb system_wrapper_timing_summary_routed.pb -rpx system_wrapper_timing_summary_routed.rpx -warn_on_violation
| Design            : system_wrapper
| Device            : xck26-sfvc784
| Speed File        : -2LV  PRODUCTION 1.30 05-15-2022
| Design State      : Routed
| Temperature Grade : C
----------------------------------------------------------------------------------------------------------------------------------------------------------------------------------------------------------------------

Timing Summary Report

------------------------------------------------------------------------------------------------
| Timer Settings
| --------------
------------------------------------------------------------------------------------------------

  Enable Multi Corner Analysis               :  Yes
  Enable Pessimism Removal                   :  Yes
  Pessimism Removal Resolution               :  Nearest Common Node
  Enable Input Delay Default Clock           :  No
  Enable Preset / Clear Arcs                 :  No
  Disable Flight Delays                      :  No
  Ignore I/O Paths                           :  No
  Timing Early Launch at Borrowing Latches   :  No
  Borrow Time for Max Delay Exceptions       :  Yes
  Merge Timing Exceptions                    :  Yes
  Inter-SLR Compensation                     :  Conservative

  Corner  Analyze    Analyze    
  Name    Max Paths  Min Paths  
  ------  ---------  ---------  
  Slow    Yes        Yes        
  Fast    Yes        Yes        


------------------------------------------------------------------------------------------------
| Report Methodology
| ------------------
------------------------------------------------------------------------------------------------

No report available as report_methodology has not been run prior. Run report_methodology on the current design for the summary of methodology violations.



check_timing report

Table of Contents
-----------------
1. checking no_clock (0)
2. checking constant_clock (0)
3. checking pulse_width_clock (0)
4. checking unconstrained_internal_endpoints (0)
5. checking no_input_delay (0)
6. checking no_output_delay (0)
7. checking multiple_clock (0)
8. checking generated_clocks (0)
9. checking loops (0)
10. checking partial_input_delay (0)
11. checking partial_output_delay (0)
12. checking latch_loops (0)

1. checking no_clock (0)
------------------------
 There are 0 register/latch pins with no clock.


2. checking constant_clock (0)
------------------------------
 There are 0 register/latch pins with constant_clock.


3. checking pulse_width_clock (0)
---------------------------------
 There are 0 register/latch pins which need pulse_width check


4. checking unconstrained_internal_endpoints (0)
------------------------------------------------
 There are 0 pins that are not constrained for maximum delay.

 There are 0 pins that are not constrained for maximum delay due to constant clock.


5. checking no_input_delay (0)
------------------------------
 There are 0 input ports with no input delay specified.

 There are 0 input ports with no input delay but user has a false path constraint.


6. checking no_output_delay (0)
-------------------------------
 There are 0 ports with no output delay specified.

 There are 0 ports with no output delay but user has a false path constraint

 There are 0 ports with no output delay but with a timing clock defined on it or propagating through it


7. checking multiple_clock (0)
------------------------------
 There are 0 register/latch pins with multiple clocks.


8. checking generated_clocks (0)
--------------------------------
 There are 0 generated clocks that are not connected to a clock source.


9. checking loops (0)
---------------------
 There are 0 combinational loops in the design.


10. checking partial_input_delay (0)
------------------------------------
 There are 0 input ports with partial input delay specified.


11. checking partial_output_delay (0)
-------------------------------------
 There are 0 ports with partial output delay specified.


12. checking latch_loops (0)
----------------------------
 There are 0 combinational latch loops in the design through latch input



------------------------------------------------------------------------------------------------
| Design Timing Summary
| ---------------------
------------------------------------------------------------------------------------------------

    WNS(ns)      TNS(ns)  TNS Failing Endpoints  TNS Total Endpoints      WHS(ns)      THS(ns)  THS Failing Endpoints  THS Total Endpoints     WPWS(ns)     TPWS(ns)  TPWS Failing Endpoints  TPWS Total Endpoints  
    -------      -------  ---------------------  -------------------      -------      -------  ---------------------  -------------------     --------     --------  ----------------------  --------------------  
      0.369        0.000                      0               116409        0.010        0.000                      0               116409        1.000        0.000                       0                 49612  


All user specified timing constraints are met.


------------------------------------------------------------------------------------------------
| Clock Summary
| -------------
------------------------------------------------------------------------------------------------

Clock                            Waveform(ns)         Period(ns)      Frequency(MHz)
-----                            ------------         ----------      --------------
clk_pl_0                         {0.000 5.000}        10.000          100.000         
clk_pl_1                         {0.000 5.000}        10.000          100.000         
system_i/clk_wiz_0/inst/clk_in1  {0.000 5.000}        10.000          100.000         
  clk_out2_system_clk_wiz_0_0    {0.000 2.500}        5.000           200.000         


------------------------------------------------------------------------------------------------
| Intra Clock Table
| -----------------
------------------------------------------------------------------------------------------------

Clock                                WNS(ns)      TNS(ns)  TNS Failing Endpoints  TNS Total Endpoints      WHS(ns)      THS(ns)  THS Failing Endpoints  THS Total Endpoints     WPWS(ns)     TPWS(ns)  TPWS Failing Endpoints  TPWS Total Endpoints  
-----                                -------      -------  ---------------------  -------------------      -------      -------  ---------------------  -------------------     --------     --------  ----------------------  --------------------  
system_i/clk_wiz_0/inst/clk_in1                                                                                                                                                    2.000        0.000                       0                     1  
  clk_out2_system_clk_wiz_0_0          0.369        0.000                      0               116109        0.010        0.000                      0               116109        1.000        0.000                       0                 49611  


------------------------------------------------------------------------------------------------
| Inter Clock Table
| -----------------
------------------------------------------------------------------------------------------------

From Clock    To Clock          WNS(ns)      TNS(ns)  TNS Failing Endpoints  TNS Total Endpoints      WHS(ns)      THS(ns)  THS Failing Endpoints  THS Total Endpoints  
----------    --------          -------      -------  ---------------------  -------------------      -------      -------  ---------------------  -------------------  


------------------------------------------------------------------------------------------------
| Other Path Groups Table
| -----------------------
------------------------------------------------------------------------------------------------

Path Group                   From Clock                   To Clock                         WNS(ns)      TNS(ns)  TNS Failing Endpoints  TNS Total Endpoints      WHS(ns)      THS(ns)  THS Failing Endpoints  THS Total Endpoints  
----------                   ----------                   --------                         -------      -------  ---------------------  -------------------      -------      -------  ---------------------  -------------------  
**async_default**            clk_out2_system_clk_wiz_0_0  clk_out2_system_clk_wiz_0_0        3.454        0.000                      0                  300        0.160        0.000                      0                  300  


------------------------------------------------------------------------------------------------
| Timing Details
| --------------
------------------------------------------------------------------------------------------------


---------------------------------------------------------------------------------------------------
From Clock:  system_i/clk_wiz_0/inst/clk_in1
  To Clock:  system_i/clk_wiz_0/inst/clk_in1

Setup :           NA  Failing Endpoints,  Worst Slack           NA  ,  Total Violation           NA
Hold  :           NA  Failing Endpoints,  Worst Slack           NA  ,  Total Violation           NA
PW    :            0  Failing Endpoints,  Worst Slack        2.000ns,  Total Violation        0.000ns
---------------------------------------------------------------------------------------------------


Pulse Width Checks
--------------------------------------------------------------------------------------
Clock Name:         system_i/clk_wiz_0/inst/clk_in1
Waveform(ns):       { 0.000 5.000 }
Period(ns):         10.000
Sources:            { system_i/clk_wiz_0/inst/clk_in1 }

Check Type        Corner  Lib Pin            Reference Pin  Required(ns)  Actual(ns)  Slack(ns)  Location   Pin
Min Period        n/a     MMCME4_ADV/CLKIN1  n/a            1.071         10.000      8.929      MMCM_X0Y3  system_i/clk_wiz_0/inst/mmcme4_adv_inst/CLKIN1
Max Period        n/a     MMCME4_ADV/CLKIN1  n/a            100.000       10.000      90.000     MMCM_X0Y3  system_i/clk_wiz_0/inst/mmcme4_adv_inst/CLKIN1
Low Pulse Width   Slow    MMCME4_ADV/CLKIN1  n/a            3.000         5.000       2.000      MMCM_X0Y3  system_i/clk_wiz_0/inst/mmcme4_adv_inst/CLKIN1
Low Pulse Width   Fast    MMCME4_ADV/CLKIN1  n/a            3.000         5.000       2.000      MMCM_X0Y3  system_i/clk_wiz_0/inst/mmcme4_adv_inst/CLKIN1
High Pulse Width  Slow    MMCME4_ADV/CLKIN1  n/a            3.000         5.000       2.000      MMCM_X0Y3  system_i/clk_wiz_0/inst/mmcme4_adv_inst/CLKIN1
High Pulse Width  Fast    MMCME4_ADV/CLKIN1  n/a            3.000         5.000       2.000      MMCM_X0Y3  system_i/clk_wiz_0/inst/mmcme4_adv_inst/CLKIN1



---------------------------------------------------------------------------------------------------
From Clock:  clk_out2_system_clk_wiz_0_0
  To Clock:  clk_out2_system_clk_wiz_0_0

Setup :            0  Failing Endpoints,  Worst Slack        0.369ns,  Total Violation        0.000ns
Hold  :            0  Failing Endpoints,  Worst Slack        0.010ns,  Total Violation        0.000ns
PW    :            0  Failing Endpoints,  Worst Slack        1.000ns,  Total Violation        0.000ns
---------------------------------------------------------------------------------------------------


Max Delay Paths
--------------------------------------------------------------------------------------
Slack (MET) :             0.369ns  (required time - arrival time)
  Source:                 system_i/ImageRenderHLS_1/inst/gmem0_m_axi_U/load_unit_0/buff_rdata/U_fifo_mem/mem_reg/CLKARDCLK
                            (rising edge-triggered cell RAMB18E2 clocked by clk_out2_system_clk_wiz_0_0  {rise@0.000ns fall@2.500ns period=5.000ns})
  Destination:            system_i/ImageRenderHLS_1/inst/grp_Render_fu_346/grp_RenderTiledFragBuff2_Uniforms_InTextures_OutTextures_s_fu_482/grp_get_triangles_BufferViewBase_BufferViewBase_Uniforms_s_fu_605/reg_1193_reg[23]/D
                            (rising edge-triggered cell FDRE clocked by clk_out2_system_clk_wiz_0_0  {rise@0.000ns fall@2.500ns period=5.000ns})
  Path Group:             clk_out2_system_clk_wiz_0_0
  Path Type:              Setup (Max at Slow Process Corner)
  Requirement:            5.000ns  (clk_out2_system_clk_wiz_0_0 rise@5.000ns - clk_out2_system_clk_wiz_0_0 rise@0.000ns)
  Data Path Delay:        4.303ns  (logic 1.213ns (28.189%)  route 3.090ns (71.811%))
  Logic Levels:           0  
  Clock Path Skew:        -0.309ns (DCD - SCD + CPR)
    Destination Clock Delay (DCD):    4.615ns = ( 9.615 - 5.000 ) 
    Source Clock Delay      (SCD):    4.364ns
    Clock Pessimism Removal (CPR):    -0.560ns
  Clock Uncertainty:      0.062ns  ((TSJ^2 + DJ^2)^1/2) / 2 + PE
    Total System Jitter     (TSJ):    0.071ns
    Discrete Jitter          (DJ):    0.102ns
    Phase Error              (PE):    0.000ns
  Clock Net Delay (Source):      2.457ns (routing 0.962ns, distribution 1.495ns)
  Clock Net Delay (Destination): 2.067ns (routing 0.881ns, distribution 1.186ns)

    Location             Delay type                Incr(ns)  Path(ns)    Netlist Resource(s)
  -------------------------------------------------------------------    -------------------
                         (clock clk_out2_system_clk_wiz_0_0 rise edge)
                                                      0.000     0.000 r  
    BUFG_PS_X0Y81        BUFG_PS                      0.000     0.000 r  system_i/zynq_ultra_ps_e_0/inst/buffer_pl_clk_0.PL_CLK_0_BUFG/O
                         net (fo=1, routed)           1.611     1.611    system_i/clk_wiz_0/inst/clk_in1
    MMCM_X0Y3            MMCME4_ADV (Prop_MMCM_CLKIN1_CLKOUT1)
                                                     -0.103     1.508 r  system_i/clk_wiz_0/inst/mmcme4_adv_inst/CLKOUT1
                         net (fo=1, routed)           0.355     1.863    system_i/clk_wiz_0/inst/clk_out2_system_clk_wiz_0_0
    BUFGCE_X0Y76         BUFGCE (Prop_BUFCE_BUFGCE_I_O)
                                                      0.044     1.907 r  system_i/clk_wiz_0/inst/clkout2_buf/O
    X1Y2 (CLOCK_ROOT)    net (fo=50751, routed)       2.457     4.364    system_i/ImageRenderHLS_1/inst/gmem0_m_axi_U/load_unit_0/buff_rdata/U_fifo_mem/ap_clk
    RAMB18_X0Y76         RAMB18E2                                     r  system_i/ImageRenderHLS_1/inst/gmem0_m_axi_U/load_unit_0/buff_rdata/U_fifo_mem/mem_reg/CLKARDCLK
  -------------------------------------------------------------------    -------------------
    RAMB18_X0Y76         RAMB18E2 (Prop_RAMB18E2_L_RAMB180_CLKARDCLK_DOUTBDOUT[7])
                                                      1.213     5.577 r  system_i/ImageRenderHLS_1/inst/gmem0_m_axi_U/load_unit_0/buff_rdata/U_fifo_mem/mem_reg/DOUTBDOUT[7]
                         net (fo=4, routed)           3.090     8.667    system_i/ImageRenderHLS_1/inst/grp_Render_fu_346/grp_RenderTiledFragBuff2_Uniforms_InTextures_OutTextures_s_fu_482/grp_get_triangles_BufferViewBase_BufferViewBase_Uniforms_s_fu_605/reg_1193_reg[31]_0[23]
    SLICE_X37Y122        FDRE                                         r  system_i/ImageRenderHLS_1/inst/grp_Render_fu_346/grp_RenderTiledFragBuff2_Uniforms_InTextures_OutTextures_s_fu_482/grp_get_triangles_BufferViewBase_BufferViewBase_Uniforms_s_fu_605/reg_1193_reg[23]/D
  -------------------------------------------------------------------    -------------------

                         (clock clk_out2_system_clk_wiz_0_0 rise edge)
                                                      5.000     5.000 r  
    BUFG_PS_X0Y81        BUFG_PS                      0.000     5.000 r  system_i/zynq_ultra_ps_e_0/inst/buffer_pl_clk_0.PL_CLK_0_BUFG/O
                         net (fo=1, routed)           1.458     6.458    system_i/clk_wiz_0/inst/clk_in1
    MMCM_X0Y3            MMCME4_ADV (Prop_MMCM_CLKIN1_CLKOUT1)
                                                      0.739     7.197 r  system_i/clk_wiz_0/inst/mmcme4_adv_inst/CLKOUT1
                         net (fo=1, routed)           0.312     7.509    system_i/clk_wiz_0/inst/clk_out2_system_clk_wiz_0_0
    BUFGCE_X0Y76         BUFGCE (Prop_BUFCE_BUFGCE_I_O)
                                                      0.039     7.548 r  system_i/clk_wiz_0/inst/clkout2_buf/O
    X1Y2 (CLOCK_ROOT)    net (fo=50751, routed)       2.067     9.615    system_i/ImageRenderHLS_1/inst/grp_Render_fu_346/grp_RenderTiledFragBuff2_Uniforms_InTextures_OutTextures_s_fu_482/grp_get_triangles_BufferViewBase_BufferViewBase_Uniforms_s_fu_605/ap_clk
    SLICE_X37Y122        FDRE                                         r  system_i/ImageRenderHLS_1/inst/grp_Render_fu_346/grp_RenderTiledFragBuff2_Uniforms_InTextures_OutTextures_s_fu_482/grp_get_triangles_BufferViewBase_BufferViewBase_Uniforms_s_fu_605/reg_1193_reg[23]/C
                         clock pessimism             -0.560     9.055    
                         clock uncertainty           -0.062     8.993    
    SLICE_X37Y122        FDRE (Setup_CFF_SLICEM_C_D)
                                                      0.043     9.036    system_i/ImageRenderHLS_1/inst/grp_Render_fu_346/grp_RenderTiledFragBuff2_Uniforms_InTextures_OutTextures_s_fu_482/grp_get_triangles_BufferViewBase_BufferViewBase_Uniforms_s_fu_605/reg_1193_reg[23]
  -------------------------------------------------------------------
                         required time                          9.036    
                         arrival time                          -8.667    
  -------------------------------------------------------------------
                         slack                                  0.369    

Slack (MET) :             0.430ns  (required time - arrival time)
  Source:                 system_i/ImageRenderHLS_1/inst/grp_Render_fu_346/grp_RenderTiledFragBuff2_Uniforms_InTextures_OutTextures_s_fu_482/ap_CS_fsm_reg[86]/C
                            (rising edge-triggered cell FDRE clocked by clk_out2_system_clk_wiz_0_0  {rise@0.000ns fall@2.500ns period=5.000ns})
  Destination:            system_i/ImageRenderHLS_1/inst/grp_Render_fu_346/grp_RenderTiledFragBuff2_Uniforms_InTextures_OutTextures_s_fu_482/sitofp_32ns_32_6_no_dsp_1_U447/din0_buf1_reg[19]/D
                            (rising edge-triggered cell FDRE clocked by clk_out2_system_clk_wiz_0_0  {rise@0.000ns fall@2.500ns period=5.000ns})
  Path Group:             clk_out2_system_clk_wiz_0_0
  Path Type:              Setup (Max at Slow Process Corner)
  Requirement:            5.000ns  (clk_out2_system_clk_wiz_0_0 rise@5.000ns - clk_out2_system_clk_wiz_0_0 rise@0.000ns)
  Data Path Delay:        4.404ns  (logic 0.300ns (6.812%)  route 4.104ns (93.188%))
  Logic Levels:           1  (LUT6=1)
  Clock Path Skew:        -0.147ns (DCD - SCD + CPR)
    Destination Clock Delay (DCD):    4.804ns = ( 9.804 - 5.000 ) 
    Source Clock Delay      (SCD):    4.394ns
    Clock Pessimism Removal (CPR):    -0.557ns
  Clock Uncertainty:      0.062ns  ((TSJ^2 + DJ^2)^1/2) / 2 + PE
    Total System Jitter     (TSJ):    0.071ns
    Discrete Jitter          (DJ):    0.102ns
    Phase Error              (PE):    0.000ns
  Clock Net Delay (Source):      2.487ns (routing 0.962ns, distribution 1.525ns)
  Clock Net Delay (Destination): 2.256ns (routing 0.881ns, distribution 1.375ns)

    Location             Delay type                Incr(ns)  Path(ns)    Netlist Resource(s)
  -------------------------------------------------------------------    -------------------
                         (clock clk_out2_system_clk_wiz_0_0 rise edge)
                                                      0.000     0.000 r  
    BUFG_PS_X0Y81        BUFG_PS                      0.000     0.000 r  system_i/zynq_ultra_ps_e_0/inst/buffer_pl_clk_0.PL_CLK_0_BUFG/O
                         net (fo=1, routed)           1.611     1.611    system_i/clk_wiz_0/inst/clk_in1
    MMCM_X0Y3            MMCME4_ADV (Prop_MMCM_CLKIN1_CLKOUT1)
                                                     -0.103     1.508 r  system_i/clk_wiz_0/inst/mmcme4_adv_inst/CLKOUT1
                         net (fo=1, routed)           0.355     1.863    system_i/clk_wiz_0/inst/clk_out2_system_clk_wiz_0_0
    BUFGCE_X0Y76         BUFGCE (Prop_BUFCE_BUFGCE_I_O)
                                                      0.044     1.907 r  system_i/clk_wiz_0/inst/clkout2_buf/O
    X1Y2 (CLOCK_ROOT)    net (fo=50751, routed)       2.487     4.394    system_i/ImageRenderHLS_1/inst/grp_Render_fu_346/grp_RenderTiledFragBuff2_Uniforms_InTextures_OutTextures_s_fu_482/ap_clk
    SLICE_X10Y143        FDRE                                         r  system_i/ImageRenderHLS_1/inst/grp_Render_fu_346/grp_RenderTiledFragBuff2_Uniforms_InTextures_OutTextures_s_fu_482/ap_CS_fsm_reg[86]/C
  -------------------------------------------------------------------    -------------------
    SLICE_X10Y143        FDRE (Prop_HFF2_SLICEM_C_Q)
                                                      0.114     4.508 r  system_i/ImageRenderHLS_1/inst/grp_Render_fu_346/grp_RenderTiledFragBuff2_Uniforms_InTextures_OutTextures_s_fu_482/ap_CS_fsm_reg[86]/Q
                         net (fo=986, routed)         4.009     8.517    system_i/ImageRenderHLS_1/inst/grp_Render_fu_346/grp_RenderTiledFragBuff2_Uniforms_InTextures_OutTextures_s_fu_482/grp_render_tile_Fragment_Uniforms_InTextures_s_fu_661/grp_draw_triangle_InTextures_Uniforms_Fragment_s_fu_499/grp_draw_triangle_Pipeline_draw_triangle_y_loop_draw_triangle_x_loop_fu_378/ram_reg_bram_6[3]
    SLICE_X7Y102         LUT6 (Prop_C6LUT_SLICEM_I4_O)
                                                      0.186     8.703 r  system_i/ImageRenderHLS_1/inst/grp_Render_fu_346/grp_RenderTiledFragBuff2_Uniforms_InTextures_OutTextures_s_fu_482/grp_render_tile_Fragment_Uniforms_InTextures_s_fu_661/grp_draw_triangle_InTextures_Uniforms_Fragment_s_fu_499/grp_draw_triangle_Pipeline_draw_triangle_y_loop_draw_triangle_x_loop_fu_378/din0_buf1[19]_i_1__14/O
                         net (fo=1, routed)           0.095     8.798    system_i/ImageRenderHLS_1/inst/grp_Render_fu_346/grp_RenderTiledFragBuff2_Uniforms_InTextures_OutTextures_s_fu_482/sitofp_32ns_32_6_no_dsp_1_U447/din0[19]
    SLICE_X7Y102         FDRE                                         r  system_i/ImageRenderHLS_1/inst/grp_Render_fu_346/grp_RenderTiledFragBuff2_Uniforms_InTextures_OutTextures_s_fu_482/sitofp_32ns_32_6_no_dsp_1_U447/din0_buf1_reg[19]/D
  -------------------------------------------------------------------    -------------------

                         (clock clk_out2_system_clk_wiz_0_0 rise edge)
                                                      5.000     5.000 r  
    BUFG_PS_X0Y81        BUFG_PS                      0.000     5.000 r  system_i/zynq_ultra_ps_e_0/inst/buffer_pl_clk_0.PL_CLK_0_BUFG/O
                         net (fo=1, routed)           1.458     6.458    system_i/clk_wiz_0/inst/clk_in1
    MMCM_X0Y3            MMCME4_ADV (Prop_MMCM_CLKIN1_CLKOUT1)
                                                      0.739     7.197 r  system_i/clk_wiz_0/inst/mmcme4_adv_inst/CLKOUT1
                         net (fo=1, routed)           0.312     7.509    system_i/clk_wiz_0/inst/clk_out2_system_clk_wiz_0_0
    BUFGCE_X0Y76         BUFGCE (Prop_BUFCE_BUFGCE_I_O)
                                                      0.039     7.548 r  system_i/clk_wiz_0/inst/clkout2_buf/O
    X1Y2 (CLOCK_ROOT)    net (fo=50751, routed)       2.256     9.804    system_i/ImageRenderHLS_1/inst/grp_Render_fu_346/grp_RenderTiledFragBuff2_Uniforms_InTextures_OutTextures_s_fu_482/sitofp_32ns_32_6_no_dsp_1_U447/ap_clk
    SLICE_X7Y102         FDRE                                         r  system_i/ImageRenderHLS_1/inst/grp_Render_fu_346/grp_RenderTiledFragBuff2_Uniforms_InTextures_OutTextures_s_fu_482/sitofp_32ns_32_6_no_dsp_1_U447/din0_buf1_reg[19]/C
                         clock pessimism             -0.557     9.247    
                         clock uncertainty           -0.062     9.185    
    SLICE_X7Y102         FDRE (Setup_CFF_SLICEM_C_D)
                                                      0.043     9.228    system_i/ImageRenderHLS_1/inst/grp_Render_fu_346/grp_RenderTiledFragBuff2_Uniforms_InTextures_OutTextures_s_fu_482/sitofp_32ns_32_6_no_dsp_1_U447/din0_buf1_reg[19]
  -------------------------------------------------------------------
                         required time                          9.228    
                         arrival time                          -8.798    
  -------------------------------------------------------------------
                         slack                                  0.430    

Slack (MET) :             0.445ns  (required time - arrival time)
  Source:                 system_i/ImageRenderHLS_1/inst/grp_Render_fu_346/grp_RenderTiledFragBuff2_Uniforms_InTextures_OutTextures_s_fu_482/ap_CS_fsm_reg[86]/C
                            (rising edge-triggered cell FDRE clocked by clk_out2_system_clk_wiz_0_0  {rise@0.000ns fall@2.500ns period=5.000ns})
  Destination:            system_i/ImageRenderHLS_1/inst/grp_Render_fu_346/grp_RenderTiledFragBuff2_Uniforms_InTextures_OutTextures_s_fu_482/sitofp_32ns_32_6_no_dsp_1_U447/din0_buf1_reg[4]/D
                            (rising edge-triggered cell FDRE clocked by clk_out2_system_clk_wiz_0_0  {rise@0.000ns fall@2.500ns period=5.000ns})
  Path Group:             clk_out2_system_clk_wiz_0_0
  Path Type:              Setup (Max at Slow Process Corner)
  Requirement:            5.000ns  (clk_out2_system_clk_wiz_0_0 rise@5.000ns - clk_out2_system_clk_wiz_0_0 rise@0.000ns)
  Data Path Delay:        4.389ns  (logic 0.302ns (6.881%)  route 4.087ns (93.119%))
  Logic Levels:           1  (LUT6=1)
  Clock Path Skew:        -0.147ns (DCD - SCD + CPR)
    Destination Clock Delay (DCD):    4.804ns = ( 9.804 - 5.000 ) 
    Source Clock Delay      (SCD):    4.394ns
    Clock Pessimism Removal (CPR):    -0.557ns
  Clock Uncertainty:      0.062ns  ((TSJ^2 + DJ^2)^1/2) / 2 + PE
    Total System Jitter     (TSJ):    0.071ns
    Discrete Jitter          (DJ):    0.102ns
    Phase Error              (PE):    0.000ns
  Clock Net Delay (Source):      2.487ns (routing 0.962ns, distribution 1.525ns)
  Clock Net Delay (Destination): 2.256ns (routing 0.881ns, distribution 1.375ns)

    Location             Delay type                Incr(ns)  Path(ns)    Netlist Resource(s)
  -------------------------------------------------------------------    -------------------
                         (clock clk_out2_system_clk_wiz_0_0 rise edge)
                                                      0.000     0.000 r  
    BUFG_PS_X0Y81        BUFG_PS                      0.000     0.000 r  system_i/zynq_ultra_ps_e_0/inst/buffer_pl_clk_0.PL_CLK_0_BUFG/O
                         net (fo=1, routed)           1.611     1.611    system_i/clk_wiz_0/inst/clk_in1
    MMCM_X0Y3            MMCME4_ADV (Prop_MMCM_CLKIN1_CLKOUT1)
                                                     -0.103     1.508 r  system_i/clk_wiz_0/inst/mmcme4_adv_inst/CLKOUT1
                         net (fo=1, routed)           0.355     1.863    system_i/clk_wiz_0/inst/clk_out2_system_clk_wiz_0_0
    BUFGCE_X0Y76         BUFGCE (Prop_BUFCE_BUFGCE_I_O)
                                                      0.044     1.907 r  system_i/clk_wiz_0/inst/clkout2_buf/O
    X1Y2 (CLOCK_ROOT)    net (fo=50751, routed)       2.487     4.394    system_i/ImageRenderHLS_1/inst/grp_Render_fu_346/grp_RenderTiledFragBuff2_Uniforms_InTextures_OutTextures_s_fu_482/ap_clk
    SLICE_X10Y143        FDRE                                         r  system_i/ImageRenderHLS_1/inst/grp_Render_fu_346/grp_RenderTiledFragBuff2_Uniforms_InTextures_OutTextures_s_fu_482/ap_CS_fsm_reg[86]/C
  -------------------------------------------------------------------    -------------------
    SLICE_X10Y143        FDRE (Prop_HFF2_SLICEM_C_Q)
                                                      0.114     4.508 r  system_i/ImageRenderHLS_1/inst/grp_Render_fu_346/grp_RenderTiledFragBuff2_Uniforms_InTextures_OutTextures_s_fu_482/ap_CS_fsm_reg[86]/Q
                         net (fo=986, routed)         4.006     8.514    system_i/ImageRenderHLS_1/inst/grp_Render_fu_346/grp_RenderTiledFragBuff2_Uniforms_InTextures_OutTextures_s_fu_482/grp_render_tile_Fragment_Uniforms_InTextures_s_fu_661/grp_draw_triangle_InTextures_Uniforms_Fragment_s_fu_499/grp_draw_triangle_Pipeline_draw_triangle_y_loop_draw_triangle_x_loop_fu_378/ram_reg_bram_6[3]
    SLICE_X7Y102         LUT6 (Prop_B6LUT_SLICEM_I4_O)
                                                      0.188     8.702 r  system_i/ImageRenderHLS_1/inst/grp_Render_fu_346/grp_RenderTiledFragBuff2_Uniforms_InTextures_OutTextures_s_fu_482/grp_render_tile_Fragment_Uniforms_InTextures_s_fu_661/grp_draw_triangle_InTextures_Uniforms_Fragment_s_fu_499/grp_draw_triangle_Pipeline_draw_triangle_y_loop_draw_triangle_x_loop_fu_378/din0_buf1[4]_i_1__14/O
                         net (fo=1, routed)           0.081     8.783    system_i/ImageRenderHLS_1/inst/grp_Render_fu_346/grp_RenderTiledFragBuff2_Uniforms_InTextures_OutTextures_s_fu_482/sitofp_32ns_32_6_no_dsp_1_U447/din0[4]
    SLICE_X7Y102         FDRE                                         r  system_i/ImageRenderHLS_1/inst/grp_Render_fu_346/grp_RenderTiledFragBuff2_Uniforms_InTextures_OutTextures_s_fu_482/sitofp_32ns_32_6_no_dsp_1_U447/din0_buf1_reg[4]/D
  -------------------------------------------------------------------    -------------------

                         (clock clk_out2_system_clk_wiz_0_0 rise edge)
                                                      5.000     5.000 r  
    BUFG_PS_X0Y81        BUFG_PS                      0.000     5.000 r  system_i/zynq_ultra_ps_e_0/inst/buffer_pl_clk_0.PL_CLK_0_BUFG/O
                         net (fo=1, routed)           1.458     6.458    system_i/clk_wiz_0/inst/clk_in1
    MMCM_X0Y3            MMCME4_ADV (Prop_MMCM_CLKIN1_CLKOUT1)
                                                      0.739     7.197 r  system_i/clk_wiz_0/inst/mmcme4_adv_inst/CLKOUT1
                         net (fo=1, routed)           0.312     7.509    system_i/clk_wiz_0/inst/clk_out2_system_clk_wiz_0_0
    BUFGCE_X0Y76         BUFGCE (Prop_BUFCE_BUFGCE_I_O)
                                                      0.039     7.548 r  system_i/clk_wiz_0/inst/clkout2_buf/O
    X1Y2 (CLOCK_ROOT)    net (fo=50751, routed)       2.256     9.804    system_i/ImageRenderHLS_1/inst/grp_Render_fu_346/grp_RenderTiledFragBuff2_Uniforms_InTextures_OutTextures_s_fu_482/sitofp_32ns_32_6_no_dsp_1_U447/ap_clk
    SLICE_X7Y102         FDRE                                         r  system_i/ImageRenderHLS_1/inst/grp_Render_fu_346/grp_RenderTiledFragBuff2_Uniforms_InTextures_OutTextures_s_fu_482/sitofp_32ns_32_6_no_dsp_1_U447/din0_buf1_reg[4]/C
                         clock pessimism             -0.557     9.247    
                         clock uncertainty           -0.062     9.185    
    SLICE_X7Y102         FDRE (Setup_BFF_SLICEM_C_D)
                                                      0.043     9.228    system_i/ImageRenderHLS_1/inst/grp_Render_fu_346/grp_RenderTiledFragBuff2_Uniforms_InTextures_OutTextures_s_fu_482/sitofp_32ns_32_6_no_dsp_1_U447/din0_buf1_reg[4]
  -------------------------------------------------------------------
                         required time                          9.228    
                         arrival time                          -8.783    
  -------------------------------------------------------------------
                         slack                                  0.445    

Slack (MET) :             0.506ns  (required time - arrival time)
  Source:                 system_i/ImageRenderHLS_1/inst/gmem0_m_axi_U/load_unit_0/buff_rdata/U_fifo_mem/mem_reg/CLKARDCLK
                            (rising edge-triggered cell RAMB18E2 clocked by clk_out2_system_clk_wiz_0_0  {rise@0.000ns fall@2.500ns period=5.000ns})
  Destination:            system_i/ImageRenderHLS_1/inst/grp_Render_fu_346/grp_RenderTiledFragBuff2_Uniforms_InTextures_OutTextures_s_fu_482/grp_get_triangles_BufferViewBase_BufferViewBase_Uniforms_s_fu_605/reg_1189_reg[23]/D
                            (rising edge-triggered cell FDRE clocked by clk_out2_system_clk_wiz_0_0  {rise@0.000ns fall@2.500ns period=5.000ns})
  Path Group:             clk_out2_system_clk_wiz_0_0
  Path Type:              Setup (Max at Slow Process Corner)
  Requirement:            5.000ns  (clk_out2_system_clk_wiz_0_0 rise@5.000ns - clk_out2_system_clk_wiz_0_0 rise@0.000ns)
  Data Path Delay:        4.169ns  (logic 1.213ns (29.095%)  route 2.956ns (70.905%))
  Logic Levels:           0  
  Clock Path Skew:        -0.309ns (DCD - SCD + CPR)
    Destination Clock Delay (DCD):    4.615ns = ( 9.615 - 5.000 ) 
    Source Clock Delay      (SCD):    4.364ns
    Clock Pessimism Removal (CPR):    -0.560ns
  Clock Uncertainty:      0.062ns  ((TSJ^2 + DJ^2)^1/2) / 2 + PE
    Total System Jitter     (TSJ):    0.071ns
    Discrete Jitter          (DJ):    0.102ns
    Phase Error              (PE):    0.000ns
  Clock Net Delay (Source):      2.457ns (routing 0.962ns, distribution 1.495ns)
  Clock Net Delay (Destination): 2.067ns (routing 0.881ns, distribution 1.186ns)

    Location             Delay type                Incr(ns)  Path(ns)    Netlist Resource(s)
  -------------------------------------------------------------------    -------------------
                         (clock clk_out2_system_clk_wiz_0_0 rise edge)
                                                      0.000     0.000 r  
    BUFG_PS_X0Y81        BUFG_PS                      0.000     0.000 r  system_i/zynq_ultra_ps_e_0/inst/buffer_pl_clk_0.PL_CLK_0_BUFG/O
                         net (fo=1, routed)           1.611     1.611    system_i/clk_wiz_0/inst/clk_in1
    MMCM_X0Y3            MMCME4_ADV (Prop_MMCM_CLKIN1_CLKOUT1)
                                                     -0.103     1.508 r  system_i/clk_wiz_0/inst/mmcme4_adv_inst/CLKOUT1
                         net (fo=1, routed)           0.355     1.863    system_i/clk_wiz_0/inst/clk_out2_system_clk_wiz_0_0
    BUFGCE_X0Y76         BUFGCE (Prop_BUFCE_BUFGCE_I_O)
                                                      0.044     1.907 r  system_i/clk_wiz_0/inst/clkout2_buf/O
    X1Y2 (CLOCK_ROOT)    net (fo=50751, routed)       2.457     4.364    system_i/ImageRenderHLS_1/inst/gmem0_m_axi_U/load_unit_0/buff_rdata/U_fifo_mem/ap_clk
    RAMB18_X0Y76         RAMB18E2                                     r  system_i/ImageRenderHLS_1/inst/gmem0_m_axi_U/load_unit_0/buff_rdata/U_fifo_mem/mem_reg/CLKARDCLK
  -------------------------------------------------------------------    -------------------
    RAMB18_X0Y76         RAMB18E2 (Prop_RAMB18E2_L_RAMB180_CLKARDCLK_DOUTBDOUT[7])
                                                      1.213     5.577 r  system_i/ImageRenderHLS_1/inst/gmem0_m_axi_U/load_unit_0/buff_rdata/U_fifo_mem/mem_reg/DOUTBDOUT[7]
                         net (fo=4, routed)           2.956     8.533    system_i/ImageRenderHLS_1/inst/grp_Render_fu_346/grp_RenderTiledFragBuff2_Uniforms_InTextures_OutTextures_s_fu_482/grp_get_triangles_BufferViewBase_BufferViewBase_Uniforms_s_fu_605/reg_1193_reg[31]_0[23]
    SLICE_X37Y122        FDRE                                         r  system_i/ImageRenderHLS_1/inst/grp_Render_fu_346/grp_RenderTiledFragBuff2_Uniforms_InTextures_OutTextures_s_fu_482/grp_get_triangles_BufferViewBase_BufferViewBase_Uniforms_s_fu_605/reg_1189_reg[23]/D
  -------------------------------------------------------------------    -------------------

                         (clock clk_out2_system_clk_wiz_0_0 rise edge)
                                                      5.000     5.000 r  
    BUFG_PS_X0Y81        BUFG_PS                      0.000     5.000 r  system_i/zynq_ultra_ps_e_0/inst/buffer_pl_clk_0.PL_CLK_0_BUFG/O
                         net (fo=1, routed)           1.458     6.458    system_i/clk_wiz_0/inst/clk_in1
    MMCM_X0Y3            MMCME4_ADV (Prop_MMCM_CLKIN1_CLKOUT1)
                                                      0.739     7.197 r  system_i/clk_wiz_0/inst/mmcme4_adv_inst/CLKOUT1
                         net (fo=1, routed)           0.312     7.509    system_i/clk_wiz_0/inst/clk_out2_system_clk_wiz_0_0
    BUFGCE_X0Y76         BUFGCE (Prop_BUFCE_BUFGCE_I_O)
                                                      0.039     7.548 r  system_i/clk_wiz_0/inst/clkout2_buf/O
    X1Y2 (CLOCK_ROOT)    net (fo=50751, routed)       2.067     9.615    system_i/ImageRenderHLS_1/inst/grp_Render_fu_346/grp_RenderTiledFragBuff2_Uniforms_InTextures_OutTextures_s_fu_482/grp_get_triangles_BufferViewBase_BufferViewBase_Uniforms_s_fu_605/ap_clk
    SLICE_X37Y122        FDRE                                         r  system_i/ImageRenderHLS_1/inst/grp_Render_fu_346/grp_RenderTiledFragBuff2_Uniforms_InTextures_OutTextures_s_fu_482/grp_get_triangles_BufferViewBase_BufferViewBase_Uniforms_s_fu_605/reg_1189_reg[23]/C
                         clock pessimism             -0.560     9.055    
                         clock uncertainty           -0.062     8.993    
    SLICE_X37Y122        FDRE (Setup_GFF2_SLICEM_C_D)
                                                      0.046     9.039    system_i/ImageRenderHLS_1/inst/grp_Render_fu_346/grp_RenderTiledFragBuff2_Uniforms_InTextures_OutTextures_s_fu_482/grp_get_triangles_BufferViewBase_BufferViewBase_Uniforms_s_fu_605/reg_1189_reg[23]
  -------------------------------------------------------------------
                         required time                          9.039    
                         arrival time                          -8.533    
  -------------------------------------------------------------------
                         slack                                  0.506    

Slack (MET) :             0.528ns  (required time - arrival time)
  Source:                 system_i/ImageRenderHLS_1/inst/grp_Render_fu_346/ap_CS_fsm_reg[30]/C
                            (rising edge-triggered cell FDRE clocked by clk_out2_system_clk_wiz_0_0  {rise@0.000ns fall@2.500ns period=5.000ns})
  Destination:            system_i/ImageRenderHLS_1/inst/grp_Render_fu_346/uniforms_pose_matrix_11_reg_940_reg[31]/CE
                            (rising edge-triggered cell FDRE clocked by clk_out2_system_clk_wiz_0_0  {rise@0.000ns fall@2.500ns period=5.000ns})
  Path Group:             clk_out2_system_clk_wiz_0_0
  Path Type:              Setup (Max at Slow Process Corner)
  Requirement:            5.000ns  (clk_out2_system_clk_wiz_0_0 rise@5.000ns - clk_out2_system_clk_wiz_0_0 rise@0.000ns)
  Data Path Delay:        4.241ns  (logic 0.114ns (2.688%)  route 4.127ns (97.312%))
  Logic Levels:           0  
  Clock Path Skew:        -0.090ns (DCD - SCD + CPR)
    Destination Clock Delay (DCD):    4.754ns = ( 9.754 - 5.000 ) 
    Source Clock Delay      (SCD):    4.342ns
    Clock Pessimism Removal (CPR):    -0.502ns
  Clock Uncertainty:      0.062ns  ((TSJ^2 + DJ^2)^1/2) / 2 + PE
    Total System Jitter     (TSJ):    0.071ns
    Discrete Jitter          (DJ):    0.102ns
    Phase Error              (PE):    0.000ns
  Clock Net Delay (Source):      2.435ns (routing 0.962ns, distribution 1.473ns)
  Clock Net Delay (Destination): 2.206ns (routing 0.881ns, distribution 1.325ns)

    Location             Delay type                Incr(ns)  Path(ns)    Netlist Resource(s)
  -------------------------------------------------------------------    -------------------
                         (clock clk_out2_system_clk_wiz_0_0 rise edge)
                                                      0.000     0.000 r  
    BUFG_PS_X0Y81        BUFG_PS                      0.000     0.000 r  system_i/zynq_ultra_ps_e_0/inst/buffer_pl_clk_0.PL_CLK_0_BUFG/O
                         net (fo=1, routed)           1.611     1.611    system_i/clk_wiz_0/inst/clk_in1
    MMCM_X0Y3            MMCME4_ADV (Prop_MMCM_CLKIN1_CLKOUT1)
                                                     -0.103     1.508 r  system_i/clk_wiz_0/inst/mmcme4_adv_inst/CLKOUT1
                         net (fo=1, routed)           0.355     1.863    system_i/clk_wiz_0/inst/clk_out2_system_clk_wiz_0_0
    BUFGCE_X0Y76         BUFGCE (Prop_BUFCE_BUFGCE_I_O)
                                                      0.044     1.907 r  system_i/clk_wiz_0/inst/clkout2_buf/O
    X1Y2 (CLOCK_ROOT)    net (fo=50751, routed)       2.435     4.342    system_i/ImageRenderHLS_1/inst/grp_Render_fu_346/ap_clk
    SLICE_X22Y131        FDRE                                         r  system_i/ImageRenderHLS_1/inst/grp_Render_fu_346/ap_CS_fsm_reg[30]/C
  -------------------------------------------------------------------    -------------------
    SLICE_X22Y131        FDRE (Prop_AFF_SLICEL_C_Q)
                                                      0.114     4.456 r  system_i/ImageRenderHLS_1/inst/grp_Render_fu_346/ap_CS_fsm_reg[30]/Q
                         net (fo=231, routed)         4.127     8.583    system_i/ImageRenderHLS_1/inst/grp_Render_fu_346/ap_CS_fsm_state31
    SLICE_X49Y130        FDRE                                         r  system_i/ImageRenderHLS_1/inst/grp_Render_fu_346/uniforms_pose_matrix_11_reg_940_reg[31]/CE
  -------------------------------------------------------------------    -------------------

                         (clock clk_out2_system_clk_wiz_0_0 rise edge)
                                                      5.000     5.000 r  
    BUFG_PS_X0Y81        BUFG_PS                      0.000     5.000 r  system_i/zynq_ultra_ps_e_0/inst/buffer_pl_clk_0.PL_CLK_0_BUFG/O
                         net (fo=1, routed)           1.458     6.458    system_i/clk_wiz_0/inst/clk_in1
    MMCM_X0Y3            MMCME4_ADV (Prop_MMCM_CLKIN1_CLKOUT1)
                                                      0.739     7.197 r  system_i/clk_wiz_0/inst/mmcme4_adv_inst/CLKOUT1
                         net (fo=1, routed)           0.312     7.509    system_i/clk_wiz_0/inst/clk_out2_system_clk_wiz_0_0
    BUFGCE_X0Y76         BUFGCE (Prop_BUFCE_BUFGCE_I_O)
                                                      0.039     7.548 r  system_i/clk_wiz_0/inst/clkout2_buf/O
    X1Y2 (CLOCK_ROOT)    net (fo=50751, routed)       2.206     9.754    system_i/ImageRenderHLS_1/inst/grp_Render_fu_346/ap_clk
    SLICE_X49Y130        FDRE                                         r  system_i/ImageRenderHLS_1/inst/grp_Render_fu_346/uniforms_pose_matrix_11_reg_940_reg[31]/C
                         clock pessimism             -0.502     9.252    
                         clock uncertainty           -0.062     9.190    
    SLICE_X49Y130        FDRE (Setup_AFF_SLICEL_C_CE)
                                                     -0.079     9.111    system_i/ImageRenderHLS_1/inst/grp_Render_fu_346/uniforms_pose_matrix_11_reg_940_reg[31]
  -------------------------------------------------------------------
                         required time                          9.111    
                         arrival time                          -8.583    
  -------------------------------------------------------------------
                         slack                                  0.528    

Slack (MET) :             0.546ns  (required time - arrival time)
  Source:                 system_i/ImageRenderHLS_1/inst/gmem0_m_axi_U/load_unit_0/buff_rdata/U_fifo_mem/mem_reg/CLKARDCLK
                            (rising edge-triggered cell RAMB18E2 clocked by clk_out2_system_clk_wiz_0_0  {rise@0.000ns fall@2.500ns period=5.000ns})
  Destination:            system_i/ImageRenderHLS_1/inst/grp_Render_fu_346/grp_RenderTiledFragBuff2_Uniforms_InTextures_OutTextures_s_fu_482/grp_get_triangles_BufferViewBase_BufferViewBase_Uniforms_s_fu_605/reg_1197_reg[23]/D
                            (rising edge-triggered cell FDRE clocked by clk_out2_system_clk_wiz_0_0  {rise@0.000ns fall@2.500ns period=5.000ns})
  Path Group:             clk_out2_system_clk_wiz_0_0
  Path Type:              Setup (Max at Slow Process Corner)
  Requirement:            5.000ns  (clk_out2_system_clk_wiz_0_0 rise@5.000ns - clk_out2_system_clk_wiz_0_0 rise@0.000ns)
  Data Path Delay:        4.128ns  (logic 1.213ns (29.384%)  route 2.915ns (70.616%))
  Logic Levels:           0  
  Clock Path Skew:        -0.309ns (DCD - SCD + CPR)
    Destination Clock Delay (DCD):    4.615ns = ( 9.615 - 5.000 ) 
    Source Clock Delay      (SCD):    4.364ns
    Clock Pessimism Removal (CPR):    -0.560ns
  Clock Uncertainty:      0.062ns  ((TSJ^2 + DJ^2)^1/2) / 2 + PE
    Total System Jitter     (TSJ):    0.071ns
    Discrete Jitter          (DJ):    0.102ns
    Phase Error              (PE):    0.000ns
  Clock Net Delay (Source):      2.457ns (routing 0.962ns, distribution 1.495ns)
  Clock Net Delay (Destination): 2.067ns (routing 0.881ns, distribution 1.186ns)

    Location             Delay type                Incr(ns)  Path(ns)    Netlist Resource(s)
  -------------------------------------------------------------------    -------------------
                         (clock clk_out2_system_clk_wiz_0_0 rise edge)
                                                      0.000     0.000 r  
    BUFG_PS_X0Y81        BUFG_PS                      0.000     0.000 r  system_i/zynq_ultra_ps_e_0/inst/buffer_pl_clk_0.PL_CLK_0_BUFG/O
                         net (fo=1, routed)           1.611     1.611    system_i/clk_wiz_0/inst/clk_in1
    MMCM_X0Y3            MMCME4_ADV (Prop_MMCM_CLKIN1_CLKOUT1)
                                                     -0.103     1.508 r  system_i/clk_wiz_0/inst/mmcme4_adv_inst/CLKOUT1
                         net (fo=1, routed)           0.355     1.863    system_i/clk_wiz_0/inst/clk_out2_system_clk_wiz_0_0
    BUFGCE_X0Y76         BUFGCE (Prop_BUFCE_BUFGCE_I_O)
                                                      0.044     1.907 r  system_i/clk_wiz_0/inst/clkout2_buf/O
    X1Y2 (CLOCK_ROOT)    net (fo=50751, routed)       2.457     4.364    system_i/ImageRenderHLS_1/inst/gmem0_m_axi_U/load_unit_0/buff_rdata/U_fifo_mem/ap_clk
    RAMB18_X0Y76         RAMB18E2                                     r  system_i/ImageRenderHLS_1/inst/gmem0_m_axi_U/load_unit_0/buff_rdata/U_fifo_mem/mem_reg/CLKARDCLK
  -------------------------------------------------------------------    -------------------
    RAMB18_X0Y76         RAMB18E2 (Prop_RAMB18E2_L_RAMB180_CLKARDCLK_DOUTBDOUT[7])
                                                      1.213     5.577 r  system_i/ImageRenderHLS_1/inst/gmem0_m_axi_U/load_unit_0/buff_rdata/U_fifo_mem/mem_reg/DOUTBDOUT[7]
                         net (fo=4, routed)           2.915     8.492    system_i/ImageRenderHLS_1/inst/grp_Render_fu_346/grp_RenderTiledFragBuff2_Uniforms_InTextures_OutTextures_s_fu_482/grp_get_triangles_BufferViewBase_BufferViewBase_Uniforms_s_fu_605/reg_1193_reg[31]_0[23]
    SLICE_X37Y122        FDRE                                         r  system_i/ImageRenderHLS_1/inst/grp_Render_fu_346/grp_RenderTiledFragBuff2_Uniforms_InTextures_OutTextures_s_fu_482/grp_get_triangles_BufferViewBase_BufferViewBase_Uniforms_s_fu_605/reg_1197_reg[23]/D
  -------------------------------------------------------------------    -------------------

                         (clock clk_out2_system_clk_wiz_0_0 rise edge)
                                                      5.000     5.000 r  
    BUFG_PS_X0Y81        BUFG_PS                      0.000     5.000 r  system_i/zynq_ultra_ps_e_0/inst/buffer_pl_clk_0.PL_CLK_0_BUFG/O
                         net (fo=1, routed)           1.458     6.458    system_i/clk_wiz_0/inst/clk_in1
    MMCM_X0Y3            MMCME4_ADV (Prop_MMCM_CLKIN1_CLKOUT1)
                                                      0.739     7.197 r  system_i/clk_wiz_0/inst/mmcme4_adv_inst/CLKOUT1
                         net (fo=1, routed)           0.312     7.509    system_i/clk_wiz_0/inst/clk_out2_system_clk_wiz_0_0
    BUFGCE_X0Y76         BUFGCE (Prop_BUFCE_BUFGCE_I_O)
                                                      0.039     7.548 r  system_i/clk_wiz_0/inst/clkout2_buf/O
    X1Y2 (CLOCK_ROOT)    net (fo=50751, routed)       2.067     9.615    system_i/ImageRenderHLS_1/inst/grp_Render_fu_346/grp_RenderTiledFragBuff2_Uniforms_InTextures_OutTextures_s_fu_482/grp_get_triangles_BufferViewBase_BufferViewBase_Uniforms_s_fu_605/ap_clk
    SLICE_X37Y122        FDRE                                         r  system_i/ImageRenderHLS_1/inst/grp_Render_fu_346/grp_RenderTiledFragBuff2_Uniforms_InTextures_OutTextures_s_fu_482/grp_get_triangles_BufferViewBase_BufferViewBase_Uniforms_s_fu_605/reg_1197_reg[23]/C
                         clock pessimism             -0.560     9.055    
                         clock uncertainty           -0.062     8.993    
    SLICE_X37Y122        FDRE (Setup_DFF2_SLICEM_C_D)
                                                      0.045     9.038    system_i/ImageRenderHLS_1/inst/grp_Render_fu_346/grp_RenderTiledFragBuff2_Uniforms_InTextures_OutTextures_s_fu_482/grp_get_triangles_BufferViewBase_BufferViewBase_Uniforms_s_fu_605/reg_1197_reg[23]
  -------------------------------------------------------------------
                         required time                          9.038    
                         arrival time                          -8.492    
  -------------------------------------------------------------------
                         slack                                  0.546    

Slack (MET) :             0.559ns  (required time - arrival time)
  Source:                 system_i/ImageRenderHLS_1/inst/grp_Render_fu_346/grp_RenderTiledFragBuff2_Uniforms_InTextures_OutTextures_s_fu_482/grp_render_tile_Fragment_Uniforms_InTextures_s_fu_661/grp_draw_triangle_InTextures_Uniforms_Fragment_s_fu_499/ap_CS_fsm_reg[37]/C
                            (rising edge-triggered cell FDRE clocked by clk_out2_system_clk_wiz_0_0  {rise@0.000ns fall@2.500ns period=5.000ns})
  Destination:            system_i/ImageRenderHLS_1/inst/grp_Render_fu_346/grp_RenderTiledFragBuff2_Uniforms_InTextures_OutTextures_s_fu_482/grp_render_tile_Fragment_Uniforms_InTextures_s_fu_661/grp_draw_triangle_InTextures_Uniforms_Fragment_s_fu_499/mul_ln358_reg_2471_reg__0/DSP_OUTPUT_INST/CEP
                            (rising edge-triggered cell DSP_OUTPUT clocked by clk_out2_system_clk_wiz_0_0  {rise@0.000ns fall@2.500ns period=5.000ns})
  Path Group:             clk_out2_system_clk_wiz_0_0
  Path Type:              Setup (Max at Slow Process Corner)
  Requirement:            5.000ns  (clk_out2_system_clk_wiz_0_0 rise@5.000ns - clk_out2_system_clk_wiz_0_0 rise@0.000ns)
  Data Path Delay:        3.847ns  (logic 0.116ns (3.015%)  route 3.731ns (96.985%))
  Logic Levels:           0  
  Clock Path Skew:        -0.137ns (DCD - SCD + CPR)
    Destination Clock Delay (DCD):    4.829ns = ( 9.829 - 5.000 ) 
    Source Clock Delay      (SCD):    4.409ns
    Clock Pessimism Removal (CPR):    -0.557ns
  Clock Uncertainty:      0.062ns  ((TSJ^2 + DJ^2)^1/2) / 2 + PE
    Total System Jitter     (TSJ):    0.071ns
    Discrete Jitter          (DJ):    0.102ns
    Phase Error              (PE):    0.000ns
  Clock Net Delay (Source):      2.502ns (routing 0.962ns, distribution 1.540ns)
  Clock Net Delay (Destination): 2.281ns (routing 0.881ns, distribution 1.400ns)

    Location             Delay type                Incr(ns)  Path(ns)    Netlist Resource(s)
  -------------------------------------------------------------------    -------------------
                         (clock clk_out2_system_clk_wiz_0_0 rise edge)
                                                      0.000     0.000 r  
    BUFG_PS_X0Y81        BUFG_PS                      0.000     0.000 r  system_i/zynq_ultra_ps_e_0/inst/buffer_pl_clk_0.PL_CLK_0_BUFG/O
                         net (fo=1, routed)           1.611     1.611    system_i/clk_wiz_0/inst/clk_in1
    MMCM_X0Y3            MMCME4_ADV (Prop_MMCM_CLKIN1_CLKOUT1)
                                                     -0.103     1.508 r  system_i/clk_wiz_0/inst/mmcme4_adv_inst/CLKOUT1
                         net (fo=1, routed)           0.355     1.863    system_i/clk_wiz_0/inst/clk_out2_system_clk_wiz_0_0
    BUFGCE_X0Y76         BUFGCE (Prop_BUFCE_BUFGCE_I_O)
                                                      0.044     1.907 r  system_i/clk_wiz_0/inst/clkout2_buf/O
    X1Y2 (CLOCK_ROOT)    net (fo=50751, routed)       2.502     4.409    system_i/ImageRenderHLS_1/inst/grp_Render_fu_346/grp_RenderTiledFragBuff2_Uniforms_InTextures_OutTextures_s_fu_482/grp_render_tile_Fragment_Uniforms_InTextures_s_fu_661/grp_draw_triangle_InTextures_Uniforms_Fragment_s_fu_499/ap_clk
    SLICE_X4Y135         FDRE                                         r  system_i/ImageRenderHLS_1/inst/grp_Render_fu_346/grp_RenderTiledFragBuff2_Uniforms_InTextures_OutTextures_s_fu_482/grp_render_tile_Fragment_Uniforms_InTextures_s_fu_661/grp_draw_triangle_InTextures_Uniforms_Fragment_s_fu_499/ap_CS_fsm_reg[37]/C
  -------------------------------------------------------------------    -------------------
    SLICE_X4Y135         FDRE (Prop_CFF_SLICEM_C_Q)
                                                      0.116     4.525 r  system_i/ImageRenderHLS_1/inst/grp_Render_fu_346/grp_RenderTiledFragBuff2_Uniforms_InTextures_OutTextures_s_fu_482/grp_render_tile_Fragment_Uniforms_InTextures_s_fu_661/grp_draw_triangle_InTextures_Uniforms_Fragment_s_fu_499/ap_CS_fsm_reg[37]/Q
                         net (fo=106, routed)         3.731     8.256    system_i/ImageRenderHLS_1/inst/grp_Render_fu_346/grp_RenderTiledFragBuff2_Uniforms_InTextures_OutTextures_s_fu_482/grp_render_tile_Fragment_Uniforms_InTextures_s_fu_661/grp_draw_triangle_InTextures_Uniforms_Fragment_s_fu_499/mul_ln358_reg_2471_reg__0/CEP
    DSP48E2_X0Y47        DSP_OUTPUT                                   r  system_i/ImageRenderHLS_1/inst/grp_Render_fu_346/grp_RenderTiledFragBuff2_Uniforms_InTextures_OutTextures_s_fu_482/grp_render_tile_Fragment_Uniforms_InTextures_s_fu_661/grp_draw_triangle_InTextures_Uniforms_Fragment_s_fu_499/mul_ln358_reg_2471_reg__0/DSP_OUTPUT_INST/CEP
  -------------------------------------------------------------------    -------------------

                         (clock clk_out2_system_clk_wiz_0_0 rise edge)
                                                      5.000     5.000 r  
    BUFG_PS_X0Y81        BUFG_PS                      0.000     5.000 r  system_i/zynq_ultra_ps_e_0/inst/buffer_pl_clk_0.PL_CLK_0_BUFG/O
                         net (fo=1, routed)           1.458     6.458    system_i/clk_wiz_0/inst/clk_in1
    MMCM_X0Y3            MMCME4_ADV (Prop_MMCM_CLKIN1_CLKOUT1)
                                                      0.739     7.197 r  system_i/clk_wiz_0/inst/mmcme4_adv_inst/CLKOUT1
                         net (fo=1, routed)           0.312     7.509    system_i/clk_wiz_0/inst/clk_out2_system_clk_wiz_0_0
    BUFGCE_X0Y76         BUFGCE (Prop_BUFCE_BUFGCE_I_O)
                                                      0.039     7.548 r  system_i/clk_wiz_0/inst/clkout2_buf/O
    X1Y2 (CLOCK_ROOT)    net (fo=50751, routed)       2.281     9.829    system_i/ImageRenderHLS_1/inst/grp_Render_fu_346/grp_RenderTiledFragBuff2_Uniforms_InTextures_OutTextures_s_fu_482/grp_render_tile_Fragment_Uniforms_InTextures_s_fu_661/grp_draw_triangle_InTextures_Uniforms_Fragment_s_fu_499/mul_ln358_reg_2471_reg__0/CLK
    DSP48E2_X0Y47        DSP_OUTPUT                                   r  system_i/ImageRenderHLS_1/inst/grp_Render_fu_346/grp_RenderTiledFragBuff2_Uniforms_InTextures_OutTextures_s_fu_482/grp_render_tile_Fragment_Uniforms_InTextures_s_fu_661/grp_draw_triangle_InTextures_Uniforms_Fragment_s_fu_499/mul_ln358_reg_2471_reg__0/DSP_OUTPUT_INST/CLK
                         clock pessimism             -0.557     9.272    
                         clock uncertainty           -0.062     9.210    
    DSP48E2_X0Y47        DSP_OUTPUT (Setup_DSP_OUTPUT_DSP48E2_CLK_CEP)
                                                     -0.395     8.815    system_i/ImageRenderHLS_1/inst/grp_Render_fu_346/grp_RenderTiledFragBuff2_Uniforms_InTextures_OutTextures_s_fu_482/grp_render_tile_Fragment_Uniforms_InTextures_s_fu_661/grp_draw_triangle_InTextures_Uniforms_Fragment_s_fu_499/mul_ln358_reg_2471_reg__0/DSP_OUTPUT_INST
  -------------------------------------------------------------------
                         required time                          8.815    
                         arrival time                          -8.256    
  -------------------------------------------------------------------
                         slack                                  0.559    

Slack (MET) :             0.581ns  (required time - arrival time)
  Source:                 system_i/ImageRenderHLS_1/inst/gmem0_m_axi_U/load_unit_0/buff_rdata/U_fifo_mem/mem_reg/CLKARDCLK
                            (rising edge-triggered cell RAMB18E2 clocked by clk_out2_system_clk_wiz_0_0  {rise@0.000ns fall@2.500ns period=5.000ns})
  Destination:            system_i/ImageRenderHLS_1/inst/grp_Render_fu_346/grp_RenderTiledFragBuff2_Uniforms_InTextures_OutTextures_s_fu_482/grp_get_triangles_BufferViewBase_BufferViewBase_Uniforms_s_fu_605/reg_1197_reg[0]/D
                            (rising edge-triggered cell FDRE clocked by clk_out2_system_clk_wiz_0_0  {rise@0.000ns fall@2.500ns period=5.000ns})
  Path Group:             clk_out2_system_clk_wiz_0_0
  Path Type:              Setup (Max at Slow Process Corner)
  Requirement:            5.000ns  (clk_out2_system_clk_wiz_0_0 rise@5.000ns - clk_out2_system_clk_wiz_0_0 rise@0.000ns)
  Data Path Delay:        4.104ns  (logic 1.206ns (29.389%)  route 2.898ns (70.611%))
  Logic Levels:           0  
  Clock Path Skew:        -0.298ns (DCD - SCD + CPR)
    Destination Clock Delay (DCD):    4.626ns = ( 9.626 - 5.000 ) 
    Source Clock Delay      (SCD):    4.364ns
    Clock Pessimism Removal (CPR):    -0.560ns
  Clock Uncertainty:      0.062ns  ((TSJ^2 + DJ^2)^1/2) / 2 + PE
    Total System Jitter     (TSJ):    0.071ns
    Discrete Jitter          (DJ):    0.102ns
    Phase Error              (PE):    0.000ns
  Clock Net Delay (Source):      2.457ns (routing 0.962ns, distribution 1.495ns)
  Clock Net Delay (Destination): 2.078ns (routing 0.881ns, distribution 1.197ns)

    Location             Delay type                Incr(ns)  Path(ns)    Netlist Resource(s)
  -------------------------------------------------------------------    -------------------
                         (clock clk_out2_system_clk_wiz_0_0 rise edge)
                                                      0.000     0.000 r  
    BUFG_PS_X0Y81        BUFG_PS                      0.000     0.000 r  system_i/zynq_ultra_ps_e_0/inst/buffer_pl_clk_0.PL_CLK_0_BUFG/O
                         net (fo=1, routed)           1.611     1.611    system_i/clk_wiz_0/inst/clk_in1
    MMCM_X0Y3            MMCME4_ADV (Prop_MMCM_CLKIN1_CLKOUT1)
                                                     -0.103     1.508 r  system_i/clk_wiz_0/inst/mmcme4_adv_inst/CLKOUT1
                         net (fo=1, routed)           0.355     1.863    system_i/clk_wiz_0/inst/clk_out2_system_clk_wiz_0_0
    BUFGCE_X0Y76         BUFGCE (Prop_BUFCE_BUFGCE_I_O)
                                                      0.044     1.907 r  system_i/clk_wiz_0/inst/clkout2_buf/O
    X1Y2 (CLOCK_ROOT)    net (fo=50751, routed)       2.457     4.364    system_i/ImageRenderHLS_1/inst/gmem0_m_axi_U/load_unit_0/buff_rdata/U_fifo_mem/ap_clk
    RAMB18_X0Y76         RAMB18E2                                     r  system_i/ImageRenderHLS_1/inst/gmem0_m_axi_U/load_unit_0/buff_rdata/U_fifo_mem/mem_reg/CLKARDCLK
  -------------------------------------------------------------------    -------------------
    RAMB18_X0Y76         RAMB18E2 (Prop_RAMB18E2_L_RAMB180_CLKARDCLK_DOUTADOUT[0])
                                                      1.206     5.570 r  system_i/ImageRenderHLS_1/inst/gmem0_m_axi_U/load_unit_0/buff_rdata/U_fifo_mem/mem_reg/DOUTADOUT[0]
                         net (fo=4, routed)           2.898     8.467    system_i/ImageRenderHLS_1/inst/grp_Render_fu_346/grp_RenderTiledFragBuff2_Uniforms_InTextures_OutTextures_s_fu_482/grp_get_triangles_BufferViewBase_BufferViewBase_Uniforms_s_fu_605/reg_1193_reg[31]_0[0]
    SLICE_X36Y122        FDRE                                         r  system_i/ImageRenderHLS_1/inst/grp_Render_fu_346/grp_RenderTiledFragBuff2_Uniforms_InTextures_OutTextures_s_fu_482/grp_get_triangles_BufferViewBase_BufferViewBase_Uniforms_s_fu_605/reg_1197_reg[0]/D
  -------------------------------------------------------------------    -------------------

                         (clock clk_out2_system_clk_wiz_0_0 rise edge)
                                                      5.000     5.000 r  
    BUFG_PS_X0Y81        BUFG_PS                      0.000     5.000 r  system_i/zynq_ultra_ps_e_0/inst/buffer_pl_clk_0.PL_CLK_0_BUFG/O
                         net (fo=1, routed)           1.458     6.458    system_i/clk_wiz_0/inst/clk_in1
    MMCM_X0Y3            MMCME4_ADV (Prop_MMCM_CLKIN1_CLKOUT1)
                                                      0.739     7.197 r  system_i/clk_wiz_0/inst/mmcme4_adv_inst/CLKOUT1
                         net (fo=1, routed)           0.312     7.509    system_i/clk_wiz_0/inst/clk_out2_system_clk_wiz_0_0
    BUFGCE_X0Y76         BUFGCE (Prop_BUFCE_BUFGCE_I_O)
                                                      0.039     7.548 r  system_i/clk_wiz_0/inst/clkout2_buf/O
    X1Y2 (CLOCK_ROOT)    net (fo=50751, routed)       2.078     9.626    system_i/ImageRenderHLS_1/inst/grp_Render_fu_346/grp_RenderTiledFragBuff2_Uniforms_InTextures_OutTextures_s_fu_482/grp_get_triangles_BufferViewBase_BufferViewBase_Uniforms_s_fu_605/ap_clk
    SLICE_X36Y122        FDRE                                         r  system_i/ImageRenderHLS_1/inst/grp_Render_fu_346/grp_RenderTiledFragBuff2_Uniforms_InTextures_OutTextures_s_fu_482/grp_get_triangles_BufferViewBase_BufferViewBase_Uniforms_s_fu_605/reg_1197_reg[0]/C
                         clock pessimism             -0.560     9.066    
                         clock uncertainty           -0.062     9.004    
    SLICE_X36Y122        FDRE (Setup_HFF_SLICEL_C_D)
                                                      0.044     9.048    system_i/ImageRenderHLS_1/inst/grp_Render_fu_346/grp_RenderTiledFragBuff2_Uniforms_InTextures_OutTextures_s_fu_482/grp_get_triangles_BufferViewBase_BufferViewBase_Uniforms_s_fu_605/reg_1197_reg[0]
  -------------------------------------------------------------------
                         required time                          9.048    
                         arrival time                          -8.467    
  -------------------------------------------------------------------
                         slack                                  0.581    

Slack (MET) :             0.600ns  (required time - arrival time)
  Source:                 system_i/ImageRenderHLS_1/inst/gmem0_m_axi_U/load_unit_0/buff_rdata/U_fifo_mem/mem_reg/CLKARDCLK
                            (rising edge-triggered cell RAMB18E2 clocked by clk_out2_system_clk_wiz_0_0  {rise@0.000ns fall@2.500ns period=5.000ns})
  Destination:            system_i/ImageRenderHLS_1/inst/grp_Render_fu_346/grp_RenderTiledFragBuff2_Uniforms_InTextures_OutTextures_s_fu_482/grp_get_triangles_BufferViewBase_BufferViewBase_Uniforms_s_fu_605/reg_1189_reg[0]/D
                            (rising edge-triggered cell FDRE clocked by clk_out2_system_clk_wiz_0_0  {rise@0.000ns fall@2.500ns period=5.000ns})
  Path Group:             clk_out2_system_clk_wiz_0_0
  Path Type:              Setup (Max at Slow Process Corner)
  Requirement:            5.000ns  (clk_out2_system_clk_wiz_0_0 rise@5.000ns - clk_out2_system_clk_wiz_0_0 rise@0.000ns)
  Data Path Delay:        4.087ns  (logic 1.206ns (29.511%)  route 2.881ns (70.489%))
  Logic Levels:           0  
  Clock Path Skew:        -0.298ns (DCD - SCD + CPR)
    Destination Clock Delay (DCD):    4.626ns = ( 9.626 - 5.000 ) 
    Source Clock Delay      (SCD):    4.364ns
    Clock Pessimism Removal (CPR):    -0.560ns
  Clock Uncertainty:      0.062ns  ((TSJ^2 + DJ^2)^1/2) / 2 + PE
    Total System Jitter     (TSJ):    0.071ns
    Discrete Jitter          (DJ):    0.102ns
    Phase Error              (PE):    0.000ns
  Clock Net Delay (Source):      2.457ns (routing 0.962ns, distribution 1.495ns)
  Clock Net Delay (Destination): 2.078ns (routing 0.881ns, distribution 1.197ns)

    Location             Delay type                Incr(ns)  Path(ns)    Netlist Resource(s)
  -------------------------------------------------------------------    -------------------
                         (clock clk_out2_system_clk_wiz_0_0 rise edge)
                                                      0.000     0.000 r  
    BUFG_PS_X0Y81        BUFG_PS                      0.000     0.000 r  system_i/zynq_ultra_ps_e_0/inst/buffer_pl_clk_0.PL_CLK_0_BUFG/O
                         net (fo=1, routed)           1.611     1.611    system_i/clk_wiz_0/inst/clk_in1
    MMCM_X0Y3            MMCME4_ADV (Prop_MMCM_CLKIN1_CLKOUT1)
                                                     -0.103     1.508 r  system_i/clk_wiz_0/inst/mmcme4_adv_inst/CLKOUT1
                         net (fo=1, routed)           0.355     1.863    system_i/clk_wiz_0/inst/clk_out2_system_clk_wiz_0_0
    BUFGCE_X0Y76         BUFGCE (Prop_BUFCE_BUFGCE_I_O)
                                                      0.044     1.907 r  system_i/clk_wiz_0/inst/clkout2_buf/O
    X1Y2 (CLOCK_ROOT)    net (fo=50751, routed)       2.457     4.364    system_i/ImageRenderHLS_1/inst/gmem0_m_axi_U/load_unit_0/buff_rdata/U_fifo_mem/ap_clk
    RAMB18_X0Y76         RAMB18E2                                     r  system_i/ImageRenderHLS_1/inst/gmem0_m_axi_U/load_unit_0/buff_rdata/U_fifo_mem/mem_reg/CLKARDCLK
  -------------------------------------------------------------------    -------------------
    RAMB18_X0Y76         RAMB18E2 (Prop_RAMB18E2_L_RAMB180_CLKARDCLK_DOUTADOUT[0])
                                                      1.206     5.570 r  system_i/ImageRenderHLS_1/inst/gmem0_m_axi_U/load_unit_0/buff_rdata/U_fifo_mem/mem_reg/DOUTADOUT[0]
                         net (fo=4, routed)           2.881     8.450    system_i/ImageRenderHLS_1/inst/grp_Render_fu_346/grp_RenderTiledFragBuff2_Uniforms_InTextures_OutTextures_s_fu_482/grp_get_triangles_BufferViewBase_BufferViewBase_Uniforms_s_fu_605/reg_1193_reg[31]_0[0]
    SLICE_X36Y122        FDRE                                         r  system_i/ImageRenderHLS_1/inst/grp_Render_fu_346/grp_RenderTiledFragBuff2_Uniforms_InTextures_OutTextures_s_fu_482/grp_get_triangles_BufferViewBase_BufferViewBase_Uniforms_s_fu_605/reg_1189_reg[0]/D
  -------------------------------------------------------------------    -------------------

                         (clock clk_out2_system_clk_wiz_0_0 rise edge)
                                                      5.000     5.000 r  
    BUFG_PS_X0Y81        BUFG_PS                      0.000     5.000 r  system_i/zynq_ultra_ps_e_0/inst/buffer_pl_clk_0.PL_CLK_0_BUFG/O
                         net (fo=1, routed)           1.458     6.458    system_i/clk_wiz_0/inst/clk_in1
    MMCM_X0Y3            MMCME4_ADV (Prop_MMCM_CLKIN1_CLKOUT1)
                                                      0.739     7.197 r  system_i/clk_wiz_0/inst/mmcme4_adv_inst/CLKOUT1
                         net (fo=1, routed)           0.312     7.509    system_i/clk_wiz_0/inst/clk_out2_system_clk_wiz_0_0
    BUFGCE_X0Y76         BUFGCE (Prop_BUFCE_BUFGCE_I_O)
                                                      0.039     7.548 r  system_i/clk_wiz_0/inst/clkout2_buf/O
    X1Y2 (CLOCK_ROOT)    net (fo=50751, routed)       2.078     9.626    system_i/ImageRenderHLS_1/inst/grp_Render_fu_346/grp_RenderTiledFragBuff2_Uniforms_InTextures_OutTextures_s_fu_482/grp_get_triangles_BufferViewBase_BufferViewBase_Uniforms_s_fu_605/ap_clk
    SLICE_X36Y122        FDRE                                         r  system_i/ImageRenderHLS_1/inst/grp_Render_fu_346/grp_RenderTiledFragBuff2_Uniforms_InTextures_OutTextures_s_fu_482/grp_get_triangles_BufferViewBase_BufferViewBase_Uniforms_s_fu_605/reg_1189_reg[0]/C
                         clock pessimism             -0.560     9.066    
                         clock uncertainty           -0.062     9.004    
    SLICE_X36Y122        FDRE (Setup_HFF2_SLICEL_C_D)
                                                      0.046     9.050    system_i/ImageRenderHLS_1/inst/grp_Render_fu_346/grp_RenderTiledFragBuff2_Uniforms_InTextures_OutTextures_s_fu_482/grp_get_triangles_BufferViewBase_BufferViewBase_Uniforms_s_fu_605/reg_1189_reg[0]
  -------------------------------------------------------------------
                         required time                          9.050    
                         arrival time                          -8.450    
  -------------------------------------------------------------------
                         slack                                  0.600    

Slack (MET) :             0.608ns  (required time - arrival time)
  Source:                 system_i/ImageRenderHLS_1/inst/grp_Render_fu_346/grp_RenderTiledFragBuff2_Uniforms_InTextures_OutTextures_s_fu_482/ap_CS_fsm_reg[86]/C
                            (rising edge-triggered cell FDRE clocked by clk_out2_system_clk_wiz_0_0  {rise@0.000ns fall@2.500ns period=5.000ns})
  Destination:            system_i/ImageRenderHLS_1/inst/grp_Render_fu_346/grp_RenderTiledFragBuff2_Uniforms_InTextures_OutTextures_s_fu_482/sitofp_32ns_32_6_no_dsp_1_U447/din0_buf1_reg[5]/D
                            (rising edge-triggered cell FDRE clocked by clk_out2_system_clk_wiz_0_0  {rise@0.000ns fall@2.500ns period=5.000ns})
  Path Group:             clk_out2_system_clk_wiz_0_0
  Path Type:              Setup (Max at Slow Process Corner)
  Requirement:            5.000ns  (clk_out2_system_clk_wiz_0_0 rise@5.000ns - clk_out2_system_clk_wiz_0_0 rise@0.000ns)
  Data Path Delay:        4.233ns  (logic 0.266ns (6.285%)  route 3.967ns (93.715%))
  Logic Levels:           1  (LUT6=1)
  Clock Path Skew:        -0.140ns (DCD - SCD + CPR)
    Destination Clock Delay (DCD):    4.811ns = ( 9.811 - 5.000 ) 
    Source Clock Delay      (SCD):    4.394ns
    Clock Pessimism Removal (CPR):    -0.557ns
  Clock Uncertainty:      0.062ns  ((TSJ^2 + DJ^2)^1/2) / 2 + PE
    Total System Jitter     (TSJ):    0.071ns
    Discrete Jitter          (DJ):    0.102ns
    Phase Error              (PE):    0.000ns
  Clock Net Delay (Source):      2.487ns (routing 0.962ns, distribution 1.525ns)
  Clock Net Delay (Destination): 2.263ns (routing 0.881ns, distribution 1.382ns)

    Location             Delay type                Incr(ns)  Path(ns)    Netlist Resource(s)
  -------------------------------------------------------------------    -------------------
                         (clock clk_out2_system_clk_wiz_0_0 rise edge)
                                                      0.000     0.000 r  
    BUFG_PS_X0Y81        BUFG_PS                      0.000     0.000 r  system_i/zynq_ultra_ps_e_0/inst/buffer_pl_clk_0.PL_CLK_0_BUFG/O
                         net (fo=1, routed)           1.611     1.611    system_i/clk_wiz_0/inst/clk_in1
    MMCM_X0Y3            MMCME4_ADV (Prop_MMCM_CLKIN1_CLKOUT1)
                                                     -0.103     1.508 r  system_i/clk_wiz_0/inst/mmcme4_adv_inst/CLKOUT1
                         net (fo=1, routed)           0.355     1.863    system_i/clk_wiz_0/inst/clk_out2_system_clk_wiz_0_0
    BUFGCE_X0Y76         BUFGCE (Prop_BUFCE_BUFGCE_I_O)
                                                      0.044     1.907 r  system_i/clk_wiz_0/inst/clkout2_buf/O
    X1Y2 (CLOCK_ROOT)    net (fo=50751, routed)       2.487     4.394    system_i/ImageRenderHLS_1/inst/grp_Render_fu_346/grp_RenderTiledFragBuff2_Uniforms_InTextures_OutTextures_s_fu_482/ap_clk
    SLICE_X10Y143        FDRE                                         r  system_i/ImageRenderHLS_1/inst/grp_Render_fu_346/grp_RenderTiledFragBuff2_Uniforms_InTextures_OutTextures_s_fu_482/ap_CS_fsm_reg[86]/C
  -------------------------------------------------------------------    -------------------
    SLICE_X10Y143        FDRE (Prop_HFF2_SLICEM_C_Q)
                                                      0.114     4.508 r  system_i/ImageRenderHLS_1/inst/grp_Render_fu_346/grp_RenderTiledFragBuff2_Uniforms_InTextures_OutTextures_s_fu_482/ap_CS_fsm_reg[86]/Q
                         net (fo=986, routed)         3.886     8.394    system_i/ImageRenderHLS_1/inst/grp_Render_fu_346/grp_RenderTiledFragBuff2_Uniforms_InTextures_OutTextures_s_fu_482/grp_render_tile_Fragment_Uniforms_InTextures_s_fu_661/grp_draw_triangle_InTextures_Uniforms_Fragment_s_fu_499/grp_draw_triangle_Pipeline_draw_triangle_y_loop_draw_triangle_x_loop_fu_378/ram_reg_bram_6[3]
    SLICE_X7Y103         LUT6 (Prop_B6LUT_SLICEM_I4_O)
                                                      0.152     8.546 r  system_i/ImageRenderHLS_1/inst/grp_Render_fu_346/grp_RenderTiledFragBuff2_Uniforms_InTextures_OutTextures_s_fu_482/grp_render_tile_Fragment_Uniforms_InTextures_s_fu_661/grp_draw_triangle_InTextures_Uniforms_Fragment_s_fu_499/grp_draw_triangle_Pipeline_draw_triangle_y_loop_draw_triangle_x_loop_fu_378/din0_buf1[5]_i_1__14/O
                         net (fo=1, routed)           0.081     8.627    system_i/ImageRenderHLS_1/inst/grp_Render_fu_346/grp_RenderTiledFragBuff2_Uniforms_InTextures_OutTextures_s_fu_482/sitofp_32ns_32_6_no_dsp_1_U447/din0[5]
    SLICE_X7Y103         FDRE                                         r  system_i/ImageRenderHLS_1/inst/grp_Render_fu_346/grp_RenderTiledFragBuff2_Uniforms_InTextures_OutTextures_s_fu_482/sitofp_32ns_32_6_no_dsp_1_U447/din0_buf1_reg[5]/D
  -------------------------------------------------------------------    -------------------

                         (clock clk_out2_system_clk_wiz_0_0 rise edge)
                                                      5.000     5.000 r  
    BUFG_PS_X0Y81        BUFG_PS                      0.000     5.000 r  system_i/zynq_ultra_ps_e_0/inst/buffer_pl_clk_0.PL_CLK_0_BUFG/O
                         net (fo=1, routed)           1.458     6.458    system_i/clk_wiz_0/inst/clk_in1
    MMCM_X0Y3            MMCME4_ADV (Prop_MMCM_CLKIN1_CLKOUT1)
                                                      0.739     7.197 r  system_i/clk_wiz_0/inst/mmcme4_adv_inst/CLKOUT1
                         net (fo=1, routed)           0.312     7.509    system_i/clk_wiz_0/inst/clk_out2_system_clk_wiz_0_0
    BUFGCE_X0Y76         BUFGCE (Prop_BUFCE_BUFGCE_I_O)
                                                      0.039     7.548 r  system_i/clk_wiz_0/inst/clkout2_buf/O
    X1Y2 (CLOCK_ROOT)    net (fo=50751, routed)       2.263     9.811    system_i/ImageRenderHLS_1/inst/grp_Render_fu_346/grp_RenderTiledFragBuff2_Uniforms_InTextures_OutTextures_s_fu_482/sitofp_32ns_32_6_no_dsp_1_U447/ap_clk
    SLICE_X7Y103         FDRE                                         r  system_i/ImageRenderHLS_1/inst/grp_Render_fu_346/grp_RenderTiledFragBuff2_Uniforms_InTextures_OutTextures_s_fu_482/sitofp_32ns_32_6_no_dsp_1_U447/din0_buf1_reg[5]/C
                         clock pessimism             -0.557     9.254    
                         clock uncertainty           -0.062     9.192    
    SLICE_X7Y103         FDRE (Setup_BFF_SLICEM_C_D)
                                                      0.043     9.235    system_i/ImageRenderHLS_1/inst/grp_Render_fu_346/grp_RenderTiledFragBuff2_Uniforms_InTextures_OutTextures_s_fu_482/sitofp_32ns_32_6_no_dsp_1_U447/din0_buf1_reg[5]
  -------------------------------------------------------------------
                         required time                          9.235    
                         arrival time                          -8.627    
  -------------------------------------------------------------------
                         slack                                  0.608    





Min Delay Paths
--------------------------------------------------------------------------------------
Slack (MET) :             0.010ns  (arrival time - required time)
  Source:                 system_i/ImageRenderHLS_1/inst/grp_Render_fu_346/grp_RenderTiledFragBuff2_Uniforms_InTextures_OutTextures_s_fu_482/grp_render_tile_Fragment_Uniforms_InTextures_s_fu_661/grp_draw_triangle_InTextures_Uniforms_Fragment_s_fu_499/grp_draw_triangle_Pipeline_draw_triangle_y_loop_draw_triangle_x_loop_fu_378/grp_fragment_shader_fu_501/ap_phi_reg_pp0_iter56_phi_ln912_reg_232_reg[24]/C
                            (rising edge-triggered cell FDRE clocked by clk_out2_system_clk_wiz_0_0  {rise@0.000ns fall@2.500ns period=5.000ns})
  Destination:            system_i/ImageRenderHLS_1/inst/grp_Render_fu_346/grp_RenderTiledFragBuff2_Uniforms_InTextures_OutTextures_s_fu_482/grp_render_tile_Fragment_Uniforms_InTextures_s_fu_661/grp_draw_triangle_InTextures_Uniforms_Fragment_s_fu_499/grp_draw_triangle_Pipeline_draw_triangle_y_loop_draw_triangle_x_loop_fu_378/grp_fragment_shader_fu_501/ap_phi_reg_pp0_iter57_phi_ln912_reg_232_reg[24]/D
                            (rising edge-triggered cell FDRE clocked by clk_out2_system_clk_wiz_0_0  {rise@0.000ns fall@2.500ns period=5.000ns})
  Path Group:             clk_out2_system_clk_wiz_0_0
  Path Type:              Hold (Min at Slow Process Corner)
  Requirement:            0.000ns  (clk_out2_system_clk_wiz_0_0 rise@0.000ns - clk_out2_system_clk_wiz_0_0 rise@0.000ns)
  Data Path Delay:        0.309ns  (logic 0.115ns (37.217%)  route 0.194ns (62.783%))
  Logic Levels:           0  
  Clock Path Skew:        0.196ns (DCD - SCD - CPR)
    Destination Clock Delay (DCD):    4.367ns
    Source Clock Delay      (SCD):    4.672ns
    Clock Pessimism Removal (CPR):    -0.502ns
  Clock Net Delay (Source):      2.124ns (routing 0.881ns, distribution 1.243ns)
  Clock Net Delay (Destination): 2.460ns (routing 0.962ns, distribution 1.498ns)

    Location             Delay type                Incr(ns)  Path(ns)    Netlist Resource(s)
  -------------------------------------------------------------------    -------------------
                         (clock clk_out2_system_clk_wiz_0_0 rise edge)
                                                      0.000     0.000 r  
    BUFG_PS_X0Y81        BUFG_PS                      0.000     0.000 r  system_i/zynq_ultra_ps_e_0/inst/buffer_pl_clk_0.PL_CLK_0_BUFG/O
                         net (fo=1, routed)           1.458     1.458    system_i/clk_wiz_0/inst/clk_in1
    MMCM_X0Y3            MMCME4_ADV (Prop_MMCM_CLKIN1_CLKOUT1)
                                                      0.739     2.197 r  system_i/clk_wiz_0/inst/mmcme4_adv_inst/CLKOUT1
                         net (fo=1, routed)           0.312     2.509    system_i/clk_wiz_0/inst/clk_out2_system_clk_wiz_0_0
    BUFGCE_X0Y76         BUFGCE (Prop_BUFCE_BUFGCE_I_O)
                                                      0.039     2.548 r  system_i/clk_wiz_0/inst/clkout2_buf/O
    X1Y2 (CLOCK_ROOT)    net (fo=50751, routed)       2.124     4.672    system_i/ImageRenderHLS_1/inst/grp_Render_fu_346/grp_RenderTiledFragBuff2_Uniforms_InTextures_OutTextures_s_fu_482/grp_render_tile_Fragment_Uniforms_InTextures_s_fu_661/grp_draw_triangle_InTextures_Uniforms_Fragment_s_fu_499/grp_draw_triangle_Pipeline_draw_triangle_y_loop_draw_triangle_x_loop_fu_378/grp_fragment_shader_fu_501/ap_clk
    SLICE_X39Y186        FDRE                                         r  system_i/ImageRenderHLS_1/inst/grp_Render_fu_346/grp_RenderTiledFragBuff2_Uniforms_InTextures_OutTextures_s_fu_482/grp_render_tile_Fragment_Uniforms_InTextures_s_fu_661/grp_draw_triangle_InTextures_Uniforms_Fragment_s_fu_499/grp_draw_triangle_Pipeline_draw_triangle_y_loop_draw_triangle_x_loop_fu_378/grp_fragment_shader_fu_501/ap_phi_reg_pp0_iter56_phi_ln912_reg_232_reg[24]/C
  -------------------------------------------------------------------    -------------------
    SLICE_X39Y186        FDRE (Prop_FFF2_SLICEL_C_Q)
                                                      0.115     4.787 r  system_i/ImageRenderHLS_1/inst/grp_Render_fu_346/grp_RenderTiledFragBuff2_Uniforms_InTextures_OutTextures_s_fu_482/grp_render_tile_Fragment_Uniforms_InTextures_s_fu_661/grp_draw_triangle_InTextures_Uniforms_Fragment_s_fu_499/grp_draw_triangle_Pipeline_draw_triangle_y_loop_draw_triangle_x_loop_fu_378/grp_fragment_shader_fu_501/ap_phi_reg_pp0_iter56_phi_ln912_reg_232_reg[24]/Q
                         net (fo=1, routed)           0.194     4.981    system_i/ImageRenderHLS_1/inst/grp_Render_fu_346/grp_RenderTiledFragBuff2_Uniforms_InTextures_OutTextures_s_fu_482/grp_render_tile_Fragment_Uniforms_InTextures_s_fu_661/grp_draw_triangle_InTextures_Uniforms_Fragment_s_fu_499/grp_draw_triangle_Pipeline_draw_triangle_y_loop_draw_triangle_x_loop_fu_378/grp_fragment_shader_fu_501/ap_phi_reg_pp0_iter56_phi_ln912_reg_232[24]
    SLICE_X42Y186        FDRE                                         r  system_i/ImageRenderHLS_1/inst/grp_Render_fu_346/grp_RenderTiledFragBuff2_Uniforms_InTextures_OutTextures_s_fu_482/grp_render_tile_Fragment_Uniforms_InTextures_s_fu_661/grp_draw_triangle_InTextures_Uniforms_Fragment_s_fu_499/grp_draw_triangle_Pipeline_draw_triangle_y_loop_draw_triangle_x_loop_fu_378/grp_fragment_shader_fu_501/ap_phi_reg_pp0_iter57_phi_ln912_reg_232_reg[24]/D
  -------------------------------------------------------------------    -------------------

                         (clock clk_out2_system_clk_wiz_0_0 rise edge)
                                                      0.000     0.000 r  
    BUFG_PS_X0Y81        BUFG_PS                      0.000     0.000 r  system_i/zynq_ultra_ps_e_0/inst/buffer_pl_clk_0.PL_CLK_0_BUFG/O
                         net (fo=1, routed)           1.611     1.611    system_i/clk_wiz_0/inst/clk_in1
    MMCM_X0Y3            MMCME4_ADV (Prop_MMCM_CLKIN1_CLKOUT1)
                                                     -0.103     1.508 r  system_i/clk_wiz_0/inst/mmcme4_adv_inst/CLKOUT1
                         net (fo=1, routed)           0.355     1.863    system_i/clk_wiz_0/inst/clk_out2_system_clk_wiz_0_0
    BUFGCE_X0Y76         BUFGCE (Prop_BUFCE_BUFGCE_I_O)
                                                      0.044     1.907 r  system_i/clk_wiz_0/inst/clkout2_buf/O
    X1Y2 (CLOCK_ROOT)    net (fo=50751, routed)       2.460     4.367    system_i/ImageRenderHLS_1/inst/grp_Render_fu_346/grp_RenderTiledFragBuff2_Uniforms_InTextures_OutTextures_s_fu_482/grp_render_tile_Fragment_Uniforms_InTextures_s_fu_661/grp_draw_triangle_InTextures_Uniforms_Fragment_s_fu_499/grp_draw_triangle_Pipeline_draw_triangle_y_loop_draw_triangle_x_loop_fu_378/grp_fragment_shader_fu_501/ap_clk
    SLICE_X42Y186        FDRE                                         r  system_i/ImageRenderHLS_1/inst/grp_Render_fu_346/grp_RenderTiledFragBuff2_Uniforms_InTextures_OutTextures_s_fu_482/grp_render_tile_Fragment_Uniforms_InTextures_s_fu_661/grp_draw_triangle_InTextures_Uniforms_Fragment_s_fu_499/grp_draw_triangle_Pipeline_draw_triangle_y_loop_draw_triangle_x_loop_fu_378/grp_fragment_shader_fu_501/ap_phi_reg_pp0_iter57_phi_ln912_reg_232_reg[24]/C
                         clock pessimism              0.502     4.868    
    SLICE_X42Y186        FDRE (Hold_CFF2_SLICEL_C_D)
                                                      0.103     4.971    system_i/ImageRenderHLS_1/inst/grp_Render_fu_346/grp_RenderTiledFragBuff2_Uniforms_InTextures_OutTextures_s_fu_482/grp_render_tile_Fragment_Uniforms_InTextures_s_fu_661/grp_draw_triangle_InTextures_Uniforms_Fragment_s_fu_499/grp_draw_triangle_Pipeline_draw_triangle_y_loop_draw_triangle_x_loop_fu_378/grp_fragment_shader_fu_501/ap_phi_reg_pp0_iter57_phi_ln912_reg_232_reg[24]
  -------------------------------------------------------------------
                         required time                         -4.971    
                         arrival time                           4.981    
  -------------------------------------------------------------------
                         slack                                  0.010    

Slack (MET) :             0.010ns  (arrival time - required time)
  Source:                 system_i/ImageRenderHLS_1/inst/grp_Render_fu_346/grp_RenderTiledFragBuff2_Uniforms_InTextures_OutTextures_s_fu_482/grp_render_tile_Fragment_Uniforms_InTextures_s_fu_661/grp_draw_triangle_InTextures_Uniforms_Fragment_s_fu_499/grp_draw_triangle_Pipeline_draw_triangle_y_loop_draw_triangle_x_loop_fu_378/grp_fragment_shader_fu_501/ap_phi_reg_pp0_iter41_phi_ln912_reg_232_reg[25]/C
                            (rising edge-triggered cell FDRE clocked by clk_out2_system_clk_wiz_0_0  {rise@0.000ns fall@2.500ns period=5.000ns})
  Destination:            system_i/ImageRenderHLS_1/inst/grp_Render_fu_346/grp_RenderTiledFragBuff2_Uniforms_InTextures_OutTextures_s_fu_482/grp_render_tile_Fragment_Uniforms_InTextures_s_fu_661/grp_draw_triangle_InTextures_Uniforms_Fragment_s_fu_499/grp_draw_triangle_Pipeline_draw_triangle_y_loop_draw_triangle_x_loop_fu_378/grp_fragment_shader_fu_501/ap_phi_reg_pp0_iter42_phi_ln912_reg_232_reg[25]/D
                            (rising edge-triggered cell FDRE clocked by clk_out2_system_clk_wiz_0_0  {rise@0.000ns fall@2.500ns period=5.000ns})
  Path Group:             clk_out2_system_clk_wiz_0_0
  Path Type:              Hold (Min at Slow Process Corner)
  Requirement:            0.000ns  (clk_out2_system_clk_wiz_0_0 rise@0.000ns - clk_out2_system_clk_wiz_0_0 rise@0.000ns)
  Data Path Delay:        0.319ns  (logic 0.115ns (36.050%)  route 0.204ns (63.950%))
  Logic Levels:           0  
  Clock Path Skew:        0.208ns (DCD - SCD - CPR)
    Destination Clock Delay (DCD):    4.376ns
    Source Clock Delay      (SCD):    4.669ns
    Clock Pessimism Removal (CPR):    -0.502ns
  Clock Net Delay (Source):      2.121ns (routing 0.881ns, distribution 1.240ns)
  Clock Net Delay (Destination): 2.469ns (routing 0.962ns, distribution 1.507ns)

    Location             Delay type                Incr(ns)  Path(ns)    Netlist Resource(s)
  -------------------------------------------------------------------    -------------------
                         (clock clk_out2_system_clk_wiz_0_0 rise edge)
                                                      0.000     0.000 r  
    BUFG_PS_X0Y81        BUFG_PS                      0.000     0.000 r  system_i/zynq_ultra_ps_e_0/inst/buffer_pl_clk_0.PL_CLK_0_BUFG/O
                         net (fo=1, routed)           1.458     1.458    system_i/clk_wiz_0/inst/clk_in1
    MMCM_X0Y3            MMCME4_ADV (Prop_MMCM_CLKIN1_CLKOUT1)
                                                      0.739     2.197 r  system_i/clk_wiz_0/inst/mmcme4_adv_inst/CLKOUT1
                         net (fo=1, routed)           0.312     2.509    system_i/clk_wiz_0/inst/clk_out2_system_clk_wiz_0_0
    BUFGCE_X0Y76         BUFGCE (Prop_BUFCE_BUFGCE_I_O)
                                                      0.039     2.548 r  system_i/clk_wiz_0/inst/clkout2_buf/O
    X1Y2 (CLOCK_ROOT)    net (fo=50751, routed)       2.121     4.669    system_i/ImageRenderHLS_1/inst/grp_Render_fu_346/grp_RenderTiledFragBuff2_Uniforms_InTextures_OutTextures_s_fu_482/grp_render_tile_Fragment_Uniforms_InTextures_s_fu_661/grp_draw_triangle_InTextures_Uniforms_Fragment_s_fu_499/grp_draw_triangle_Pipeline_draw_triangle_y_loop_draw_triangle_x_loop_fu_378/grp_fragment_shader_fu_501/ap_clk
    SLICE_X38Y194        FDRE                                         r  system_i/ImageRenderHLS_1/inst/grp_Render_fu_346/grp_RenderTiledFragBuff2_Uniforms_InTextures_OutTextures_s_fu_482/grp_render_tile_Fragment_Uniforms_InTextures_s_fu_661/grp_draw_triangle_InTextures_Uniforms_Fragment_s_fu_499/grp_draw_triangle_Pipeline_draw_triangle_y_loop_draw_triangle_x_loop_fu_378/grp_fragment_shader_fu_501/ap_phi_reg_pp0_iter41_phi_ln912_reg_232_reg[25]/C
  -------------------------------------------------------------------    -------------------
    SLICE_X38Y194        FDRE (Prop_DFF2_SLICEM_C_Q)
                                                      0.115     4.784 r  system_i/ImageRenderHLS_1/inst/grp_Render_fu_346/grp_RenderTiledFragBuff2_Uniforms_InTextures_OutTextures_s_fu_482/grp_render_tile_Fragment_Uniforms_InTextures_s_fu_661/grp_draw_triangle_InTextures_Uniforms_Fragment_s_fu_499/grp_draw_triangle_Pipeline_draw_triangle_y_loop_draw_triangle_x_loop_fu_378/grp_fragment_shader_fu_501/ap_phi_reg_pp0_iter41_phi_ln912_reg_232_reg[25]/Q
                         net (fo=1, routed)           0.204     4.988    system_i/ImageRenderHLS_1/inst/grp_Render_fu_346/grp_RenderTiledFragBuff2_Uniforms_InTextures_OutTextures_s_fu_482/grp_render_tile_Fragment_Uniforms_InTextures_s_fu_661/grp_draw_triangle_InTextures_Uniforms_Fragment_s_fu_499/grp_draw_triangle_Pipeline_draw_triangle_y_loop_draw_triangle_x_loop_fu_378/grp_fragment_shader_fu_501/ap_phi_reg_pp0_iter41_phi_ln912_reg_232[25]
    SLICE_X41Y193        FDRE                                         r  system_i/ImageRenderHLS_1/inst/grp_Render_fu_346/grp_RenderTiledFragBuff2_Uniforms_InTextures_OutTextures_s_fu_482/grp_render_tile_Fragment_Uniforms_InTextures_s_fu_661/grp_draw_triangle_InTextures_Uniforms_Fragment_s_fu_499/grp_draw_triangle_Pipeline_draw_triangle_y_loop_draw_triangle_x_loop_fu_378/grp_fragment_shader_fu_501/ap_phi_reg_pp0_iter42_phi_ln912_reg_232_reg[25]/D
  -------------------------------------------------------------------    -------------------

                         (clock clk_out2_system_clk_wiz_0_0 rise edge)
                                                      0.000     0.000 r  
    BUFG_PS_X0Y81        BUFG_PS                      0.000     0.000 r  system_i/zynq_ultra_ps_e_0/inst/buffer_pl_clk_0.PL_CLK_0_BUFG/O
                         net (fo=1, routed)           1.611     1.611    system_i/clk_wiz_0/inst/clk_in1
    MMCM_X0Y3            MMCME4_ADV (Prop_MMCM_CLKIN1_CLKOUT1)
                                                     -0.103     1.508 r  system_i/clk_wiz_0/inst/mmcme4_adv_inst/CLKOUT1
                         net (fo=1, routed)           0.355     1.863    system_i/clk_wiz_0/inst/clk_out2_system_clk_wiz_0_0
    BUFGCE_X0Y76         BUFGCE (Prop_BUFCE_BUFGCE_I_O)
                                                      0.044     1.907 r  system_i/clk_wiz_0/inst/clkout2_buf/O
    X1Y2 (CLOCK_ROOT)    net (fo=50751, routed)       2.469     4.376    system_i/ImageRenderHLS_1/inst/grp_Render_fu_346/grp_RenderTiledFragBuff2_Uniforms_InTextures_OutTextures_s_fu_482/grp_render_tile_Fragment_Uniforms_InTextures_s_fu_661/grp_draw_triangle_InTextures_Uniforms_Fragment_s_fu_499/grp_draw_triangle_Pipeline_draw_triangle_y_loop_draw_triangle_x_loop_fu_378/grp_fragment_shader_fu_501/ap_clk
    SLICE_X41Y193        FDRE                                         r  system_i/ImageRenderHLS_1/inst/grp_Render_fu_346/grp_RenderTiledFragBuff2_Uniforms_InTextures_OutTextures_s_fu_482/grp_render_tile_Fragment_Uniforms_InTextures_s_fu_661/grp_draw_triangle_InTextures_Uniforms_Fragment_s_fu_499/grp_draw_triangle_Pipeline_draw_triangle_y_loop_draw_triangle_x_loop_fu_378/grp_fragment_shader_fu_501/ap_phi_reg_pp0_iter42_phi_ln912_reg_232_reg[25]/C
                         clock pessimism              0.502     4.877    
    SLICE_X41Y193        FDRE (Hold_AFF_SLICEM_C_D)
                                                      0.101     4.978    system_i/ImageRenderHLS_1/inst/grp_Render_fu_346/grp_RenderTiledFragBuff2_Uniforms_InTextures_OutTextures_s_fu_482/grp_render_tile_Fragment_Uniforms_InTextures_s_fu_661/grp_draw_triangle_InTextures_Uniforms_Fragment_s_fu_499/grp_draw_triangle_Pipeline_draw_triangle_y_loop_draw_triangle_x_loop_fu_378/grp_fragment_shader_fu_501/ap_phi_reg_pp0_iter42_phi_ln912_reg_232_reg[25]
  -------------------------------------------------------------------
                         required time                         -4.978    
                         arrival time                           4.988    
  -------------------------------------------------------------------
                         slack                                  0.010    

Slack (MET) :             0.010ns  (arrival time - required time)
  Source:                 <hidden>
                            (rising edge-triggered cell FDRE clocked by clk_out2_system_clk_wiz_0_0  {rise@0.000ns fall@2.500ns period=5.000ns})
  Destination:            system_i/ImageRenderHLS_1/inst/grp_Render_fu_346/grp_RenderTiledFragBuff2_Uniforms_InTextures_OutTextures_s_fu_482/grp_get_triangles_BufferViewBase_BufferViewBase_Uniforms_s_fu_605/grp_create_triangle_VertexData_Uniforms_s_fu_1077/acc_7_reg_1044_pp0_iter46_reg_reg[9]_srl9/D
                            (rising edge-triggered cell SRL16E clocked by clk_out2_system_clk_wiz_0_0  {rise@0.000ns fall@2.500ns period=5.000ns})
  Path Group:             clk_out2_system_clk_wiz_0_0
  Path Type:              Hold (Min at Slow Process Corner)
  Requirement:            0.000ns  (clk_out2_system_clk_wiz_0_0 rise@0.000ns - clk_out2_system_clk_wiz_0_0 rise@0.000ns)
  Data Path Delay:        0.196ns  (logic 0.113ns (57.653%)  route 0.083ns (42.347%))
  Logic Levels:           0  
  Clock Path Skew:        0.116ns (DCD - SCD - CPR)
    Destination Clock Delay (DCD):    4.418ns
    Source Clock Delay      (SCD):    4.749ns
    Clock Pessimism Removal (CPR):    -0.447ns
  Clock Net Delay (Source):      2.201ns (routing 0.881ns, distribution 1.320ns)
  Clock Net Delay (Destination): 2.511ns (routing 0.962ns, distribution 1.549ns)

    Location             Delay type                Incr(ns)  Path(ns)    Netlist Resource(s)
  -------------------------------------------------------------------    -------------------
                         (clock clk_out2_system_clk_wiz_0_0 rise edge)
                                                      0.000     0.000 r  
    BUFG_PS_X0Y81        BUFG_PS                      0.000     0.000 r  system_i/zynq_ultra_ps_e_0/inst/buffer_pl_clk_0.PL_CLK_0_BUFG/O
                         net (fo=1, routed)           1.458     1.458    system_i/clk_wiz_0/inst/clk_in1
    MMCM_X0Y3            MMCME4_ADV (Prop_MMCM_CLKIN1_CLKOUT1)
                                                      0.739     2.197 r  system_i/clk_wiz_0/inst/mmcme4_adv_inst/CLKOUT1
                         net (fo=1, routed)           0.312     2.509    system_i/clk_wiz_0/inst/clk_out2_system_clk_wiz_0_0
    BUFGCE_X0Y76         BUFGCE (Prop_BUFCE_BUFGCE_I_O)
                                                      0.039     2.548 r  system_i/clk_wiz_0/inst/clkout2_buf/O
    X1Y2 (CLOCK_ROOT)    net (fo=50751, routed)       2.201     4.749    <hidden>
    SLICE_X41Y206        FDRE                                         r  <hidden>
  -------------------------------------------------------------------    -------------------
    SLICE_X41Y206        FDRE (Prop_HFF2_SLICEM_C_Q)
                                                      0.113     4.862 r  <hidden>
                         net (fo=1, routed)           0.083     4.945    system_i/ImageRenderHLS_1/inst/grp_Render_fu_346/grp_RenderTiledFragBuff2_Uniforms_InTextures_OutTextures_s_fu_482/grp_get_triangles_BufferViewBase_BufferViewBase_Uniforms_s_fu_605/grp_create_triangle_VertexData_Uniforms_s_fu_1077/r_tdata_1[9]
    SLICE_X41Y207        SRL16E                                       r  system_i/ImageRenderHLS_1/inst/grp_Render_fu_346/grp_RenderTiledFragBuff2_Uniforms_InTextures_OutTextures_s_fu_482/grp_get_triangles_BufferViewBase_BufferViewBase_Uniforms_s_fu_605/grp_create_triangle_VertexData_Uniforms_s_fu_1077/acc_7_reg_1044_pp0_iter46_reg_reg[9]_srl9/D
  -------------------------------------------------------------------    -------------------

                         (clock clk_out2_system_clk_wiz_0_0 rise edge)
                                                      0.000     0.000 r  
    BUFG_PS_X0Y81        BUFG_PS                      0.000     0.000 r  system_i/zynq_ultra_ps_e_0/inst/buffer_pl_clk_0.PL_CLK_0_BUFG/O
                         net (fo=1, routed)           1.611     1.611    system_i/clk_wiz_0/inst/clk_in1
    MMCM_X0Y3            MMCME4_ADV (Prop_MMCM_CLKIN1_CLKOUT1)
                                                     -0.103     1.508 r  system_i/clk_wiz_0/inst/mmcme4_adv_inst/CLKOUT1
                         net (fo=1, routed)           0.355     1.863    system_i/clk_wiz_0/inst/clk_out2_system_clk_wiz_0_0
    BUFGCE_X0Y76         BUFGCE (Prop_BUFCE_BUFGCE_I_O)
                                                      0.044     1.907 r  system_i/clk_wiz_0/inst/clkout2_buf/O
    X1Y2 (CLOCK_ROOT)    net (fo=50751, routed)       2.511     4.418    system_i/ImageRenderHLS_1/inst/grp_Render_fu_346/grp_RenderTiledFragBuff2_Uniforms_InTextures_OutTextures_s_fu_482/grp_get_triangles_BufferViewBase_BufferViewBase_Uniforms_s_fu_605/grp_create_triangle_VertexData_Uniforms_s_fu_1077/ap_clk
    SLICE_X41Y207        SRL16E                                       r  system_i/ImageRenderHLS_1/inst/grp_Render_fu_346/grp_RenderTiledFragBuff2_Uniforms_InTextures_OutTextures_s_fu_482/grp_get_triangles_BufferViewBase_BufferViewBase_Uniforms_s_fu_605/grp_create_triangle_VertexData_Uniforms_s_fu_1077/acc_7_reg_1044_pp0_iter46_reg_reg[9]_srl9/CLK
                         clock pessimism              0.447     4.865    
    SLICE_X41Y207        SRL16E (Hold_B5LUT_SLICEM_CLK_D)
                                                      0.070     4.935    system_i/ImageRenderHLS_1/inst/grp_Render_fu_346/grp_RenderTiledFragBuff2_Uniforms_InTextures_OutTextures_s_fu_482/grp_get_triangles_BufferViewBase_BufferViewBase_Uniforms_s_fu_605/grp_create_triangle_VertexData_Uniforms_s_fu_1077/acc_7_reg_1044_pp0_iter46_reg_reg[9]_srl9
  -------------------------------------------------------------------
                         required time                         -4.935    
                         arrival time                           4.945    
  -------------------------------------------------------------------
                         slack                                  0.010    

Slack (MET) :             0.010ns  (arrival time - required time)
  Source:                 system_i/ImageRenderHLS_1/inst/grp_Render_fu_346/grp_RenderTiledFragBuff2_Uniforms_InTextures_OutTextures_s_fu_482/grp_render_tile_Fragment_Uniforms_InTextures_s_fu_661/grp_draw_triangle_InTextures_Uniforms_Fragment_s_fu_499/grp_draw_triangle_Pipeline_draw_triangle_y_loop_draw_triangle_x_loop_fu_378/grp_fragment_shader_fu_501/ap_phi_reg_pp0_iter98_phi_ln912_reg_232_reg[23]/C
                            (rising edge-triggered cell FDRE clocked by clk_out2_system_clk_wiz_0_0  {rise@0.000ns fall@2.500ns period=5.000ns})
  Destination:            system_i/ImageRenderHLS_1/inst/grp_Render_fu_346/grp_RenderTiledFragBuff2_Uniforms_InTextures_OutTextures_s_fu_482/grp_render_tile_Fragment_Uniforms_InTextures_s_fu_661/grp_draw_triangle_InTextures_Uniforms_Fragment_s_fu_499/grp_draw_triangle_Pipeline_draw_triangle_y_loop_draw_triangle_x_loop_fu_378/grp_fragment_shader_fu_501/ap_phi_reg_pp0_iter99_phi_ln912_reg_232_reg[23]/D
                            (rising edge-triggered cell FDRE clocked by clk_out2_system_clk_wiz_0_0  {rise@0.000ns fall@2.500ns period=5.000ns})
  Path Group:             clk_out2_system_clk_wiz_0_0
  Path Type:              Hold (Min at Slow Process Corner)
  Requirement:            0.000ns  (clk_out2_system_clk_wiz_0_0 rise@0.000ns - clk_out2_system_clk_wiz_0_0 rise@0.000ns)
  Data Path Delay:        0.203ns  (logic 0.113ns (55.665%)  route 0.090ns (44.335%))
  Logic Levels:           0  
  Clock Path Skew:        0.091ns (DCD - SCD - CPR)
    Destination Clock Delay (DCD):    4.315ns
    Source Clock Delay      (SCD):    4.727ns
    Clock Pessimism Removal (CPR):    -0.503ns
  Clock Net Delay (Source):      2.179ns (routing 0.881ns, distribution 1.298ns)
  Clock Net Delay (Destination): 2.408ns (routing 0.962ns, distribution 1.446ns)

    Location             Delay type                Incr(ns)  Path(ns)    Netlist Resource(s)
  -------------------------------------------------------------------    -------------------
                         (clock clk_out2_system_clk_wiz_0_0 rise edge)
                                                      0.000     0.000 r  
    BUFG_PS_X0Y81        BUFG_PS                      0.000     0.000 r  system_i/zynq_ultra_ps_e_0/inst/buffer_pl_clk_0.PL_CLK_0_BUFG/O
                         net (fo=1, routed)           1.458     1.458    system_i/clk_wiz_0/inst/clk_in1
    MMCM_X0Y3            MMCME4_ADV (Prop_MMCM_CLKIN1_CLKOUT1)
                                                      0.739     2.197 r  system_i/clk_wiz_0/inst/mmcme4_adv_inst/CLKOUT1
                         net (fo=1, routed)           0.312     2.509    system_i/clk_wiz_0/inst/clk_out2_system_clk_wiz_0_0
    BUFGCE_X0Y76         BUFGCE (Prop_BUFCE_BUFGCE_I_O)
                                                      0.039     2.548 r  system_i/clk_wiz_0/inst/clkout2_buf/O
    X1Y2 (CLOCK_ROOT)    net (fo=50751, routed)       2.179     4.727    system_i/ImageRenderHLS_1/inst/grp_Render_fu_346/grp_RenderTiledFragBuff2_Uniforms_InTextures_OutTextures_s_fu_482/grp_render_tile_Fragment_Uniforms_InTextures_s_fu_661/grp_draw_triangle_InTextures_Uniforms_Fragment_s_fu_499/grp_draw_triangle_Pipeline_draw_triangle_y_loop_draw_triangle_x_loop_fu_378/grp_fragment_shader_fu_501/ap_clk
    SLICE_X48Y167        FDRE                                         r  system_i/ImageRenderHLS_1/inst/grp_Render_fu_346/grp_RenderTiledFragBuff2_Uniforms_InTextures_OutTextures_s_fu_482/grp_render_tile_Fragment_Uniforms_InTextures_s_fu_661/grp_draw_triangle_InTextures_Uniforms_Fragment_s_fu_499/grp_draw_triangle_Pipeline_draw_triangle_y_loop_draw_triangle_x_loop_fu_378/grp_fragment_shader_fu_501/ap_phi_reg_pp0_iter98_phi_ln912_reg_232_reg[23]/C
  -------------------------------------------------------------------    -------------------
    SLICE_X48Y167        FDRE (Prop_BFF2_SLICEL_C_Q)
                                                      0.113     4.840 r  system_i/ImageRenderHLS_1/inst/grp_Render_fu_346/grp_RenderTiledFragBuff2_Uniforms_InTextures_OutTextures_s_fu_482/grp_render_tile_Fragment_Uniforms_InTextures_s_fu_661/grp_draw_triangle_InTextures_Uniforms_Fragment_s_fu_499/grp_draw_triangle_Pipeline_draw_triangle_y_loop_draw_triangle_x_loop_fu_378/grp_fragment_shader_fu_501/ap_phi_reg_pp0_iter98_phi_ln912_reg_232_reg[23]/Q
                         net (fo=1, routed)           0.090     4.930    system_i/ImageRenderHLS_1/inst/grp_Render_fu_346/grp_RenderTiledFragBuff2_Uniforms_InTextures_OutTextures_s_fu_482/grp_render_tile_Fragment_Uniforms_InTextures_s_fu_661/grp_draw_triangle_InTextures_Uniforms_Fragment_s_fu_499/grp_draw_triangle_Pipeline_draw_triangle_y_loop_draw_triangle_x_loop_fu_378/grp_fragment_shader_fu_501/ap_phi_reg_pp0_iter98_phi_ln912_reg_232[23]
    SLICE_X47Y167        FDRE                                         r  system_i/ImageRenderHLS_1/inst/grp_Render_fu_346/grp_RenderTiledFragBuff2_Uniforms_InTextures_OutTextures_s_fu_482/grp_render_tile_Fragment_Uniforms_InTextures_s_fu_661/grp_draw_triangle_InTextures_Uniforms_Fragment_s_fu_499/grp_draw_triangle_Pipeline_draw_triangle_y_loop_draw_triangle_x_loop_fu_378/grp_fragment_shader_fu_501/ap_phi_reg_pp0_iter99_phi_ln912_reg_232_reg[23]/D
  -------------------------------------------------------------------    -------------------

                         (clock clk_out2_system_clk_wiz_0_0 rise edge)
                                                      0.000     0.000 r  
    BUFG_PS_X0Y81        BUFG_PS                      0.000     0.000 r  system_i/zynq_ultra_ps_e_0/inst/buffer_pl_clk_0.PL_CLK_0_BUFG/O
                         net (fo=1, routed)           1.611     1.611    system_i/clk_wiz_0/inst/clk_in1
    MMCM_X0Y3            MMCME4_ADV (Prop_MMCM_CLKIN1_CLKOUT1)
                                                     -0.103     1.508 r  system_i/clk_wiz_0/inst/mmcme4_adv_inst/CLKOUT1
                         net (fo=1, routed)           0.355     1.863    system_i/clk_wiz_0/inst/clk_out2_system_clk_wiz_0_0
    BUFGCE_X0Y76         BUFGCE (Prop_BUFCE_BUFGCE_I_O)
                                                      0.044     1.907 r  system_i/clk_wiz_0/inst/clkout2_buf/O
    X1Y2 (CLOCK_ROOT)    net (fo=50751, routed)       2.408     4.315    system_i/ImageRenderHLS_1/inst/grp_Render_fu_346/grp_RenderTiledFragBuff2_Uniforms_InTextures_OutTextures_s_fu_482/grp_render_tile_Fragment_Uniforms_InTextures_s_fu_661/grp_draw_triangle_InTextures_Uniforms_Fragment_s_fu_499/grp_draw_triangle_Pipeline_draw_triangle_y_loop_draw_triangle_x_loop_fu_378/grp_fragment_shader_fu_501/ap_clk
    SLICE_X47Y167        FDRE                                         r  system_i/ImageRenderHLS_1/inst/grp_Render_fu_346/grp_RenderTiledFragBuff2_Uniforms_InTextures_OutTextures_s_fu_482/grp_render_tile_Fragment_Uniforms_InTextures_s_fu_661/grp_draw_triangle_InTextures_Uniforms_Fragment_s_fu_499/grp_draw_triangle_Pipeline_draw_triangle_y_loop_draw_triangle_x_loop_fu_378/grp_fragment_shader_fu_501/ap_phi_reg_pp0_iter99_phi_ln912_reg_232_reg[23]/C
                         clock pessimism              0.503     4.818    
    SLICE_X47Y167        FDRE (Hold_DFF2_SLICEL_C_D)
                                                      0.102     4.920    system_i/ImageRenderHLS_1/inst/grp_Render_fu_346/grp_RenderTiledFragBuff2_Uniforms_InTextures_OutTextures_s_fu_482/grp_render_tile_Fragment_Uniforms_InTextures_s_fu_661/grp_draw_triangle_InTextures_Uniforms_Fragment_s_fu_499/grp_draw_triangle_Pipeline_draw_triangle_y_loop_draw_triangle_x_loop_fu_378/grp_fragment_shader_fu_501/ap_phi_reg_pp0_iter99_phi_ln912_reg_232_reg[23]
  -------------------------------------------------------------------
                         required time                         -4.920    
                         arrival time                           4.930    
  -------------------------------------------------------------------
                         slack                                  0.010    

Slack (MET) :             0.010ns  (arrival time - required time)
  Source:                 system_i/ImageRenderHLS_1/inst/grp_Render_fu_346/grp_RenderTiledFragBuff2_Uniforms_InTextures_OutTextures_s_fu_482/grp_get_triangles_BufferViewBase_BufferViewBase_Uniforms_s_fu_605/vertexdata_2_U/q0_reg[26]/C
                            (rising edge-triggered cell FDRE clocked by clk_out2_system_clk_wiz_0_0  {rise@0.000ns fall@2.500ns period=5.000ns})
  Destination:            system_i/ImageRenderHLS_1/inst/grp_Render_fu_346/grp_RenderTiledFragBuff2_Uniforms_InTextures_OutTextures_s_fu_482/grp_get_triangles_BufferViewBase_BufferViewBase_Uniforms_s_fu_605/grp_create_triangle_VertexData_Uniforms_s_fu_1077/vertexdata_2_load_reg_910_reg[26]/D
                            (rising edge-triggered cell FDRE clocked by clk_out2_system_clk_wiz_0_0  {rise@0.000ns fall@2.500ns period=5.000ns})
  Path Group:             clk_out2_system_clk_wiz_0_0
  Path Type:              Hold (Min at Slow Process Corner)
  Requirement:            0.000ns  (clk_out2_system_clk_wiz_0_0 rise@0.000ns - clk_out2_system_clk_wiz_0_0 rise@0.000ns)
  Data Path Delay:        0.318ns  (logic 0.112ns (35.187%)  route 0.206ns (64.813%))
  Logic Levels:           0  
  Clock Path Skew:        0.207ns (DCD - SCD - CPR)
    Destination Clock Delay (DCD):    4.330ns
    Source Clock Delay      (SCD):    4.627ns
    Clock Pessimism Removal (CPR):    -0.505ns
  Clock Net Delay (Source):      2.079ns (routing 0.881ns, distribution 1.198ns)
  Clock Net Delay (Destination): 2.423ns (routing 0.962ns, distribution 1.461ns)

    Location             Delay type                Incr(ns)  Path(ns)    Netlist Resource(s)
  -------------------------------------------------------------------    -------------------
                         (clock clk_out2_system_clk_wiz_0_0 rise edge)
                                                      0.000     0.000 r  
    BUFG_PS_X0Y81        BUFG_PS                      0.000     0.000 r  system_i/zynq_ultra_ps_e_0/inst/buffer_pl_clk_0.PL_CLK_0_BUFG/O
                         net (fo=1, routed)           1.458     1.458    system_i/clk_wiz_0/inst/clk_in1
    MMCM_X0Y3            MMCME4_ADV (Prop_MMCM_CLKIN1_CLKOUT1)
                                                      0.739     2.197 r  system_i/clk_wiz_0/inst/mmcme4_adv_inst/CLKOUT1
                         net (fo=1, routed)           0.312     2.509    system_i/clk_wiz_0/inst/clk_out2_system_clk_wiz_0_0
    BUFGCE_X0Y76         BUFGCE (Prop_BUFCE_BUFGCE_I_O)
                                                      0.039     2.548 r  system_i/clk_wiz_0/inst/clkout2_buf/O
    X1Y2 (CLOCK_ROOT)    net (fo=50751, routed)       2.079     4.627    system_i/ImageRenderHLS_1/inst/grp_Render_fu_346/grp_RenderTiledFragBuff2_Uniforms_InTextures_OutTextures_s_fu_482/grp_get_triangles_BufferViewBase_BufferViewBase_Uniforms_s_fu_605/vertexdata_2_U/ap_clk
    SLICE_X38Y124        FDRE                                         r  system_i/ImageRenderHLS_1/inst/grp_Render_fu_346/grp_RenderTiledFragBuff2_Uniforms_InTextures_OutTextures_s_fu_482/grp_get_triangles_BufferViewBase_BufferViewBase_Uniforms_s_fu_605/vertexdata_2_U/q0_reg[26]/C
  -------------------------------------------------------------------    -------------------
    SLICE_X38Y124        FDRE (Prop_GFF_SLICEM_C_Q)
                                                      0.112     4.739 r  system_i/ImageRenderHLS_1/inst/grp_Render_fu_346/grp_RenderTiledFragBuff2_Uniforms_InTextures_OutTextures_s_fu_482/grp_get_triangles_BufferViewBase_BufferViewBase_Uniforms_s_fu_605/vertexdata_2_U/q0_reg[26]/Q
                         net (fo=3, routed)           0.206     4.946    system_i/ImageRenderHLS_1/inst/grp_Render_fu_346/grp_RenderTiledFragBuff2_Uniforms_InTextures_OutTextures_s_fu_482/grp_get_triangles_BufferViewBase_BufferViewBase_Uniforms_s_fu_605/grp_create_triangle_VertexData_Uniforms_s_fu_1077/vertexdata_2_load_reg_910_reg[31]_0[26]
    SLICE_X41Y124        FDRE                                         r  system_i/ImageRenderHLS_1/inst/grp_Render_fu_346/grp_RenderTiledFragBuff2_Uniforms_InTextures_OutTextures_s_fu_482/grp_get_triangles_BufferViewBase_BufferViewBase_Uniforms_s_fu_605/grp_create_triangle_VertexData_Uniforms_s_fu_1077/vertexdata_2_load_reg_910_reg[26]/D
  -------------------------------------------------------------------    -------------------

                         (clock clk_out2_system_clk_wiz_0_0 rise edge)
                                                      0.000     0.000 r  
    BUFG_PS_X0Y81        BUFG_PS                      0.000     0.000 r  system_i/zynq_ultra_ps_e_0/inst/buffer_pl_clk_0.PL_CLK_0_BUFG/O
                         net (fo=1, routed)           1.611     1.611    system_i/clk_wiz_0/inst/clk_in1
    MMCM_X0Y3            MMCME4_ADV (Prop_MMCM_CLKIN1_CLKOUT1)
                                                     -0.103     1.508 r  system_i/clk_wiz_0/inst/mmcme4_adv_inst/CLKOUT1
                         net (fo=1, routed)           0.355     1.863    system_i/clk_wiz_0/inst/clk_out2_system_clk_wiz_0_0
    BUFGCE_X0Y76         BUFGCE (Prop_BUFCE_BUFGCE_I_O)
                                                      0.044     1.907 r  system_i/clk_wiz_0/inst/clkout2_buf/O
    X1Y2 (CLOCK_ROOT)    net (fo=50751, routed)       2.423     4.330    system_i/ImageRenderHLS_1/inst/grp_Render_fu_346/grp_RenderTiledFragBuff2_Uniforms_InTextures_OutTextures_s_fu_482/grp_get_triangles_BufferViewBase_BufferViewBase_Uniforms_s_fu_605/grp_create_triangle_VertexData_Uniforms_s_fu_1077/ap_clk
    SLICE_X41Y124        FDRE                                         r  system_i/ImageRenderHLS_1/inst/grp_Render_fu_346/grp_RenderTiledFragBuff2_Uniforms_InTextures_OutTextures_s_fu_482/grp_get_triangles_BufferViewBase_BufferViewBase_Uniforms_s_fu_605/grp_create_triangle_VertexData_Uniforms_s_fu_1077/vertexdata_2_load_reg_910_reg[26]/C
                         clock pessimism              0.505     4.834    
    SLICE_X41Y124        FDRE (Hold_EFF_SLICEM_C_D)
                                                      0.101     4.935    system_i/ImageRenderHLS_1/inst/grp_Render_fu_346/grp_RenderTiledFragBuff2_Uniforms_InTextures_OutTextures_s_fu_482/grp_get_triangles_BufferViewBase_BufferViewBase_Uniforms_s_fu_605/grp_create_triangle_VertexData_Uniforms_s_fu_1077/vertexdata_2_load_reg_910_reg[26]
  -------------------------------------------------------------------
                         required time                         -4.935    
                         arrival time                           4.946    
  -------------------------------------------------------------------
                         slack                                  0.010    

Slack (MET) :             0.010ns  (arrival time - required time)
  Source:                 system_i/axi_ic_zynq_ultra_ps_e_0_S_AXI_HP2_FPD/xbar/inst/gen_samd.crossbar_samd/addr_arbiter_aw/gen_arbiter.m_mesg_i_reg[30]/C
                            (rising edge-triggered cell FDRE clocked by clk_out2_system_clk_wiz_0_0  {rise@0.000ns fall@2.500ns period=5.000ns})
  Destination:            <hidden>
                            (rising edge-triggered cell RAMD32 clocked by clk_out2_system_clk_wiz_0_0  {rise@0.000ns fall@2.500ns period=5.000ns})
  Path Group:             clk_out2_system_clk_wiz_0_0
  Path Type:              Hold (Min at Slow Process Corner)
  Requirement:            0.000ns  (clk_out2_system_clk_wiz_0_0 rise@0.000ns - clk_out2_system_clk_wiz_0_0 rise@0.000ns)
  Data Path Delay:        0.227ns  (logic 0.113ns (49.780%)  route 0.114ns (50.220%))
  Logic Levels:           0  
  Clock Path Skew:        0.138ns (DCD - SCD - CPR)
    Destination Clock Delay (DCD):    4.435ns
    Source Clock Delay      (SCD):    4.801ns
    Clock Pessimism Removal (CPR):    -0.504ns
  Clock Net Delay (Source):      2.253ns (routing 0.881ns, distribution 1.372ns)
  Clock Net Delay (Destination): 2.528ns (routing 0.962ns, distribution 1.566ns)

    Location             Delay type                Incr(ns)  Path(ns)    Netlist Resource(s)
  -------------------------------------------------------------------    -------------------
                         (clock clk_out2_system_clk_wiz_0_0 rise edge)
                                                      0.000     0.000 r  
    BUFG_PS_X0Y81        BUFG_PS                      0.000     0.000 r  system_i/zynq_ultra_ps_e_0/inst/buffer_pl_clk_0.PL_CLK_0_BUFG/O
                         net (fo=1, routed)           1.458     1.458    system_i/clk_wiz_0/inst/clk_in1
    MMCM_X0Y3            MMCME4_ADV (Prop_MMCM_CLKIN1_CLKOUT1)
                                                      0.739     2.197 r  system_i/clk_wiz_0/inst/mmcme4_adv_inst/CLKOUT1
                         net (fo=1, routed)           0.312     2.509    system_i/clk_wiz_0/inst/clk_out2_system_clk_wiz_0_0
    BUFGCE_X0Y76         BUFGCE (Prop_BUFCE_BUFGCE_I_O)
                                                      0.039     2.548 r  system_i/clk_wiz_0/inst/clkout2_buf/O
    X1Y2 (CLOCK_ROOT)    net (fo=50751, routed)       2.253     4.801    system_i/axi_ic_zynq_ultra_ps_e_0_S_AXI_HP2_FPD/xbar/inst/gen_samd.crossbar_samd/addr_arbiter_aw/aclk
    SLICE_X4Y171         FDRE                                         r  system_i/axi_ic_zynq_ultra_ps_e_0_S_AXI_HP2_FPD/xbar/inst/gen_samd.crossbar_samd/addr_arbiter_aw/gen_arbiter.m_mesg_i_reg[30]/C
  -------------------------------------------------------------------    -------------------
    SLICE_X4Y171         FDRE (Prop_CFF2_SLICEM_C_Q)
                                                      0.113     4.914 r  system_i/axi_ic_zynq_ultra_ps_e_0_S_AXI_HP2_FPD/xbar/inst/gen_samd.crossbar_samd/addr_arbiter_aw/gen_arbiter.m_mesg_i_reg[30]/Q
                         net (fo=1, routed)           0.114     5.028    <hidden>
    SLICE_X2Y172         RAMD32                                       r  <hidden>
  -------------------------------------------------------------------    -------------------

                         (clock clk_out2_system_clk_wiz_0_0 rise edge)
                                                      0.000     0.000 r  
    BUFG_PS_X0Y81        BUFG_PS                      0.000     0.000 r  system_i/zynq_ultra_ps_e_0/inst/buffer_pl_clk_0.PL_CLK_0_BUFG/O
                         net (fo=1, routed)           1.611     1.611    system_i/clk_wiz_0/inst/clk_in1
    MMCM_X0Y3            MMCME4_ADV (Prop_MMCM_CLKIN1_CLKOUT1)
                                                     -0.103     1.508 r  system_i/clk_wiz_0/inst/mmcme4_adv_inst/CLKOUT1
                         net (fo=1, routed)           0.355     1.863    system_i/clk_wiz_0/inst/clk_out2_system_clk_wiz_0_0
    BUFGCE_X0Y76         BUFGCE (Prop_BUFCE_BUFGCE_I_O)
                                                      0.044     1.907 r  system_i/clk_wiz_0/inst/clkout2_buf/O
    X1Y2 (CLOCK_ROOT)    net (fo=50751, routed)       2.528     4.435    <hidden>
    SLICE_X2Y172         RAMD32                                       r  <hidden>
                         clock pessimism              0.504     4.939    
    SLICE_X2Y172         RAMD32 (Hold_A6LUT_SLICEM_CLK_I)
                                                      0.079     5.018    <hidden>
  -------------------------------------------------------------------
                         required time                         -5.018    
                         arrival time                           5.028    
  -------------------------------------------------------------------
                         slack                                  0.010    

Slack (MET) :             0.010ns  (arrival time - required time)
  Source:                 <hidden>
                            (rising edge-triggered cell FDRE clocked by clk_out2_system_clk_wiz_0_0  {rise@0.000ns fall@2.500ns period=5.000ns})
  Destination:            system_i/ImageRenderHLS_1/inst/grp_Render_fu_346/grp_RenderTiledFragBuff2_Uniforms_InTextures_OutTextures_s_fu_482/grp_render_tile_Fragment_Uniforms_InTextures_s_fu_661/grp_draw_triangle_InTextures_Uniforms_Fragment_s_fu_499/grp_draw_triangle_Pipeline_draw_triangle_y_loop_draw_triangle_x_loop_fu_378/grp_fragment_shader_fu_501/fadd_32ns_32ns_32_8_full_dsp_1_x_U209/dout_r_reg[7]/D
                            (rising edge-triggered cell FDRE clocked by clk_out2_system_clk_wiz_0_0  {rise@0.000ns fall@2.500ns period=5.000ns})
  Path Group:             clk_out2_system_clk_wiz_0_0
  Path Type:              Hold (Min at Slow Process Corner)
  Requirement:            0.000ns  (clk_out2_system_clk_wiz_0_0 rise@0.000ns - clk_out2_system_clk_wiz_0_0 rise@0.000ns)
  Data Path Delay:        0.233ns  (logic 0.112ns (48.153%)  route 0.121ns (51.847%))
  Logic Levels:           0  
  Clock Path Skew:        0.120ns (DCD - SCD - CPR)
    Destination Clock Delay (DCD):    4.259ns
    Source Clock Delay      (SCD):    4.643ns
    Clock Pessimism Removal (CPR):    -0.505ns
  Clock Net Delay (Source):      2.095ns (routing 0.881ns, distribution 1.214ns)
  Clock Net Delay (Destination): 2.352ns (routing 0.962ns, distribution 1.390ns)

    Location             Delay type                Incr(ns)  Path(ns)    Netlist Resource(s)
  -------------------------------------------------------------------    -------------------
                         (clock clk_out2_system_clk_wiz_0_0 rise edge)
                                                      0.000     0.000 r  
    BUFG_PS_X0Y81        BUFG_PS                      0.000     0.000 r  system_i/zynq_ultra_ps_e_0/inst/buffer_pl_clk_0.PL_CLK_0_BUFG/O
                         net (fo=1, routed)           1.458     1.458    system_i/clk_wiz_0/inst/clk_in1
    MMCM_X0Y3            MMCME4_ADV (Prop_MMCM_CLKIN1_CLKOUT1)
                                                      0.739     2.197 r  system_i/clk_wiz_0/inst/mmcme4_adv_inst/CLKOUT1
                         net (fo=1, routed)           0.312     2.509    system_i/clk_wiz_0/inst/clk_out2_system_clk_wiz_0_0
    BUFGCE_X0Y76         BUFGCE (Prop_BUFCE_BUFGCE_I_O)
                                                      0.039     2.548 r  system_i/clk_wiz_0/inst/clkout2_buf/O
    X1Y2 (CLOCK_ROOT)    net (fo=50751, routed)       2.095     4.643    <hidden>
    SLICE_X37Y211        FDRE                                         r  <hidden>
  -------------------------------------------------------------------    -------------------
    SLICE_X37Y211        FDRE (Prop_GFF_SLICEM_C_Q)
                                                      0.112     4.755 r  <hidden>
                         net (fo=2, routed)           0.121     4.876    system_i/ImageRenderHLS_1/inst/grp_Render_fu_346/grp_RenderTiledFragBuff2_Uniforms_InTextures_OutTextures_s_fu_482/grp_render_tile_Fragment_Uniforms_InTextures_s_fu_661/grp_draw_triangle_InTextures_Uniforms_Fragment_s_fu_499/grp_draw_triangle_Pipeline_draw_triangle_y_loop_draw_triangle_x_loop_fu_378/grp_fragment_shader_fu_501/fadd_32ns_32ns_32_8_full_dsp_1_x_U209/r_tdata[7]
    SLICE_X38Y211        FDRE                                         r  system_i/ImageRenderHLS_1/inst/grp_Render_fu_346/grp_RenderTiledFragBuff2_Uniforms_InTextures_OutTextures_s_fu_482/grp_render_tile_Fragment_Uniforms_InTextures_s_fu_661/grp_draw_triangle_InTextures_Uniforms_Fragment_s_fu_499/grp_draw_triangle_Pipeline_draw_triangle_y_loop_draw_triangle_x_loop_fu_378/grp_fragment_shader_fu_501/fadd_32ns_32ns_32_8_full_dsp_1_x_U209/dout_r_reg[7]/D
  -------------------------------------------------------------------    -------------------

                         (clock clk_out2_system_clk_wiz_0_0 rise edge)
                                                      0.000     0.000 r  
    BUFG_PS_X0Y81        BUFG_PS                      0.000     0.000 r  system_i/zynq_ultra_ps_e_0/inst/buffer_pl_clk_0.PL_CLK_0_BUFG/O
                         net (fo=1, routed)           1.611     1.611    system_i/clk_wiz_0/inst/clk_in1
    MMCM_X0Y3            MMCME4_ADV (Prop_MMCM_CLKIN1_CLKOUT1)
                                                     -0.103     1.508 r  system_i/clk_wiz_0/inst/mmcme4_adv_inst/CLKOUT1
                         net (fo=1, routed)           0.355     1.863    system_i/clk_wiz_0/inst/clk_out2_system_clk_wiz_0_0
    BUFGCE_X0Y76         BUFGCE (Prop_BUFCE_BUFGCE_I_O)
                                                      0.044     1.907 r  system_i/clk_wiz_0/inst/clkout2_buf/O
    X1Y2 (CLOCK_ROOT)    net (fo=50751, routed)       2.352     4.259    system_i/ImageRenderHLS_1/inst/grp_Render_fu_346/grp_RenderTiledFragBuff2_Uniforms_InTextures_OutTextures_s_fu_482/grp_render_tile_Fragment_Uniforms_InTextures_s_fu_661/grp_draw_triangle_InTextures_Uniforms_Fragment_s_fu_499/grp_draw_triangle_Pipeline_draw_triangle_y_loop_draw_triangle_x_loop_fu_378/grp_fragment_shader_fu_501/fadd_32ns_32ns_32_8_full_dsp_1_x_U209/ap_clk
    SLICE_X38Y211        FDRE                                         r  system_i/ImageRenderHLS_1/inst/grp_Render_fu_346/grp_RenderTiledFragBuff2_Uniforms_InTextures_OutTextures_s_fu_482/grp_render_tile_Fragment_Uniforms_InTextures_s_fu_661/grp_draw_triangle_InTextures_Uniforms_Fragment_s_fu_499/grp_draw_triangle_Pipeline_draw_triangle_y_loop_draw_triangle_x_loop_fu_378/grp_fragment_shader_fu_501/fadd_32ns_32ns_32_8_full_dsp_1_x_U209/dout_r_reg[7]/C
                         clock pessimism              0.505     4.764    
    SLICE_X38Y211        FDRE (Hold_CFF2_SLICEM_C_D)
                                                      0.102     4.866    system_i/ImageRenderHLS_1/inst/grp_Render_fu_346/grp_RenderTiledFragBuff2_Uniforms_InTextures_OutTextures_s_fu_482/grp_render_tile_Fragment_Uniforms_InTextures_s_fu_661/grp_draw_triangle_InTextures_Uniforms_Fragment_s_fu_499/grp_draw_triangle_Pipeline_draw_triangle_y_loop_draw_triangle_x_loop_fu_378/grp_fragment_shader_fu_501/fadd_32ns_32ns_32_8_full_dsp_1_x_U209/dout_r_reg[7]
  -------------------------------------------------------------------
                         required time                         -4.866    
                         arrival time                           4.876    
  -------------------------------------------------------------------
                         slack                                  0.010    

Slack (MET) :             0.010ns  (arrival time - required time)
  Source:                 system_i/ImageRenderHLS_1/inst/gmem5_m_axi_U/bus_write/wreq_burst_conv/could_multi_bursts.addr_buf_reg[11]/C
                            (rising edge-triggered cell FDRE clocked by clk_out2_system_clk_wiz_0_0  {rise@0.000ns fall@2.500ns period=5.000ns})
  Destination:            system_i/ImageRenderHLS_1/inst/gmem5_m_axi_U/bus_write/wreq_throttle/req_fifo/U_fifo_srl/mem_reg[14][11]_srl15/D
                            (rising edge-triggered cell SRL16E clocked by clk_out2_system_clk_wiz_0_0  {rise@0.000ns fall@2.500ns period=5.000ns})
  Path Group:             clk_out2_system_clk_wiz_0_0
  Path Type:              Hold (Min at Slow Process Corner)
  Requirement:            0.000ns  (clk_out2_system_clk_wiz_0_0 rise@0.000ns - clk_out2_system_clk_wiz_0_0 rise@0.000ns)
  Data Path Delay:        0.207ns  (logic 0.111ns (53.606%)  route 0.096ns (46.394%))
  Logic Levels:           0  
  Clock Path Skew:        0.127ns (DCD - SCD - CPR)
    Destination Clock Delay (DCD):    4.433ns
    Source Clock Delay      (SCD):    4.810ns
    Clock Pessimism Removal (CPR):    -0.504ns
  Clock Net Delay (Source):      2.262ns (routing 0.881ns, distribution 1.381ns)
  Clock Net Delay (Destination): 2.526ns (routing 0.962ns, distribution 1.564ns)

    Location             Delay type                Incr(ns)  Path(ns)    Netlist Resource(s)
  -------------------------------------------------------------------    -------------------
                         (clock clk_out2_system_clk_wiz_0_0 rise edge)
                                                      0.000     0.000 r  
    BUFG_PS_X0Y81        BUFG_PS                      0.000     0.000 r  system_i/zynq_ultra_ps_e_0/inst/buffer_pl_clk_0.PL_CLK_0_BUFG/O
                         net (fo=1, routed)           1.458     1.458    system_i/clk_wiz_0/inst/clk_in1
    MMCM_X0Y3            MMCME4_ADV (Prop_MMCM_CLKIN1_CLKOUT1)
                                                      0.739     2.197 r  system_i/clk_wiz_0/inst/mmcme4_adv_inst/CLKOUT1
                         net (fo=1, routed)           0.312     2.509    system_i/clk_wiz_0/inst/clk_out2_system_clk_wiz_0_0
    BUFGCE_X0Y76         BUFGCE (Prop_BUFCE_BUFGCE_I_O)
                                                      0.039     2.548 r  system_i/clk_wiz_0/inst/clkout2_buf/O
    X1Y2 (CLOCK_ROOT)    net (fo=50751, routed)       2.262     4.810    system_i/ImageRenderHLS_1/inst/gmem5_m_axi_U/bus_write/wreq_burst_conv/ap_clk
    SLICE_X8Y174         FDRE                                         r  system_i/ImageRenderHLS_1/inst/gmem5_m_axi_U/bus_write/wreq_burst_conv/could_multi_bursts.addr_buf_reg[11]/C
  -------------------------------------------------------------------    -------------------
    SLICE_X8Y174         FDRE (Prop_BFF_SLICEM_C_Q)
                                                      0.111     4.921 r  system_i/ImageRenderHLS_1/inst/gmem5_m_axi_U/bus_write/wreq_burst_conv/could_multi_bursts.addr_buf_reg[11]/Q
                         net (fo=2, routed)           0.096     5.017    system_i/ImageRenderHLS_1/inst/gmem5_m_axi_U/bus_write/wreq_throttle/req_fifo/U_fifo_srl/in[9]
    SLICE_X7Y174         SRL16E                                       r  system_i/ImageRenderHLS_1/inst/gmem5_m_axi_U/bus_write/wreq_throttle/req_fifo/U_fifo_srl/mem_reg[14][11]_srl15/D
  -------------------------------------------------------------------    -------------------

                         (clock clk_out2_system_clk_wiz_0_0 rise edge)
                                                      0.000     0.000 r  
    BUFG_PS_X0Y81        BUFG_PS                      0.000     0.000 r  system_i/zynq_ultra_ps_e_0/inst/buffer_pl_clk_0.PL_CLK_0_BUFG/O
                         net (fo=1, routed)           1.611     1.611    system_i/clk_wiz_0/inst/clk_in1
    MMCM_X0Y3            MMCME4_ADV (Prop_MMCM_CLKIN1_CLKOUT1)
                                                     -0.103     1.508 r  system_i/clk_wiz_0/inst/mmcme4_adv_inst/CLKOUT1
                         net (fo=1, routed)           0.355     1.863    system_i/clk_wiz_0/inst/clk_out2_system_clk_wiz_0_0
    BUFGCE_X0Y76         BUFGCE (Prop_BUFCE_BUFGCE_I_O)
                                                      0.044     1.907 r  system_i/clk_wiz_0/inst/clkout2_buf/O
    X1Y2 (CLOCK_ROOT)    net (fo=50751, routed)       2.526     4.433    system_i/ImageRenderHLS_1/inst/gmem5_m_axi_U/bus_write/wreq_throttle/req_fifo/U_fifo_srl/ap_clk
    SLICE_X7Y174         SRL16E                                       r  system_i/ImageRenderHLS_1/inst/gmem5_m_axi_U/bus_write/wreq_throttle/req_fifo/U_fifo_srl/mem_reg[14][11]_srl15/CLK
                         clock pessimism              0.504     4.937    
    SLICE_X7Y174         SRL16E (Hold_B5LUT_SLICEM_CLK_D)
                                                      0.070     5.007    system_i/ImageRenderHLS_1/inst/gmem5_m_axi_U/bus_write/wreq_throttle/req_fifo/U_fifo_srl/mem_reg[14][11]_srl15
  -------------------------------------------------------------------
                         required time                         -5.007    
                         arrival time                           5.017    
  -------------------------------------------------------------------
                         slack                                  0.010    

Slack (MET) :             0.010ns  (arrival time - required time)
  Source:                 system_i/ImageRenderHLS_1/inst/grp_Render_fu_346/grp_RenderTiledFragBuff2_Uniforms_InTextures_OutTextures_s_fu_482/grp_get_triangles_BufferViewBase_BufferViewBase_Uniforms_s_fu_605/triangle_var_2_U/q1_reg[21]/C
                            (rising edge-triggered cell FDRE clocked by clk_out2_system_clk_wiz_0_0  {rise@0.000ns fall@2.500ns period=5.000ns})
  Destination:            system_i/ImageRenderHLS_1/inst/grp_Render_fu_346/grp_RenderTiledFragBuff2_Uniforms_InTextures_OutTextures_s_fu_482/triangle_buffer_var_2_U/ram_reg/DINBDIN[3]
                            (rising edge-triggered cell RAMB18E2 clocked by clk_out2_system_clk_wiz_0_0  {rise@0.000ns fall@2.500ns period=5.000ns})
  Path Group:             clk_out2_system_clk_wiz_0_0
  Path Type:              Hold (Min at Slow Process Corner)
  Requirement:            0.000ns  (clk_out2_system_clk_wiz_0_0 rise@0.000ns - clk_out2_system_clk_wiz_0_0 rise@0.000ns)
  Data Path Delay:        0.239ns  (logic 0.112ns (46.862%)  route 0.127ns (53.138%))
  Logic Levels:           0  
  Clock Path Skew:        0.277ns (DCD - SCD - CPR)
    Destination Clock Delay (DCD):    4.517ns
    Source Clock Delay      (SCD):    4.740ns
    Clock Pessimism Removal (CPR):    -0.500ns
  Clock Net Delay (Source):      2.192ns (routing 0.881ns, distribution 1.311ns)
  Clock Net Delay (Destination): 2.610ns (routing 0.962ns, distribution 1.648ns)

    Location             Delay type                Incr(ns)  Path(ns)    Netlist Resource(s)
  -------------------------------------------------------------------    -------------------
                         (clock clk_out2_system_clk_wiz_0_0 rise edge)
                                                      0.000     0.000 r  
    BUFG_PS_X0Y81        BUFG_PS                      0.000     0.000 r  system_i/zynq_ultra_ps_e_0/inst/buffer_pl_clk_0.PL_CLK_0_BUFG/O
                         net (fo=1, routed)           1.458     1.458    system_i/clk_wiz_0/inst/clk_in1
    MMCM_X0Y3            MMCME4_ADV (Prop_MMCM_CLKIN1_CLKOUT1)
                                                      0.739     2.197 r  system_i/clk_wiz_0/inst/mmcme4_adv_inst/CLKOUT1
                         net (fo=1, routed)           0.312     2.509    system_i/clk_wiz_0/inst/clk_out2_system_clk_wiz_0_0
    BUFGCE_X0Y76         BUFGCE (Prop_BUFCE_BUFGCE_I_O)
                                                      0.039     2.548 r  system_i/clk_wiz_0/inst/clkout2_buf/O
    X1Y2 (CLOCK_ROOT)    net (fo=50751, routed)       2.192     4.740    system_i/ImageRenderHLS_1/inst/grp_Render_fu_346/grp_RenderTiledFragBuff2_Uniforms_InTextures_OutTextures_s_fu_482/grp_get_triangles_BufferViewBase_BufferViewBase_Uniforms_s_fu_605/triangle_var_2_U/ap_clk
    SLICE_X46Y122        FDRE                                         r  system_i/ImageRenderHLS_1/inst/grp_Render_fu_346/grp_RenderTiledFragBuff2_Uniforms_InTextures_OutTextures_s_fu_482/grp_get_triangles_BufferViewBase_BufferViewBase_Uniforms_s_fu_605/triangle_var_2_U/q1_reg[21]/C
  -------------------------------------------------------------------    -------------------
    SLICE_X46Y122        FDRE (Prop_AFF_SLICEL_C_Q)
                                                      0.112     4.852 r  system_i/ImageRenderHLS_1/inst/grp_Render_fu_346/grp_RenderTiledFragBuff2_Uniforms_InTextures_OutTextures_s_fu_482/grp_get_triangles_BufferViewBase_BufferViewBase_Uniforms_s_fu_605/triangle_var_2_U/q1_reg[21]/Q
                         net (fo=1, routed)           0.127     4.979    system_i/ImageRenderHLS_1/inst/grp_Render_fu_346/grp_RenderTiledFragBuff2_Uniforms_InTextures_OutTextures_s_fu_482/triangle_buffer_var_2_U/ram_reg_2[21]
    RAMB18_X1Y49         RAMB18E2                                     r  system_i/ImageRenderHLS_1/inst/grp_Render_fu_346/grp_RenderTiledFragBuff2_Uniforms_InTextures_OutTextures_s_fu_482/triangle_buffer_var_2_U/ram_reg/DINBDIN[3]
  -------------------------------------------------------------------    -------------------

                         (clock clk_out2_system_clk_wiz_0_0 rise edge)
                                                      0.000     0.000 r  
    BUFG_PS_X0Y81        BUFG_PS                      0.000     0.000 r  system_i/zynq_ultra_ps_e_0/inst/buffer_pl_clk_0.PL_CLK_0_BUFG/O
                         net (fo=1, routed)           1.611     1.611    system_i/clk_wiz_0/inst/clk_in1
    MMCM_X0Y3            MMCME4_ADV (Prop_MMCM_CLKIN1_CLKOUT1)
                                                     -0.103     1.508 r  system_i/clk_wiz_0/inst/mmcme4_adv_inst/CLKOUT1
                         net (fo=1, routed)           0.355     1.863    system_i/clk_wiz_0/inst/clk_out2_system_clk_wiz_0_0
    BUFGCE_X0Y76         BUFGCE (Prop_BUFCE_BUFGCE_I_O)
                                                      0.044     1.907 r  system_i/clk_wiz_0/inst/clkout2_buf/O
    X1Y2 (CLOCK_ROOT)    net (fo=50751, routed)       2.610     4.517    system_i/ImageRenderHLS_1/inst/grp_Render_fu_346/grp_RenderTiledFragBuff2_Uniforms_InTextures_OutTextures_s_fu_482/triangle_buffer_var_2_U/ap_clk
    RAMB18_X1Y49         RAMB18E2                                     r  system_i/ImageRenderHLS_1/inst/grp_Render_fu_346/grp_RenderTiledFragBuff2_Uniforms_InTextures_OutTextures_s_fu_482/triangle_buffer_var_2_U/ram_reg/CLKBWRCLK
                         clock pessimism              0.500     5.017    
    RAMB18_X1Y49         RAMB18E2 (Hold_RAMB18E2_U_RAMB181_CLKBWRCLK_DINBDIN[3])
                                                     -0.048     4.969    system_i/ImageRenderHLS_1/inst/grp_Render_fu_346/grp_RenderTiledFragBuff2_Uniforms_InTextures_OutTextures_s_fu_482/triangle_buffer_var_2_U/ram_reg
  -------------------------------------------------------------------
                         required time                         -4.969    
                         arrival time                           4.979    
  -------------------------------------------------------------------
                         slack                                  0.010    

Slack (MET) :             0.010ns  (arrival time - required time)
  Source:                 <hidden>
                            (rising edge-triggered cell FDRE clocked by clk_out2_system_clk_wiz_0_0  {rise@0.000ns fall@2.500ns period=5.000ns})
  Destination:            <hidden>
                            (rising edge-triggered cell FDRE clocked by clk_out2_system_clk_wiz_0_0  {rise@0.000ns fall@2.500ns period=5.000ns})
  Path Group:             clk_out2_system_clk_wiz_0_0
  Path Type:              Hold (Min at Slow Process Corner)
  Requirement:            0.000ns  (clk_out2_system_clk_wiz_0_0 rise@0.000ns - clk_out2_system_clk_wiz_0_0 rise@0.000ns)
  Data Path Delay:        0.222ns  (logic 0.112ns (50.435%)  route 0.110ns (49.565%))
  Logic Levels:           0  
  Clock Path Skew:        0.110ns (DCD - SCD - CPR)
    Destination Clock Delay (DCD):    4.451ns
    Source Clock Delay      (SCD):    4.842ns
    Clock Pessimism Removal (CPR):    -0.501ns
  Clock Net Delay (Source):      2.294ns (routing 0.881ns, distribution 1.413ns)
  Clock Net Delay (Destination): 2.544ns (routing 0.962ns, distribution 1.582ns)

    Location             Delay type                Incr(ns)  Path(ns)    Netlist Resource(s)
  -------------------------------------------------------------------    -------------------
                         (clock clk_out2_system_clk_wiz_0_0 rise edge)
                                                      0.000     0.000 r  
    BUFG_PS_X0Y81        BUFG_PS                      0.000     0.000 r  system_i/zynq_ultra_ps_e_0/inst/buffer_pl_clk_0.PL_CLK_0_BUFG/O
                         net (fo=1, routed)           1.458     1.458    system_i/clk_wiz_0/inst/clk_in1
    MMCM_X0Y3            MMCME4_ADV (Prop_MMCM_CLKIN1_CLKOUT1)
                                                      0.739     2.197 r  system_i/clk_wiz_0/inst/mmcme4_adv_inst/CLKOUT1
                         net (fo=1, routed)           0.312     2.509    system_i/clk_wiz_0/inst/clk_out2_system_clk_wiz_0_0
    BUFGCE_X0Y76         BUFGCE (Prop_BUFCE_BUFGCE_I_O)
                                                      0.039     2.548 r  system_i/clk_wiz_0/inst/clkout2_buf/O
    X1Y2 (CLOCK_ROOT)    net (fo=50751, routed)       2.294     4.842    <hidden>
    SLICE_X0Y227         FDRE                                         r  <hidden>
  -------------------------------------------------------------------    -------------------
    SLICE_X0Y227         FDRE (Prop_DFF_SLICEL_C_Q)
                                                      0.112     4.954 r  <hidden>
                         net (fo=4, routed)           0.110     5.064    <hidden>
    SLICE_X1Y227         FDRE                                         r  <hidden>
  -------------------------------------------------------------------    -------------------

                         (clock clk_out2_system_clk_wiz_0_0 rise edge)
                                                      0.000     0.000 r  
    BUFG_PS_X0Y81        BUFG_PS                      0.000     0.000 r  system_i/zynq_ultra_ps_e_0/inst/buffer_pl_clk_0.PL_CLK_0_BUFG/O
                         net (fo=1, routed)           1.611     1.611    system_i/clk_wiz_0/inst/clk_in1
    MMCM_X0Y3            MMCME4_ADV (Prop_MMCM_CLKIN1_CLKOUT1)
                                                     -0.103     1.508 r  system_i/clk_wiz_0/inst/mmcme4_adv_inst/CLKOUT1
                         net (fo=1, routed)           0.355     1.863    system_i/clk_wiz_0/inst/clk_out2_system_clk_wiz_0_0
    BUFGCE_X0Y76         BUFGCE (Prop_BUFCE_BUFGCE_I_O)
                                                      0.044     1.907 r  system_i/clk_wiz_0/inst/clkout2_buf/O
    X1Y2 (CLOCK_ROOT)    net (fo=50751, routed)       2.544     4.451    <hidden>
    SLICE_X1Y227         FDRE                                         r  <hidden>
                         clock pessimism              0.501     4.952    
    SLICE_X1Y227         FDRE (Hold_CFF2_SLICEM_C_D)
                                                      0.102     5.054    <hidden>
  -------------------------------------------------------------------
                         required time                         -5.054    
                         arrival time                           5.064    
  -------------------------------------------------------------------
                         slack                                  0.010    





Pulse Width Checks
--------------------------------------------------------------------------------------
Clock Name:         clk_out2_system_clk_wiz_0_0
Waveform(ns):       { 0.000 2.500 }
Period(ns):         5.000
Sources:            { system_i/clk_wiz_0/inst/mmcme4_adv_inst/CLKOUT1 }

Check Type        Corner  Lib Pin             Reference Pin  Required(ns)  Actual(ns)  Slack(ns)  Location       Pin
Min Period        n/a     PS8/MAXIGP2ACLK     n/a            3.000         5.000       2.000      PS8_X0Y0       system_i/zynq_ultra_ps_e_0/inst/PS8_i/MAXIGP2ACLK
Min Period        n/a     PS8/SAXIGP4RCLK     n/a            3.000         5.000       2.000      PS8_X0Y0       system_i/zynq_ultra_ps_e_0/inst/PS8_i/SAXIGP4RCLK
Min Period        n/a     PS8/SAXIGP4WCLK     n/a            3.000         5.000       2.000      PS8_X0Y0       system_i/zynq_ultra_ps_e_0/inst/PS8_i/SAXIGP4WCLK
Min Period        n/a     RAMB18E2/CLKARDCLK  n/a            1.960         5.000       3.040      RAMB18_X0Y76   system_i/ImageRenderHLS_1/inst/gmem0_m_axi_U/load_unit_0/buff_rdata/U_fifo_mem/mem_reg/CLKARDCLK
Min Period        n/a     RAMB18E2/CLKBWRCLK  n/a            1.960         5.000       3.040      RAMB18_X0Y76   system_i/ImageRenderHLS_1/inst/gmem0_m_axi_U/load_unit_0/buff_rdata/U_fifo_mem/mem_reg/CLKBWRCLK
Min Period        n/a     RAMB18E2/CLKARDCLK  n/a            1.960         5.000       3.040      RAMB18_X0Y78   system_i/ImageRenderHLS_1/inst/gmem1_m_axi_U/load_unit_0/buff_rdata/U_fifo_mem/mem_reg/CLKARDCLK
Min Period        n/a     RAMB18E2/CLKBWRCLK  n/a            1.960         5.000       3.040      RAMB18_X0Y78   system_i/ImageRenderHLS_1/inst/gmem1_m_axi_U/load_unit_0/buff_rdata/U_fifo_mem/mem_reg/CLKBWRCLK
Min Period        n/a     RAMB18E2/CLKARDCLK  n/a            1.960         5.000       3.040      RAMB18_X0Y62   system_i/ImageRenderHLS_1/inst/gmem5_m_axi_U/store_unit_0/buff_wdata/U_fifo_mem/mem_reg/CLKARDCLK
Min Period        n/a     RAMB18E2/CLKBWRCLK  n/a            1.960         5.000       3.040      RAMB18_X0Y62   system_i/ImageRenderHLS_1/inst/gmem5_m_axi_U/store_unit_0/buff_wdata/U_fifo_mem/mem_reg/CLKBWRCLK
Min Period        n/a     RAMB36E2/CLKARDCLK  n/a            1.960         5.000       3.040      RAMB36_X0Y24   system_i/ImageRenderHLS_1/inst/grp_Render_fu_346/grp_RenderTiledFragBuff2_Uniforms_InTextures_OutTextures_s_fu_482/depth_buffer_U/ram_reg_bram_0/CLKARDCLK
Low Pulse Width   Slow    PS8/MAXIGP2ACLK     n/a            1.500         2.500       1.000      PS8_X0Y0       system_i/zynq_ultra_ps_e_0/inst/PS8_i/MAXIGP2ACLK
Low Pulse Width   Fast    PS8/MAXIGP2ACLK     n/a            1.500         2.500       1.000      PS8_X0Y0       system_i/zynq_ultra_ps_e_0/inst/PS8_i/MAXIGP2ACLK
Low Pulse Width   Slow    PS8/SAXIGP4RCLK     n/a            1.500         2.500       1.000      PS8_X0Y0       system_i/zynq_ultra_ps_e_0/inst/PS8_i/SAXIGP4RCLK
Low Pulse Width   Fast    PS8/SAXIGP4RCLK     n/a            1.500         2.500       1.000      PS8_X0Y0       system_i/zynq_ultra_ps_e_0/inst/PS8_i/SAXIGP4RCLK
Low Pulse Width   Slow    PS8/SAXIGP4WCLK     n/a            1.500         2.500       1.000      PS8_X0Y0       system_i/zynq_ultra_ps_e_0/inst/PS8_i/SAXIGP4WCLK
Low Pulse Width   Fast    PS8/SAXIGP4WCLK     n/a            1.500         2.500       1.000      PS8_X0Y0       system_i/zynq_ultra_ps_e_0/inst/PS8_i/SAXIGP4WCLK
Low Pulse Width   Slow    SRL16E/CLK          n/a            0.762         2.500       1.738      SLICE_X24Y210  system_i/ImageRenderHLS_1/inst/bus_read/fifo_burst/U_fifo_srl/mem_reg[14][0]_srl15/CLK
Low Pulse Width   Fast    SRL16E/CLK          n/a            0.762         2.500       1.738      SLICE_X24Y210  system_i/ImageRenderHLS_1/inst/bus_read/fifo_burst/U_fifo_srl/mem_reg[14][0]_srl15/CLK
Low Pulse Width   Slow    SRL16E/CLK          n/a            0.762         2.500       1.738      SLICE_X18Y203  system_i/ImageRenderHLS_1/inst/bus_read/fifo_burst/U_fifo_srl/mem_reg[14][0]_srl15__0/CLK
Low Pulse Width   Fast    SRL16E/CLK          n/a            0.762         2.500       1.738      SLICE_X18Y203  system_i/ImageRenderHLS_1/inst/bus_read/fifo_burst/U_fifo_srl/mem_reg[14][0]_srl15__0/CLK
High Pulse Width  Slow    PS8/MAXIGP2ACLK     n/a            1.500         2.500       1.000      PS8_X0Y0       system_i/zynq_ultra_ps_e_0/inst/PS8_i/MAXIGP2ACLK
High Pulse Width  Fast    PS8/MAXIGP2ACLK     n/a            1.500         2.500       1.000      PS8_X0Y0       system_i/zynq_ultra_ps_e_0/inst/PS8_i/MAXIGP2ACLK
High Pulse Width  Slow    PS8/SAXIGP4RCLK     n/a            1.500         2.500       1.000      PS8_X0Y0       system_i/zynq_ultra_ps_e_0/inst/PS8_i/SAXIGP4RCLK
High Pulse Width  Fast    PS8/SAXIGP4RCLK     n/a            1.500         2.500       1.000      PS8_X0Y0       system_i/zynq_ultra_ps_e_0/inst/PS8_i/SAXIGP4RCLK
High Pulse Width  Slow    PS8/SAXIGP4WCLK     n/a            1.500         2.500       1.000      PS8_X0Y0       system_i/zynq_ultra_ps_e_0/inst/PS8_i/SAXIGP4WCLK
High Pulse Width  Fast    PS8/SAXIGP4WCLK     n/a            1.500         2.500       1.000      PS8_X0Y0       system_i/zynq_ultra_ps_e_0/inst/PS8_i/SAXIGP4WCLK
High Pulse Width  Slow    SRL16E/CLK          n/a            0.762         2.500       1.738      SLICE_X24Y210  system_i/ImageRenderHLS_1/inst/bus_read/fifo_burst/U_fifo_srl/mem_reg[14][0]_srl15/CLK
High Pulse Width  Fast    SRL16E/CLK          n/a            0.762         2.500       1.738      SLICE_X24Y210  system_i/ImageRenderHLS_1/inst/bus_read/fifo_burst/U_fifo_srl/mem_reg[14][0]_srl15/CLK
High Pulse Width  Slow    SRL16E/CLK          n/a            0.762         2.500       1.738      SLICE_X18Y203  system_i/ImageRenderHLS_1/inst/bus_read/fifo_burst/U_fifo_srl/mem_reg[14][0]_srl15__0/CLK
High Pulse Width  Fast    SRL16E/CLK          n/a            0.762         2.500       1.738      SLICE_X18Y203  system_i/ImageRenderHLS_1/inst/bus_read/fifo_burst/U_fifo_srl/mem_reg[14][0]_srl15__0/CLK



---------------------------------------------------------------------------------------------------
Path Group:  **async_default**
From Clock:  clk_out2_system_clk_wiz_0_0
  To Clock:  clk_out2_system_clk_wiz_0_0

Setup :            0  Failing Endpoints,  Worst Slack        3.454ns,  Total Violation        0.000ns
Hold  :            0  Failing Endpoints,  Worst Slack        0.160ns,  Total Violation        0.000ns
---------------------------------------------------------------------------------------------------


Max Delay Paths
--------------------------------------------------------------------------------------
Slack (MET) :             3.454ns  (required time - arrival time)
  Source:                 <hidden>
                            (rising edge-triggered cell FDRE clocked by clk_out2_system_clk_wiz_0_0  {rise@0.000ns fall@2.500ns period=5.000ns})
  Destination:            <hidden>
                            (recovery check against rising-edge clock clk_out2_system_clk_wiz_0_0  {rise@0.000ns fall@2.500ns period=5.000ns})
  Path Group:             **async_default**
  Path Type:              Recovery (Max at Slow Process Corner)
  Requirement:            5.000ns  (clk_out2_system_clk_wiz_0_0 rise@5.000ns - clk_out2_system_clk_wiz_0_0 rise@0.000ns)
  Data Path Delay:        1.304ns  (logic 0.267ns (20.479%)  route 1.037ns (79.521%))
  Logic Levels:           1  (LUT3=1)
  Clock Path Skew:        -0.088ns (DCD - SCD + CPR)
    Destination Clock Delay (DCD):    4.802ns = ( 9.802 - 5.000 ) 
    Source Clock Delay      (SCD):    4.386ns
    Clock Pessimism Removal (CPR):    -0.504ns
  Clock Uncertainty:      0.062ns  ((TSJ^2 + DJ^2)^1/2) / 2 + PE
    Total System Jitter     (TSJ):    0.071ns
    Discrete Jitter          (DJ):    0.102ns
    Phase Error              (PE):    0.000ns
  Clock Net Delay (Source):      2.479ns (routing 0.962ns, distribution 1.517ns)
  Clock Net Delay (Destination): 2.254ns (routing 0.881ns, distribution 1.373ns)

    Location             Delay type                Incr(ns)  Path(ns)    Netlist Resource(s)
  -------------------------------------------------------------------    -------------------
                         (clock clk_out2_system_clk_wiz_0_0 rise edge)
                                                      0.000     0.000 r  
    BUFG_PS_X0Y81        BUFG_PS                      0.000     0.000 r  system_i/zynq_ultra_ps_e_0/inst/buffer_pl_clk_0.PL_CLK_0_BUFG/O
                         net (fo=1, routed)           1.611     1.611    system_i/clk_wiz_0/inst/clk_in1
    MMCM_X0Y3            MMCME4_ADV (Prop_MMCM_CLKIN1_CLKOUT1)
                                                     -0.103     1.508 r  system_i/clk_wiz_0/inst/mmcme4_adv_inst/CLKOUT1
                         net (fo=1, routed)           0.355     1.863    system_i/clk_wiz_0/inst/clk_out2_system_clk_wiz_0_0
    BUFGCE_X0Y76         BUFGCE (Prop_BUFCE_BUFGCE_I_O)
                                                      0.044     1.907 r  system_i/clk_wiz_0/inst/clkout2_buf/O
    X1Y2 (CLOCK_ROOT)    net (fo=50751, routed)       2.479     4.386    <hidden>
    SLICE_X4Y154         FDRE                                         r  <hidden>
  -------------------------------------------------------------------    -------------------
    SLICE_X4Y154         FDRE (Prop_EFF2_SLICEM_C_Q)
                                                      0.118     4.504 f  <hidden>
                         net (fo=4, routed)           0.263     4.767    <hidden>
    SLICE_X4Y154         LUT3 (Prop_C6LUT_SLICEM_I0_O)
                                                      0.149     4.916 f  <hidden>
                         net (fo=32, routed)          0.773     5.690    <hidden>
    SLICE_X5Y158         FDCE                                         f  <hidden>
  -------------------------------------------------------------------    -------------------

                         (clock clk_out2_system_clk_wiz_0_0 rise edge)
                                                      5.000     5.000 r  
    BUFG_PS_X0Y81        BUFG_PS                      0.000     5.000 r  system_i/zynq_ultra_ps_e_0/inst/buffer_pl_clk_0.PL_CLK_0_BUFG/O
                         net (fo=1, routed)           1.458     6.458    system_i/clk_wiz_0/inst/clk_in1
    MMCM_X0Y3            MMCME4_ADV (Prop_MMCM_CLKIN1_CLKOUT1)
                                                      0.739     7.197 r  system_i/clk_wiz_0/inst/mmcme4_adv_inst/CLKOUT1
                         net (fo=1, routed)           0.312     7.509    system_i/clk_wiz_0/inst/clk_out2_system_clk_wiz_0_0
    BUFGCE_X0Y76         BUFGCE (Prop_BUFCE_BUFGCE_I_O)
                                                      0.039     7.548 r  system_i/clk_wiz_0/inst/clkout2_buf/O
    X1Y2 (CLOCK_ROOT)    net (fo=50751, routed)       2.254     9.802    <hidden>
    SLICE_X5Y158         FDCE                                         r  <hidden>
                         clock pessimism             -0.504     9.298    
                         clock uncertainty           -0.062     9.236    
    SLICE_X5Y158         FDCE (Recov_DFF_SLICEM_C_CLR)
                                                     -0.093     9.143    <hidden>
  -------------------------------------------------------------------
                         required time                          9.143    
                         arrival time                          -5.690    
  -------------------------------------------------------------------
                         slack                                  3.454    

Slack (MET) :             3.454ns  (required time - arrival time)
  Source:                 <hidden>
                            (rising edge-triggered cell FDRE clocked by clk_out2_system_clk_wiz_0_0  {rise@0.000ns fall@2.500ns period=5.000ns})
  Destination:            <hidden>
                            (recovery check against rising-edge clock clk_out2_system_clk_wiz_0_0  {rise@0.000ns fall@2.500ns period=5.000ns})
  Path Group:             **async_default**
  Path Type:              Recovery (Max at Slow Process Corner)
  Requirement:            5.000ns  (clk_out2_system_clk_wiz_0_0 rise@5.000ns - clk_out2_system_clk_wiz_0_0 rise@0.000ns)
  Data Path Delay:        1.304ns  (logic 0.267ns (20.479%)  route 1.037ns (79.521%))
  Logic Levels:           1  (LUT3=1)
  Clock Path Skew:        -0.088ns (DCD - SCD + CPR)
    Destination Clock Delay (DCD):    4.802ns = ( 9.802 - 5.000 ) 
    Source Clock Delay      (SCD):    4.386ns
    Clock Pessimism Removal (CPR):    -0.504ns
  Clock Uncertainty:      0.062ns  ((TSJ^2 + DJ^2)^1/2) / 2 + PE
    Total System Jitter     (TSJ):    0.071ns
    Discrete Jitter          (DJ):    0.102ns
    Phase Error              (PE):    0.000ns
  Clock Net Delay (Source):      2.479ns (routing 0.962ns, distribution 1.517ns)
  Clock Net Delay (Destination): 2.254ns (routing 0.881ns, distribution 1.373ns)

    Location             Delay type                Incr(ns)  Path(ns)    Netlist Resource(s)
  -------------------------------------------------------------------    -------------------
                         (clock clk_out2_system_clk_wiz_0_0 rise edge)
                                                      0.000     0.000 r  
    BUFG_PS_X0Y81        BUFG_PS                      0.000     0.000 r  system_i/zynq_ultra_ps_e_0/inst/buffer_pl_clk_0.PL_CLK_0_BUFG/O
                         net (fo=1, routed)           1.611     1.611    system_i/clk_wiz_0/inst/clk_in1
    MMCM_X0Y3            MMCME4_ADV (Prop_MMCM_CLKIN1_CLKOUT1)
                                                     -0.103     1.508 r  system_i/clk_wiz_0/inst/mmcme4_adv_inst/CLKOUT1
                         net (fo=1, routed)           0.355     1.863    system_i/clk_wiz_0/inst/clk_out2_system_clk_wiz_0_0
    BUFGCE_X0Y76         BUFGCE (Prop_BUFCE_BUFGCE_I_O)
                                                      0.044     1.907 r  system_i/clk_wiz_0/inst/clkout2_buf/O
    X1Y2 (CLOCK_ROOT)    net (fo=50751, routed)       2.479     4.386    <hidden>
    SLICE_X4Y154         FDRE                                         r  <hidden>
  -------------------------------------------------------------------    -------------------
    SLICE_X4Y154         FDRE (Prop_EFF2_SLICEM_C_Q)
                                                      0.118     4.504 f  <hidden>
                         net (fo=4, routed)           0.263     4.767    <hidden>
    SLICE_X4Y154         LUT3 (Prop_C6LUT_SLICEM_I0_O)
                                                      0.149     4.916 f  <hidden>
                         net (fo=32, routed)          0.773     5.690    <hidden>
    SLICE_X5Y158         FDCE                                         f  <hidden>
  -------------------------------------------------------------------    -------------------

                         (clock clk_out2_system_clk_wiz_0_0 rise edge)
                                                      5.000     5.000 r  
    BUFG_PS_X0Y81        BUFG_PS                      0.000     5.000 r  system_i/zynq_ultra_ps_e_0/inst/buffer_pl_clk_0.PL_CLK_0_BUFG/O
                         net (fo=1, routed)           1.458     6.458    system_i/clk_wiz_0/inst/clk_in1
    MMCM_X0Y3            MMCME4_ADV (Prop_MMCM_CLKIN1_CLKOUT1)
                                                      0.739     7.197 r  system_i/clk_wiz_0/inst/mmcme4_adv_inst/CLKOUT1
                         net (fo=1, routed)           0.312     7.509    system_i/clk_wiz_0/inst/clk_out2_system_clk_wiz_0_0
    BUFGCE_X0Y76         BUFGCE (Prop_BUFCE_BUFGCE_I_O)
                                                      0.039     7.548 r  system_i/clk_wiz_0/inst/clkout2_buf/O
    X1Y2 (CLOCK_ROOT)    net (fo=50751, routed)       2.254     9.802    <hidden>
    SLICE_X5Y158         FDCE                                         r  <hidden>
                         clock pessimism             -0.504     9.298    
                         clock uncertainty           -0.062     9.236    
    SLICE_X5Y158         FDCE (Recov_DFF2_SLICEM_C_CLR)
                                                     -0.093     9.143    <hidden>
  -------------------------------------------------------------------
                         required time                          9.143    
                         arrival time                          -5.690    
  -------------------------------------------------------------------
                         slack                                  3.454    

Slack (MET) :             3.457ns  (required time - arrival time)
  Source:                 <hidden>
                            (rising edge-triggered cell FDRE clocked by clk_out2_system_clk_wiz_0_0  {rise@0.000ns fall@2.500ns period=5.000ns})
  Destination:            <hidden>
                            (recovery check against rising-edge clock clk_out2_system_clk_wiz_0_0  {rise@0.000ns fall@2.500ns period=5.000ns})
  Path Group:             **async_default**
  Path Type:              Recovery (Max at Slow Process Corner)
  Requirement:            5.000ns  (clk_out2_system_clk_wiz_0_0 rise@5.000ns - clk_out2_system_clk_wiz_0_0 rise@0.000ns)
  Data Path Delay:        1.301ns  (logic 0.267ns (20.526%)  route 1.034ns (79.474%))
  Logic Levels:           1  (LUT3=1)
  Clock Path Skew:        -0.088ns (DCD - SCD + CPR)
    Destination Clock Delay (DCD):    4.802ns = ( 9.802 - 5.000 ) 
    Source Clock Delay      (SCD):    4.386ns
    Clock Pessimism Removal (CPR):    -0.504ns
  Clock Uncertainty:      0.062ns  ((TSJ^2 + DJ^2)^1/2) / 2 + PE
    Total System Jitter     (TSJ):    0.071ns
    Discrete Jitter          (DJ):    0.102ns
    Phase Error              (PE):    0.000ns
  Clock Net Delay (Source):      2.479ns (routing 0.962ns, distribution 1.517ns)
  Clock Net Delay (Destination): 2.254ns (routing 0.881ns, distribution 1.373ns)

    Location             Delay type                Incr(ns)  Path(ns)    Netlist Resource(s)
  -------------------------------------------------------------------    -------------------
                         (clock clk_out2_system_clk_wiz_0_0 rise edge)
                                                      0.000     0.000 r  
    BUFG_PS_X0Y81        BUFG_PS                      0.000     0.000 r  system_i/zynq_ultra_ps_e_0/inst/buffer_pl_clk_0.PL_CLK_0_BUFG/O
                         net (fo=1, routed)           1.611     1.611    system_i/clk_wiz_0/inst/clk_in1
    MMCM_X0Y3            MMCME4_ADV (Prop_MMCM_CLKIN1_CLKOUT1)
                                                     -0.103     1.508 r  system_i/clk_wiz_0/inst/mmcme4_adv_inst/CLKOUT1
                         net (fo=1, routed)           0.355     1.863    system_i/clk_wiz_0/inst/clk_out2_system_clk_wiz_0_0
    BUFGCE_X0Y76         BUFGCE (Prop_BUFCE_BUFGCE_I_O)
                                                      0.044     1.907 r  system_i/clk_wiz_0/inst/clkout2_buf/O
    X1Y2 (CLOCK_ROOT)    net (fo=50751, routed)       2.479     4.386    <hidden>
    SLICE_X4Y154         FDRE                                         r  <hidden>
  -------------------------------------------------------------------    -------------------
    SLICE_X4Y154         FDRE (Prop_EFF2_SLICEM_C_Q)
                                                      0.118     4.504 f  <hidden>
                         net (fo=4, routed)           0.263     4.767    <hidden>
    SLICE_X4Y154         LUT3 (Prop_C6LUT_SLICEM_I0_O)
                                                      0.149     4.916 f  <hidden>
                         net (fo=32, routed)          0.770     5.687    <hidden>
    SLICE_X5Y158         FDCE                                         f  <hidden>
  -------------------------------------------------------------------    -------------------

                         (clock clk_out2_system_clk_wiz_0_0 rise edge)
                                                      5.000     5.000 r  
    BUFG_PS_X0Y81        BUFG_PS                      0.000     5.000 r  system_i/zynq_ultra_ps_e_0/inst/buffer_pl_clk_0.PL_CLK_0_BUFG/O
                         net (fo=1, routed)           1.458     6.458    system_i/clk_wiz_0/inst/clk_in1
    MMCM_X0Y3            MMCME4_ADV (Prop_MMCM_CLKIN1_CLKOUT1)
                                                      0.739     7.197 r  system_i/clk_wiz_0/inst/mmcme4_adv_inst/CLKOUT1
                         net (fo=1, routed)           0.312     7.509    system_i/clk_wiz_0/inst/clk_out2_system_clk_wiz_0_0
    BUFGCE_X0Y76         BUFGCE (Prop_BUFCE_BUFGCE_I_O)
                                                      0.039     7.548 r  system_i/clk_wiz_0/inst/clkout2_buf/O
    X1Y2 (CLOCK_ROOT)    net (fo=50751, routed)       2.254     9.802    <hidden>
    SLICE_X5Y158         FDCE                                         r  <hidden>
                         clock pessimism             -0.504     9.298    
                         clock uncertainty           -0.062     9.236    
    SLICE_X5Y158         FDCE (Recov_EFF_SLICEM_C_CLR)
                                                     -0.093     9.143    <hidden>
  -------------------------------------------------------------------
                         required time                          9.143    
                         arrival time                          -5.687    
  -------------------------------------------------------------------
                         slack                                  3.457    

Slack (MET) :             3.457ns  (required time - arrival time)
  Source:                 <hidden>
                            (rising edge-triggered cell FDRE clocked by clk_out2_system_clk_wiz_0_0  {rise@0.000ns fall@2.500ns period=5.000ns})
  Destination:            <hidden>
                            (recovery check against rising-edge clock clk_out2_system_clk_wiz_0_0  {rise@0.000ns fall@2.500ns period=5.000ns})
  Path Group:             **async_default**
  Path Type:              Recovery (Max at Slow Process Corner)
  Requirement:            5.000ns  (clk_out2_system_clk_wiz_0_0 rise@5.000ns - clk_out2_system_clk_wiz_0_0 rise@0.000ns)
  Data Path Delay:        1.301ns  (logic 0.267ns (20.526%)  route 1.034ns (79.474%))
  Logic Levels:           1  (LUT3=1)
  Clock Path Skew:        -0.088ns (DCD - SCD + CPR)
    Destination Clock Delay (DCD):    4.802ns = ( 9.802 - 5.000 ) 
    Source Clock Delay      (SCD):    4.386ns
    Clock Pessimism Removal (CPR):    -0.504ns
  Clock Uncertainty:      0.062ns  ((TSJ^2 + DJ^2)^1/2) / 2 + PE
    Total System Jitter     (TSJ):    0.071ns
    Discrete Jitter          (DJ):    0.102ns
    Phase Error              (PE):    0.000ns
  Clock Net Delay (Source):      2.479ns (routing 0.962ns, distribution 1.517ns)
  Clock Net Delay (Destination): 2.254ns (routing 0.881ns, distribution 1.373ns)

    Location             Delay type                Incr(ns)  Path(ns)    Netlist Resource(s)
  -------------------------------------------------------------------    -------------------
                         (clock clk_out2_system_clk_wiz_0_0 rise edge)
                                                      0.000     0.000 r  
    BUFG_PS_X0Y81        BUFG_PS                      0.000     0.000 r  system_i/zynq_ultra_ps_e_0/inst/buffer_pl_clk_0.PL_CLK_0_BUFG/O
                         net (fo=1, routed)           1.611     1.611    system_i/clk_wiz_0/inst/clk_in1
    MMCM_X0Y3            MMCME4_ADV (Prop_MMCM_CLKIN1_CLKOUT1)
                                                     -0.103     1.508 r  system_i/clk_wiz_0/inst/mmcme4_adv_inst/CLKOUT1
                         net (fo=1, routed)           0.355     1.863    system_i/clk_wiz_0/inst/clk_out2_system_clk_wiz_0_0
    BUFGCE_X0Y76         BUFGCE (Prop_BUFCE_BUFGCE_I_O)
                                                      0.044     1.907 r  system_i/clk_wiz_0/inst/clkout2_buf/O
    X1Y2 (CLOCK_ROOT)    net (fo=50751, routed)       2.479     4.386    <hidden>
    SLICE_X4Y154         FDRE                                         r  <hidden>
  -------------------------------------------------------------------    -------------------
    SLICE_X4Y154         FDRE (Prop_EFF2_SLICEM_C_Q)
                                                      0.118     4.504 f  <hidden>
                         net (fo=4, routed)           0.263     4.767    <hidden>
    SLICE_X4Y154         LUT3 (Prop_C6LUT_SLICEM_I0_O)
                                                      0.149     4.916 f  <hidden>
                         net (fo=32, routed)          0.770     5.687    <hidden>
    SLICE_X5Y158         FDCE                                         f  <hidden>
  -------------------------------------------------------------------    -------------------

                         (clock clk_out2_system_clk_wiz_0_0 rise edge)
                                                      5.000     5.000 r  
    BUFG_PS_X0Y81        BUFG_PS                      0.000     5.000 r  system_i/zynq_ultra_ps_e_0/inst/buffer_pl_clk_0.PL_CLK_0_BUFG/O
                         net (fo=1, routed)           1.458     6.458    system_i/clk_wiz_0/inst/clk_in1
    MMCM_X0Y3            MMCME4_ADV (Prop_MMCM_CLKIN1_CLKOUT1)
                                                      0.739     7.197 r  system_i/clk_wiz_0/inst/mmcme4_adv_inst/CLKOUT1
                         net (fo=1, routed)           0.312     7.509    system_i/clk_wiz_0/inst/clk_out2_system_clk_wiz_0_0
    BUFGCE_X0Y76         BUFGCE (Prop_BUFCE_BUFGCE_I_O)
                                                      0.039     7.548 r  system_i/clk_wiz_0/inst/clkout2_buf/O
    X1Y2 (CLOCK_ROOT)    net (fo=50751, routed)       2.254     9.802    <hidden>
    SLICE_X5Y158         FDCE                                         r  <hidden>
                         clock pessimism             -0.504     9.298    
                         clock uncertainty           -0.062     9.236    
    SLICE_X5Y158         FDCE (Recov_EFF2_SLICEM_C_CLR)
                                                     -0.093     9.143    <hidden>
  -------------------------------------------------------------------
                         required time                          9.143    
                         arrival time                          -5.687    
  -------------------------------------------------------------------
                         slack                                  3.457    

Slack (MET) :             3.457ns  (required time - arrival time)
  Source:                 <hidden>
                            (rising edge-triggered cell FDRE clocked by clk_out2_system_clk_wiz_0_0  {rise@0.000ns fall@2.500ns period=5.000ns})
  Destination:            <hidden>
                            (recovery check against rising-edge clock clk_out2_system_clk_wiz_0_0  {rise@0.000ns fall@2.500ns period=5.000ns})
  Path Group:             **async_default**
  Path Type:              Recovery (Max at Slow Process Corner)
  Requirement:            5.000ns  (clk_out2_system_clk_wiz_0_0 rise@5.000ns - clk_out2_system_clk_wiz_0_0 rise@0.000ns)
  Data Path Delay:        1.301ns  (logic 0.267ns (20.526%)  route 1.034ns (79.474%))
  Logic Levels:           1  (LUT3=1)
  Clock Path Skew:        -0.088ns (DCD - SCD + CPR)
    Destination Clock Delay (DCD):    4.802ns = ( 9.802 - 5.000 ) 
    Source Clock Delay      (SCD):    4.386ns
    Clock Pessimism Removal (CPR):    -0.504ns
  Clock Uncertainty:      0.062ns  ((TSJ^2 + DJ^2)^1/2) / 2 + PE
    Total System Jitter     (TSJ):    0.071ns
    Discrete Jitter          (DJ):    0.102ns
    Phase Error              (PE):    0.000ns
  Clock Net Delay (Source):      2.479ns (routing 0.962ns, distribution 1.517ns)
  Clock Net Delay (Destination): 2.254ns (routing 0.881ns, distribution 1.373ns)

    Location             Delay type                Incr(ns)  Path(ns)    Netlist Resource(s)
  -------------------------------------------------------------------    -------------------
                         (clock clk_out2_system_clk_wiz_0_0 rise edge)
                                                      0.000     0.000 r  
    BUFG_PS_X0Y81        BUFG_PS                      0.000     0.000 r  system_i/zynq_ultra_ps_e_0/inst/buffer_pl_clk_0.PL_CLK_0_BUFG/O
                         net (fo=1, routed)           1.611     1.611    system_i/clk_wiz_0/inst/clk_in1
    MMCM_X0Y3            MMCME4_ADV (Prop_MMCM_CLKIN1_CLKOUT1)
                                                     -0.103     1.508 r  system_i/clk_wiz_0/inst/mmcme4_adv_inst/CLKOUT1
                         net (fo=1, routed)           0.355     1.863    system_i/clk_wiz_0/inst/clk_out2_system_clk_wiz_0_0
    BUFGCE_X0Y76         BUFGCE (Prop_BUFCE_BUFGCE_I_O)
                                                      0.044     1.907 r  system_i/clk_wiz_0/inst/clkout2_buf/O
    X1Y2 (CLOCK_ROOT)    net (fo=50751, routed)       2.479     4.386    <hidden>
    SLICE_X4Y154         FDRE                                         r  <hidden>
  -------------------------------------------------------------------    -------------------
    SLICE_X4Y154         FDRE (Prop_EFF2_SLICEM_C_Q)
                                                      0.118     4.504 f  <hidden>
                         net (fo=4, routed)           0.263     4.767    <hidden>
    SLICE_X4Y154         LUT3 (Prop_C6LUT_SLICEM_I0_O)
                                                      0.149     4.916 f  <hidden>
                         net (fo=32, routed)          0.770     5.687    <hidden>
    SLICE_X5Y158         FDCE                                         f  <hidden>
  -------------------------------------------------------------------    -------------------

                         (clock clk_out2_system_clk_wiz_0_0 rise edge)
                                                      5.000     5.000 r  
    BUFG_PS_X0Y81        BUFG_PS                      0.000     5.000 r  system_i/zynq_ultra_ps_e_0/inst/buffer_pl_clk_0.PL_CLK_0_BUFG/O
                         net (fo=1, routed)           1.458     6.458    system_i/clk_wiz_0/inst/clk_in1
    MMCM_X0Y3            MMCME4_ADV (Prop_MMCM_CLKIN1_CLKOUT1)
                                                      0.739     7.197 r  system_i/clk_wiz_0/inst/mmcme4_adv_inst/CLKOUT1
                         net (fo=1, routed)           0.312     7.509    system_i/clk_wiz_0/inst/clk_out2_system_clk_wiz_0_0
    BUFGCE_X0Y76         BUFGCE (Prop_BUFCE_BUFGCE_I_O)
                                                      0.039     7.548 r  system_i/clk_wiz_0/inst/clkout2_buf/O
    X1Y2 (CLOCK_ROOT)    net (fo=50751, routed)       2.254     9.802    <hidden>
    SLICE_X5Y158         FDCE                                         r  <hidden>
                         clock pessimism             -0.504     9.298    
                         clock uncertainty           -0.062     9.236    
    SLICE_X5Y158         FDCE (Recov_FFF_SLICEM_C_CLR)
                                                     -0.093     9.143    <hidden>
  -------------------------------------------------------------------
                         required time                          9.143    
                         arrival time                          -5.687    
  -------------------------------------------------------------------
                         slack                                  3.457    

Slack (MET) :             3.457ns  (required time - arrival time)
  Source:                 <hidden>
                            (rising edge-triggered cell FDRE clocked by clk_out2_system_clk_wiz_0_0  {rise@0.000ns fall@2.500ns period=5.000ns})
  Destination:            <hidden>
                            (recovery check against rising-edge clock clk_out2_system_clk_wiz_0_0  {rise@0.000ns fall@2.500ns period=5.000ns})
  Path Group:             **async_default**
  Path Type:              Recovery (Max at Slow Process Corner)
  Requirement:            5.000ns  (clk_out2_system_clk_wiz_0_0 rise@5.000ns - clk_out2_system_clk_wiz_0_0 rise@0.000ns)
  Data Path Delay:        1.301ns  (logic 0.267ns (20.526%)  route 1.034ns (79.474%))
  Logic Levels:           1  (LUT3=1)
  Clock Path Skew:        -0.088ns (DCD - SCD + CPR)
    Destination Clock Delay (DCD):    4.802ns = ( 9.802 - 5.000 ) 
    Source Clock Delay      (SCD):    4.386ns
    Clock Pessimism Removal (CPR):    -0.504ns
  Clock Uncertainty:      0.062ns  ((TSJ^2 + DJ^2)^1/2) / 2 + PE
    Total System Jitter     (TSJ):    0.071ns
    Discrete Jitter          (DJ):    0.102ns
    Phase Error              (PE):    0.000ns
  Clock Net Delay (Source):      2.479ns (routing 0.962ns, distribution 1.517ns)
  Clock Net Delay (Destination): 2.254ns (routing 0.881ns, distribution 1.373ns)

    Location             Delay type                Incr(ns)  Path(ns)    Netlist Resource(s)
  -------------------------------------------------------------------    -------------------
                         (clock clk_out2_system_clk_wiz_0_0 rise edge)
                                                      0.000     0.000 r  
    BUFG_PS_X0Y81        BUFG_PS                      0.000     0.000 r  system_i/zynq_ultra_ps_e_0/inst/buffer_pl_clk_0.PL_CLK_0_BUFG/O
                         net (fo=1, routed)           1.611     1.611    system_i/clk_wiz_0/inst/clk_in1
    MMCM_X0Y3            MMCME4_ADV (Prop_MMCM_CLKIN1_CLKOUT1)
                                                     -0.103     1.508 r  system_i/clk_wiz_0/inst/mmcme4_adv_inst/CLKOUT1
                         net (fo=1, routed)           0.355     1.863    system_i/clk_wiz_0/inst/clk_out2_system_clk_wiz_0_0
    BUFGCE_X0Y76         BUFGCE (Prop_BUFCE_BUFGCE_I_O)
                                                      0.044     1.907 r  system_i/clk_wiz_0/inst/clkout2_buf/O
    X1Y2 (CLOCK_ROOT)    net (fo=50751, routed)       2.479     4.386    <hidden>
    SLICE_X4Y154         FDRE                                         r  <hidden>
  -------------------------------------------------------------------    -------------------
    SLICE_X4Y154         FDRE (Prop_EFF2_SLICEM_C_Q)
                                                      0.118     4.504 f  <hidden>
                         net (fo=4, routed)           0.263     4.767    <hidden>
    SLICE_X4Y154         LUT3 (Prop_C6LUT_SLICEM_I0_O)
                                                      0.149     4.916 f  <hidden>
                         net (fo=32, routed)          0.770     5.687    <hidden>
    SLICE_X5Y158         FDCE                                         f  <hidden>
  -------------------------------------------------------------------    -------------------

                         (clock clk_out2_system_clk_wiz_0_0 rise edge)
                                                      5.000     5.000 r  
    BUFG_PS_X0Y81        BUFG_PS                      0.000     5.000 r  system_i/zynq_ultra_ps_e_0/inst/buffer_pl_clk_0.PL_CLK_0_BUFG/O
                         net (fo=1, routed)           1.458     6.458    system_i/clk_wiz_0/inst/clk_in1
    MMCM_X0Y3            MMCME4_ADV (Prop_MMCM_CLKIN1_CLKOUT1)
                                                      0.739     7.197 r  system_i/clk_wiz_0/inst/mmcme4_adv_inst/CLKOUT1
                         net (fo=1, routed)           0.312     7.509    system_i/clk_wiz_0/inst/clk_out2_system_clk_wiz_0_0
    BUFGCE_X0Y76         BUFGCE (Prop_BUFCE_BUFGCE_I_O)
                                                      0.039     7.548 r  system_i/clk_wiz_0/inst/clkout2_buf/O
    X1Y2 (CLOCK_ROOT)    net (fo=50751, routed)       2.254     9.802    <hidden>
    SLICE_X5Y158         FDCE                                         r  <hidden>
                         clock pessimism             -0.504     9.298    
                         clock uncertainty           -0.062     9.236    
    SLICE_X5Y158         FDCE (Recov_FFF2_SLICEM_C_CLR)
                                                     -0.093     9.143    <hidden>
  -------------------------------------------------------------------
                         required time                          9.143    
                         arrival time                          -5.687    
  -------------------------------------------------------------------
                         slack                                  3.457    

Slack (MET) :             3.457ns  (required time - arrival time)
  Source:                 <hidden>
                            (rising edge-triggered cell FDRE clocked by clk_out2_system_clk_wiz_0_0  {rise@0.000ns fall@2.500ns period=5.000ns})
  Destination:            <hidden>
                            (recovery check against rising-edge clock clk_out2_system_clk_wiz_0_0  {rise@0.000ns fall@2.500ns period=5.000ns})
  Path Group:             **async_default**
  Path Type:              Recovery (Max at Slow Process Corner)
  Requirement:            5.000ns  (clk_out2_system_clk_wiz_0_0 rise@5.000ns - clk_out2_system_clk_wiz_0_0 rise@0.000ns)
  Data Path Delay:        1.301ns  (logic 0.267ns (20.526%)  route 1.034ns (79.474%))
  Logic Levels:           1  (LUT3=1)
  Clock Path Skew:        -0.088ns (DCD - SCD + CPR)
    Destination Clock Delay (DCD):    4.802ns = ( 9.802 - 5.000 ) 
    Source Clock Delay      (SCD):    4.386ns
    Clock Pessimism Removal (CPR):    -0.504ns
  Clock Uncertainty:      0.062ns  ((TSJ^2 + DJ^2)^1/2) / 2 + PE
    Total System Jitter     (TSJ):    0.071ns
    Discrete Jitter          (DJ):    0.102ns
    Phase Error              (PE):    0.000ns
  Clock Net Delay (Source):      2.479ns (routing 0.962ns, distribution 1.517ns)
  Clock Net Delay (Destination): 2.254ns (routing 0.881ns, distribution 1.373ns)

    Location             Delay type                Incr(ns)  Path(ns)    Netlist Resource(s)
  -------------------------------------------------------------------    -------------------
                         (clock clk_out2_system_clk_wiz_0_0 rise edge)
                                                      0.000     0.000 r  
    BUFG_PS_X0Y81        BUFG_PS                      0.000     0.000 r  system_i/zynq_ultra_ps_e_0/inst/buffer_pl_clk_0.PL_CLK_0_BUFG/O
                         net (fo=1, routed)           1.611     1.611    system_i/clk_wiz_0/inst/clk_in1
    MMCM_X0Y3            MMCME4_ADV (Prop_MMCM_CLKIN1_CLKOUT1)
                                                     -0.103     1.508 r  system_i/clk_wiz_0/inst/mmcme4_adv_inst/CLKOUT1
                         net (fo=1, routed)           0.355     1.863    system_i/clk_wiz_0/inst/clk_out2_system_clk_wiz_0_0
    BUFGCE_X0Y76         BUFGCE (Prop_BUFCE_BUFGCE_I_O)
                                                      0.044     1.907 r  system_i/clk_wiz_0/inst/clkout2_buf/O
    X1Y2 (CLOCK_ROOT)    net (fo=50751, routed)       2.479     4.386    <hidden>
    SLICE_X4Y154         FDRE                                         r  <hidden>
  -------------------------------------------------------------------    -------------------
    SLICE_X4Y154         FDRE (Prop_EFF2_SLICEM_C_Q)
                                                      0.118     4.504 f  <hidden>
                         net (fo=4, routed)           0.263     4.767    <hidden>
    SLICE_X4Y154         LUT3 (Prop_C6LUT_SLICEM_I0_O)
                                                      0.149     4.916 f  <hidden>
                         net (fo=32, routed)          0.770     5.687    <hidden>
    SLICE_X5Y158         FDCE                                         f  <hidden>
  -------------------------------------------------------------------    -------------------

                         (clock clk_out2_system_clk_wiz_0_0 rise edge)
                                                      5.000     5.000 r  
    BUFG_PS_X0Y81        BUFG_PS                      0.000     5.000 r  system_i/zynq_ultra_ps_e_0/inst/buffer_pl_clk_0.PL_CLK_0_BUFG/O
                         net (fo=1, routed)           1.458     6.458    system_i/clk_wiz_0/inst/clk_in1
    MMCM_X0Y3            MMCME4_ADV (Prop_MMCM_CLKIN1_CLKOUT1)
                                                      0.739     7.197 r  system_i/clk_wiz_0/inst/mmcme4_adv_inst/CLKOUT1
                         net (fo=1, routed)           0.312     7.509    system_i/clk_wiz_0/inst/clk_out2_system_clk_wiz_0_0
    BUFGCE_X0Y76         BUFGCE (Prop_BUFCE_BUFGCE_I_O)
                                                      0.039     7.548 r  system_i/clk_wiz_0/inst/clkout2_buf/O
    X1Y2 (CLOCK_ROOT)    net (fo=50751, routed)       2.254     9.802    <hidden>
    SLICE_X5Y158         FDCE                                         r  <hidden>
                         clock pessimism             -0.504     9.298    
                         clock uncertainty           -0.062     9.236    
    SLICE_X5Y158         FDCE (Recov_GFF_SLICEM_C_CLR)
                                                     -0.093     9.143    <hidden>
  -------------------------------------------------------------------
                         required time                          9.143    
                         arrival time                          -5.687    
  -------------------------------------------------------------------
                         slack                                  3.457    

Slack (MET) :             3.472ns  (required time - arrival time)
  Source:                 <hidden>
                            (rising edge-triggered cell FDRE clocked by clk_out2_system_clk_wiz_0_0  {rise@0.000ns fall@2.500ns period=5.000ns})
  Destination:            <hidden>
                            (recovery check against rising-edge clock clk_out2_system_clk_wiz_0_0  {rise@0.000ns fall@2.500ns period=5.000ns})
  Path Group:             **async_default**
  Path Type:              Recovery (Max at Slow Process Corner)
  Requirement:            5.000ns  (clk_out2_system_clk_wiz_0_0 rise@5.000ns - clk_out2_system_clk_wiz_0_0 rise@0.000ns)
  Data Path Delay:        1.255ns  (logic 0.346ns (27.564%)  route 0.909ns (72.436%))
  Logic Levels:           1  (LUT3=1)
  Clock Path Skew:        -0.118ns (DCD - SCD + CPR)
    Destination Clock Delay (DCD):    4.838ns = ( 9.838 - 5.000 ) 
    Source Clock Delay      (SCD):    4.455ns
    Clock Pessimism Removal (CPR):    -0.501ns
  Clock Uncertainty:      0.062ns  ((TSJ^2 + DJ^2)^1/2) / 2 + PE
    Total System Jitter     (TSJ):    0.071ns
    Discrete Jitter          (DJ):    0.102ns
    Phase Error              (PE):    0.000ns
  Clock Net Delay (Source):      2.548ns (routing 0.962ns, distribution 1.586ns)
  Clock Net Delay (Destination): 2.290ns (routing 0.881ns, distribution 1.409ns)

    Location             Delay type                Incr(ns)  Path(ns)    Netlist Resource(s)
  -------------------------------------------------------------------    -------------------
                         (clock clk_out2_system_clk_wiz_0_0 rise edge)
                                                      0.000     0.000 r  
    BUFG_PS_X0Y81        BUFG_PS                      0.000     0.000 r  system_i/zynq_ultra_ps_e_0/inst/buffer_pl_clk_0.PL_CLK_0_BUFG/O
                         net (fo=1, routed)           1.611     1.611    system_i/clk_wiz_0/inst/clk_in1
    MMCM_X0Y3            MMCME4_ADV (Prop_MMCM_CLKIN1_CLKOUT1)
                                                     -0.103     1.508 r  system_i/clk_wiz_0/inst/mmcme4_adv_inst/CLKOUT1
                         net (fo=1, routed)           0.355     1.863    system_i/clk_wiz_0/inst/clk_out2_system_clk_wiz_0_0
    BUFGCE_X0Y76         BUFGCE (Prop_BUFCE_BUFGCE_I_O)
                                                      0.044     1.907 r  system_i/clk_wiz_0/inst/clkout2_buf/O
    X1Y2 (CLOCK_ROOT)    net (fo=50751, routed)       2.548     4.455    <hidden>
    SLICE_X5Y209         FDRE                                         r  <hidden>
  -------------------------------------------------------------------    -------------------
    SLICE_X5Y209         FDRE (Prop_EFF2_SLICEM_C_Q)
                                                      0.118     4.573 f  <hidden>
                         net (fo=2, routed)           0.285     4.859    <hidden>
    SLICE_X5Y209         LUT3 (Prop_H6LUT_SLICEM_I1_O)
                                                      0.228     5.087 f  <hidden>
                         net (fo=10, routed)          0.624     5.711    <hidden>
    SLICE_X3Y207         FDCE                                         f  <hidden>
  -------------------------------------------------------------------    -------------------

                         (clock clk_out2_system_clk_wiz_0_0 rise edge)
                                                      5.000     5.000 r  
    BUFG_PS_X0Y81        BUFG_PS                      0.000     5.000 r  system_i/zynq_ultra_ps_e_0/inst/buffer_pl_clk_0.PL_CLK_0_BUFG/O
                         net (fo=1, routed)           1.458     6.458    system_i/clk_wiz_0/inst/clk_in1
    MMCM_X0Y3            MMCME4_ADV (Prop_MMCM_CLKIN1_CLKOUT1)
                                                      0.739     7.197 r  system_i/clk_wiz_0/inst/mmcme4_adv_inst/CLKOUT1
                         net (fo=1, routed)           0.312     7.509    system_i/clk_wiz_0/inst/clk_out2_system_clk_wiz_0_0
    BUFGCE_X0Y76         BUFGCE (Prop_BUFCE_BUFGCE_I_O)
                                                      0.039     7.548 r  system_i/clk_wiz_0/inst/clkout2_buf/O
    X1Y2 (CLOCK_ROOT)    net (fo=50751, routed)       2.290     9.838    <hidden>
    SLICE_X3Y207         FDCE                                         r  <hidden>
                         clock pessimism             -0.501     9.337    
                         clock uncertainty           -0.062     9.275    
    SLICE_X3Y207         FDCE (Recov_AFF_SLICEL_C_CLR)
                                                     -0.093     9.182    <hidden>
  -------------------------------------------------------------------
                         required time                          9.182    
                         arrival time                          -5.711    
  -------------------------------------------------------------------
                         slack                                  3.472    

Slack (MET) :             3.472ns  (required time - arrival time)
  Source:                 <hidden>
                            (rising edge-triggered cell FDRE clocked by clk_out2_system_clk_wiz_0_0  {rise@0.000ns fall@2.500ns period=5.000ns})
  Destination:            <hidden>
                            (recovery check against rising-edge clock clk_out2_system_clk_wiz_0_0  {rise@0.000ns fall@2.500ns period=5.000ns})
  Path Group:             **async_default**
  Path Type:              Recovery (Max at Slow Process Corner)
  Requirement:            5.000ns  (clk_out2_system_clk_wiz_0_0 rise@5.000ns - clk_out2_system_clk_wiz_0_0 rise@0.000ns)
  Data Path Delay:        1.255ns  (logic 0.346ns (27.564%)  route 0.909ns (72.436%))
  Logic Levels:           1  (LUT3=1)
  Clock Path Skew:        -0.118ns (DCD - SCD + CPR)
    Destination Clock Delay (DCD):    4.838ns = ( 9.838 - 5.000 ) 
    Source Clock Delay      (SCD):    4.455ns
    Clock Pessimism Removal (CPR):    -0.501ns
  Clock Uncertainty:      0.062ns  ((TSJ^2 + DJ^2)^1/2) / 2 + PE
    Total System Jitter     (TSJ):    0.071ns
    Discrete Jitter          (DJ):    0.102ns
    Phase Error              (PE):    0.000ns
  Clock Net Delay (Source):      2.548ns (routing 0.962ns, distribution 1.586ns)
  Clock Net Delay (Destination): 2.290ns (routing 0.881ns, distribution 1.409ns)

    Location             Delay type                Incr(ns)  Path(ns)    Netlist Resource(s)
  -------------------------------------------------------------------    -------------------
                         (clock clk_out2_system_clk_wiz_0_0 rise edge)
                                                      0.000     0.000 r  
    BUFG_PS_X0Y81        BUFG_PS                      0.000     0.000 r  system_i/zynq_ultra_ps_e_0/inst/buffer_pl_clk_0.PL_CLK_0_BUFG/O
                         net (fo=1, routed)           1.611     1.611    system_i/clk_wiz_0/inst/clk_in1
    MMCM_X0Y3            MMCME4_ADV (Prop_MMCM_CLKIN1_CLKOUT1)
                                                     -0.103     1.508 r  system_i/clk_wiz_0/inst/mmcme4_adv_inst/CLKOUT1
                         net (fo=1, routed)           0.355     1.863    system_i/clk_wiz_0/inst/clk_out2_system_clk_wiz_0_0
    BUFGCE_X0Y76         BUFGCE (Prop_BUFCE_BUFGCE_I_O)
                                                      0.044     1.907 r  system_i/clk_wiz_0/inst/clkout2_buf/O
    X1Y2 (CLOCK_ROOT)    net (fo=50751, routed)       2.548     4.455    <hidden>
    SLICE_X5Y209         FDRE                                         r  <hidden>
  -------------------------------------------------------------------    -------------------
    SLICE_X5Y209         FDRE (Prop_EFF2_SLICEM_C_Q)
                                                      0.118     4.573 f  <hidden>
                         net (fo=2, routed)           0.285     4.859    <hidden>
    SLICE_X5Y209         LUT3 (Prop_H6LUT_SLICEM_I1_O)
                                                      0.228     5.087 f  <hidden>
                         net (fo=10, routed)          0.624     5.711    <hidden>
    SLICE_X3Y207         FDPE                                         f  <hidden>
  -------------------------------------------------------------------    -------------------

                         (clock clk_out2_system_clk_wiz_0_0 rise edge)
                                                      5.000     5.000 r  
    BUFG_PS_X0Y81        BUFG_PS                      0.000     5.000 r  system_i/zynq_ultra_ps_e_0/inst/buffer_pl_clk_0.PL_CLK_0_BUFG/O
                         net (fo=1, routed)           1.458     6.458    system_i/clk_wiz_0/inst/clk_in1
    MMCM_X0Y3            MMCME4_ADV (Prop_MMCM_CLKIN1_CLKOUT1)
                                                      0.739     7.197 r  system_i/clk_wiz_0/inst/mmcme4_adv_inst/CLKOUT1
                         net (fo=1, routed)           0.312     7.509    system_i/clk_wiz_0/inst/clk_out2_system_clk_wiz_0_0
    BUFGCE_X0Y76         BUFGCE (Prop_BUFCE_BUFGCE_I_O)
                                                      0.039     7.548 r  system_i/clk_wiz_0/inst/clkout2_buf/O
    X1Y2 (CLOCK_ROOT)    net (fo=50751, routed)       2.290     9.838    <hidden>
    SLICE_X3Y207         FDPE                                         r  <hidden>
                         clock pessimism             -0.501     9.337    
                         clock uncertainty           -0.062     9.275    
    SLICE_X3Y207         FDPE (Recov_BFF_SLICEL_C_PRE)
                                                     -0.093     9.182    <hidden>
  -------------------------------------------------------------------
                         required time                          9.182    
                         arrival time                          -5.711    
  -------------------------------------------------------------------
                         slack                                  3.472    

Slack (MET) :             3.481ns  (required time - arrival time)
  Source:                 <hidden>
                            (rising edge-triggered cell FDRE clocked by clk_out2_system_clk_wiz_0_0  {rise@0.000ns fall@2.500ns period=5.000ns})
  Destination:            <hidden>
                            (recovery check against rising-edge clock clk_out2_system_clk_wiz_0_0  {rise@0.000ns fall@2.500ns period=5.000ns})
  Path Group:             **async_default**
  Path Type:              Recovery (Max at Slow Process Corner)
  Requirement:            5.000ns  (clk_out2_system_clk_wiz_0_0 rise@5.000ns - clk_out2_system_clk_wiz_0_0 rise@0.000ns)
  Data Path Delay:        1.310ns  (logic 0.338ns (25.799%)  route 0.972ns (74.201%))
  Logic Levels:           1  (LUT3=1)
  Clock Path Skew:        -0.054ns (DCD - SCD + CPR)
    Destination Clock Delay (DCD):    4.844ns = ( 9.844 - 5.000 ) 
    Source Clock Delay      (SCD):    4.460ns
    Clock Pessimism Removal (CPR):    -0.438ns
  Clock Uncertainty:      0.062ns  ((TSJ^2 + DJ^2)^1/2) / 2 + PE
    Total System Jitter     (TSJ):    0.071ns
    Discrete Jitter          (DJ):    0.102ns
    Phase Error              (PE):    0.000ns
  Clock Net Delay (Source):      2.553ns (routing 0.962ns, distribution 1.591ns)
  Clock Net Delay (Destination): 2.296ns (routing 0.881ns, distribution 1.415ns)

    Location             Delay type                Incr(ns)  Path(ns)    Netlist Resource(s)
  -------------------------------------------------------------------    -------------------
                         (clock clk_out2_system_clk_wiz_0_0 rise edge)
                                                      0.000     0.000 r  
    BUFG_PS_X0Y81        BUFG_PS                      0.000     0.000 r  system_i/zynq_ultra_ps_e_0/inst/buffer_pl_clk_0.PL_CLK_0_BUFG/O
                         net (fo=1, routed)           1.611     1.611    system_i/clk_wiz_0/inst/clk_in1
    MMCM_X0Y3            MMCME4_ADV (Prop_MMCM_CLKIN1_CLKOUT1)
                                                     -0.103     1.508 r  system_i/clk_wiz_0/inst/mmcme4_adv_inst/CLKOUT1
                         net (fo=1, routed)           0.355     1.863    system_i/clk_wiz_0/inst/clk_out2_system_clk_wiz_0_0
    BUFGCE_X0Y76         BUFGCE (Prop_BUFCE_BUFGCE_I_O)
                                                      0.044     1.907 r  system_i/clk_wiz_0/inst/clkout2_buf/O
    X1Y2 (CLOCK_ROOT)    net (fo=50751, routed)       2.553     4.460    <hidden>
    SLICE_X5Y211         FDRE                                         r  <hidden>
  -------------------------------------------------------------------    -------------------
    SLICE_X5Y211         FDRE (Prop_EFF2_SLICEM_C_Q)
                                                      0.118     4.578 f  <hidden>
                         net (fo=4, routed)           0.212     4.790    <hidden>
    SLICE_X5Y211         LUT3 (Prop_C6LUT_SLICEM_I0_O)
                                                      0.220     5.010 f  <hidden>
                         net (fo=31, routed)          0.760     5.770    <hidden>
    SLICE_X5Y214         FDPE                                         f  <hidden>
  -------------------------------------------------------------------    -------------------

                         (clock clk_out2_system_clk_wiz_0_0 rise edge)
                                                      5.000     5.000 r  
    BUFG_PS_X0Y81        BUFG_PS                      0.000     5.000 r  system_i/zynq_ultra_ps_e_0/inst/buffer_pl_clk_0.PL_CLK_0_BUFG/O
                         net (fo=1, routed)           1.458     6.458    system_i/clk_wiz_0/inst/clk_in1
    MMCM_X0Y3            MMCME4_ADV (Prop_MMCM_CLKIN1_CLKOUT1)
                                                      0.739     7.197 r  system_i/clk_wiz_0/inst/mmcme4_adv_inst/CLKOUT1
                         net (fo=1, routed)           0.312     7.509    system_i/clk_wiz_0/inst/clk_out2_system_clk_wiz_0_0
    BUFGCE_X0Y76         BUFGCE (Prop_BUFCE_BUFGCE_I_O)
                                                      0.039     7.548 r  system_i/clk_wiz_0/inst/clkout2_buf/O
    X1Y2 (CLOCK_ROOT)    net (fo=50751, routed)       2.296     9.844    <hidden>
    SLICE_X5Y214         FDPE                                         r  <hidden>
                         clock pessimism             -0.438     9.406    
                         clock uncertainty           -0.062     9.344    
    SLICE_X5Y214         FDPE (Recov_DFF2_SLICEM_C_PRE)
                                                     -0.093     9.251    <hidden>
  -------------------------------------------------------------------
                         required time                          9.251    
                         arrival time                          -5.770    
  -------------------------------------------------------------------
                         slack                                  3.481    





Min Delay Paths
--------------------------------------------------------------------------------------
Slack (MET) :             0.160ns  (arrival time - required time)
  Source:                 <hidden>
                            (rising edge-triggered cell FDPE clocked by clk_out2_system_clk_wiz_0_0  {rise@0.000ns fall@2.500ns period=5.000ns})
  Destination:            <hidden>
                            (removal check against rising-edge clock clk_out2_system_clk_wiz_0_0  {rise@0.000ns fall@2.500ns period=5.000ns})
  Path Group:             **async_default**
  Path Type:              Removal (Min at Fast Process Corner)
  Requirement:            0.000ns  (clk_out2_system_clk_wiz_0_0 rise@0.000ns - clk_out2_system_clk_wiz_0_0 rise@0.000ns)
  Data Path Delay:        0.187ns  (logic 0.084ns (44.843%)  route 0.103ns (55.157%))
  Logic Levels:           0  
  Clock Path Skew:        0.046ns (DCD - SCD - CPR)
    Destination Clock Delay (DCD):    2.621ns
    Source Clock Delay      (SCD):    3.035ns
    Clock Pessimism Removal (CPR):    -0.459ns
  Clock Net Delay (Source):      1.381ns (routing 0.522ns, distribution 0.859ns)
  Clock Net Delay (Destination): 1.502ns (routing 0.568ns, distribution 0.934ns)

    Location             Delay type                Incr(ns)  Path(ns)    Netlist Resource(s)
  -------------------------------------------------------------------    -------------------
                         (clock clk_out2_system_clk_wiz_0_0 rise edge)
                                                      0.000     0.000 r  
    BUFG_PS_X0Y81        BUFG_PS                      0.000     0.000 r  system_i/zynq_ultra_ps_e_0/inst/buffer_pl_clk_0.PL_CLK_0_BUFG/O
                         net (fo=1, routed)           0.883     0.883    system_i/clk_wiz_0/inst/clk_in1
    MMCM_X0Y3            MMCME4_ADV (Prop_MMCM_CLKIN1_CLKOUT1)
                                                      0.566     1.449 r  system_i/clk_wiz_0/inst/mmcme4_adv_inst/CLKOUT1
                         net (fo=1, routed)           0.182     1.631    system_i/clk_wiz_0/inst/clk_out2_system_clk_wiz_0_0
    BUFGCE_X0Y76         BUFGCE (Prop_BUFCE_BUFGCE_I_O)
                                                      0.023     1.654 r  system_i/clk_wiz_0/inst/clkout2_buf/O
    X1Y2 (CLOCK_ROOT)    net (fo=50751, routed)       1.381     3.035    <hidden>
    SLICE_X8Y230         FDPE                                         r  <hidden>
  -------------------------------------------------------------------    -------------------
    SLICE_X8Y230         FDPE (Prop_AFF2_SLICEM_C_Q)
                                                      0.084     3.119 f  <hidden>
                         net (fo=3, routed)           0.103     3.222    <hidden>
    SLICE_X7Y230         FDPE                                         f  <hidden>
  -------------------------------------------------------------------    -------------------

                         (clock clk_out2_system_clk_wiz_0_0 rise edge)
                                                      0.000     0.000 r  
    BUFG_PS_X0Y81        BUFG_PS                      0.000     0.000 r  system_i/zynq_ultra_ps_e_0/inst/buffer_pl_clk_0.PL_CLK_0_BUFG/O
                         net (fo=1, routed)           0.964     0.964    system_i/clk_wiz_0/inst/clk_in1
    MMCM_X0Y3            MMCME4_ADV (Prop_MMCM_CLKIN1_CLKOUT1)
                                                     -0.079     0.885 r  system_i/clk_wiz_0/inst/mmcme4_adv_inst/CLKOUT1
                         net (fo=1, routed)           0.208     1.093    system_i/clk_wiz_0/inst/clk_out2_system_clk_wiz_0_0
    BUFGCE_X0Y76         BUFGCE (Prop_BUFCE_BUFGCE_I_O)
                                                      0.026     1.119 r  system_i/clk_wiz_0/inst/clkout2_buf/O
    X1Y2 (CLOCK_ROOT)    net (fo=50751, routed)       1.502     2.621    <hidden>
    SLICE_X7Y230         FDPE                                         r  <hidden>
                         clock pessimism              0.459     3.080    
    SLICE_X7Y230         FDPE (Remov_EFF_SLICEM_C_PRE)
                                                     -0.018     3.062    <hidden>
  -------------------------------------------------------------------
                         required time                         -3.062    
                         arrival time                           3.222    
  -------------------------------------------------------------------
                         slack                                  0.160    

Slack (MET) :             0.160ns  (arrival time - required time)
  Source:                 <hidden>
                            (rising edge-triggered cell FDPE clocked by clk_out2_system_clk_wiz_0_0  {rise@0.000ns fall@2.500ns period=5.000ns})
  Destination:            <hidden>
                            (removal check against rising-edge clock clk_out2_system_clk_wiz_0_0  {rise@0.000ns fall@2.500ns period=5.000ns})
  Path Group:             **async_default**
  Path Type:              Removal (Min at Fast Process Corner)
  Requirement:            0.000ns  (clk_out2_system_clk_wiz_0_0 rise@0.000ns - clk_out2_system_clk_wiz_0_0 rise@0.000ns)
  Data Path Delay:        0.187ns  (logic 0.084ns (44.843%)  route 0.103ns (55.157%))
  Logic Levels:           0  
  Clock Path Skew:        0.046ns (DCD - SCD - CPR)
    Destination Clock Delay (DCD):    2.621ns
    Source Clock Delay      (SCD):    3.035ns
    Clock Pessimism Removal (CPR):    -0.459ns
  Clock Net Delay (Source):      1.381ns (routing 0.522ns, distribution 0.859ns)
  Clock Net Delay (Destination): 1.502ns (routing 0.568ns, distribution 0.934ns)

    Location             Delay type                Incr(ns)  Path(ns)    Netlist Resource(s)
  -------------------------------------------------------------------    -------------------
                         (clock clk_out2_system_clk_wiz_0_0 rise edge)
                                                      0.000     0.000 r  
    BUFG_PS_X0Y81        BUFG_PS                      0.000     0.000 r  system_i/zynq_ultra_ps_e_0/inst/buffer_pl_clk_0.PL_CLK_0_BUFG/O
                         net (fo=1, routed)           0.883     0.883    system_i/clk_wiz_0/inst/clk_in1
    MMCM_X0Y3            MMCME4_ADV (Prop_MMCM_CLKIN1_CLKOUT1)
                                                      0.566     1.449 r  system_i/clk_wiz_0/inst/mmcme4_adv_inst/CLKOUT1
                         net (fo=1, routed)           0.182     1.631    system_i/clk_wiz_0/inst/clk_out2_system_clk_wiz_0_0
    BUFGCE_X0Y76         BUFGCE (Prop_BUFCE_BUFGCE_I_O)
                                                      0.023     1.654 r  system_i/clk_wiz_0/inst/clkout2_buf/O
    X1Y2 (CLOCK_ROOT)    net (fo=50751, routed)       1.381     3.035    <hidden>
    SLICE_X8Y230         FDPE                                         r  <hidden>
  -------------------------------------------------------------------    -------------------
    SLICE_X8Y230         FDPE (Prop_AFF2_SLICEM_C_Q)
                                                      0.084     3.119 f  <hidden>
                         net (fo=3, routed)           0.103     3.222    <hidden>
    SLICE_X7Y230         FDPE                                         f  <hidden>
  -------------------------------------------------------------------    -------------------

                         (clock clk_out2_system_clk_wiz_0_0 rise edge)
                                                      0.000     0.000 r  
    BUFG_PS_X0Y81        BUFG_PS                      0.000     0.000 r  system_i/zynq_ultra_ps_e_0/inst/buffer_pl_clk_0.PL_CLK_0_BUFG/O
                         net (fo=1, routed)           0.964     0.964    system_i/clk_wiz_0/inst/clk_in1
    MMCM_X0Y3            MMCME4_ADV (Prop_MMCM_CLKIN1_CLKOUT1)
                                                     -0.079     0.885 r  system_i/clk_wiz_0/inst/mmcme4_adv_inst/CLKOUT1
                         net (fo=1, routed)           0.208     1.093    system_i/clk_wiz_0/inst/clk_out2_system_clk_wiz_0_0
    BUFGCE_X0Y76         BUFGCE (Prop_BUFCE_BUFGCE_I_O)
                                                      0.026     1.119 r  system_i/clk_wiz_0/inst/clkout2_buf/O
    X1Y2 (CLOCK_ROOT)    net (fo=50751, routed)       1.502     2.621    <hidden>
    SLICE_X7Y230         FDPE                                         r  <hidden>
                         clock pessimism              0.459     3.080    
    SLICE_X7Y230         FDPE (Remov_EFF2_SLICEM_C_PRE)
                                                     -0.018     3.062    <hidden>
  -------------------------------------------------------------------
                         required time                         -3.062    
                         arrival time                           3.222    
  -------------------------------------------------------------------
                         slack                                  0.160    

Slack (MET) :             0.167ns  (arrival time - required time)
  Source:                 <hidden>
                            (rising edge-triggered cell FDPE clocked by clk_out2_system_clk_wiz_0_0  {rise@0.000ns fall@2.500ns period=5.000ns})
  Destination:            <hidden>
                            (removal check against rising-edge clock clk_out2_system_clk_wiz_0_0  {rise@0.000ns fall@2.500ns period=5.000ns})
  Path Group:             **async_default**
  Path Type:              Removal (Min at Fast Process Corner)
  Requirement:            0.000ns  (clk_out2_system_clk_wiz_0_0 rise@0.000ns - clk_out2_system_clk_wiz_0_0 rise@0.000ns)
  Data Path Delay:        0.171ns  (logic 0.085ns (49.814%)  route 0.086ns (50.186%))
  Logic Levels:           0  
  Clock Path Skew:        0.022ns (DCD - SCD - CPR)
    Destination Clock Delay (DCD):    2.618ns
    Source Clock Delay      (SCD):    3.026ns
    Clock Pessimism Removal (CPR):    -0.430ns
  Clock Net Delay (Source):      1.372ns (routing 0.522ns, distribution 0.850ns)
  Clock Net Delay (Destination): 1.499ns (routing 0.568ns, distribution 0.931ns)

    Location             Delay type                Incr(ns)  Path(ns)    Netlist Resource(s)
  -------------------------------------------------------------------    -------------------
                         (clock clk_out2_system_clk_wiz_0_0 rise edge)
                                                      0.000     0.000 r  
    BUFG_PS_X0Y81        BUFG_PS                      0.000     0.000 r  system_i/zynq_ultra_ps_e_0/inst/buffer_pl_clk_0.PL_CLK_0_BUFG/O
                         net (fo=1, routed)           0.883     0.883    system_i/clk_wiz_0/inst/clk_in1
    MMCM_X0Y3            MMCME4_ADV (Prop_MMCM_CLKIN1_CLKOUT1)
                                                      0.566     1.449 r  system_i/clk_wiz_0/inst/mmcme4_adv_inst/CLKOUT1
                         net (fo=1, routed)           0.182     1.631    system_i/clk_wiz_0/inst/clk_out2_system_clk_wiz_0_0
    BUFGCE_X0Y76         BUFGCE (Prop_BUFCE_BUFGCE_I_O)
                                                      0.023     1.654 r  system_i/clk_wiz_0/inst/clkout2_buf/O
    X1Y2 (CLOCK_ROOT)    net (fo=50751, routed)       1.372     3.026    <hidden>
    SLICE_X14Y229        FDPE                                         r  <hidden>
  -------------------------------------------------------------------    -------------------
    SLICE_X14Y229        FDPE (Prop_AFF2_SLICEL_C_Q)
                                                      0.085     3.111 f  <hidden>
                         net (fo=3, routed)           0.086     3.196    <hidden>
    SLICE_X14Y228        FDPE                                         f  <hidden>
  -------------------------------------------------------------------    -------------------

                         (clock clk_out2_system_clk_wiz_0_0 rise edge)
                                                      0.000     0.000 r  
    BUFG_PS_X0Y81        BUFG_PS                      0.000     0.000 r  system_i/zynq_ultra_ps_e_0/inst/buffer_pl_clk_0.PL_CLK_0_BUFG/O
                         net (fo=1, routed)           0.964     0.964    system_i/clk_wiz_0/inst/clk_in1
    MMCM_X0Y3            MMCME4_ADV (Prop_MMCM_CLKIN1_CLKOUT1)
                                                     -0.079     0.885 r  system_i/clk_wiz_0/inst/mmcme4_adv_inst/CLKOUT1
                         net (fo=1, routed)           0.208     1.093    system_i/clk_wiz_0/inst/clk_out2_system_clk_wiz_0_0
    BUFGCE_X0Y76         BUFGCE (Prop_BUFCE_BUFGCE_I_O)
                                                      0.026     1.119 r  system_i/clk_wiz_0/inst/clkout2_buf/O
    X1Y2 (CLOCK_ROOT)    net (fo=50751, routed)       1.499     2.618    <hidden>
    SLICE_X14Y228        FDPE                                         r  <hidden>
                         clock pessimism              0.430     3.048    
    SLICE_X14Y228        FDPE (Remov_EFF_SLICEL_C_PRE)
                                                     -0.018     3.030    <hidden>
  -------------------------------------------------------------------
                         required time                         -3.030    
                         arrival time                           3.196    
  -------------------------------------------------------------------
                         slack                                  0.167    

Slack (MET) :             0.167ns  (arrival time - required time)
  Source:                 <hidden>
                            (rising edge-triggered cell FDPE clocked by clk_out2_system_clk_wiz_0_0  {rise@0.000ns fall@2.500ns period=5.000ns})
  Destination:            <hidden>
                            (removal check against rising-edge clock clk_out2_system_clk_wiz_0_0  {rise@0.000ns fall@2.500ns period=5.000ns})
  Path Group:             **async_default**
  Path Type:              Removal (Min at Fast Process Corner)
  Requirement:            0.000ns  (clk_out2_system_clk_wiz_0_0 rise@0.000ns - clk_out2_system_clk_wiz_0_0 rise@0.000ns)
  Data Path Delay:        0.171ns  (logic 0.085ns (49.814%)  route 0.086ns (50.186%))
  Logic Levels:           0  
  Clock Path Skew:        0.022ns (DCD - SCD - CPR)
    Destination Clock Delay (DCD):    2.618ns
    Source Clock Delay      (SCD):    3.026ns
    Clock Pessimism Removal (CPR):    -0.430ns
  Clock Net Delay (Source):      1.372ns (routing 0.522ns, distribution 0.850ns)
  Clock Net Delay (Destination): 1.499ns (routing 0.568ns, distribution 0.931ns)

    Location             Delay type                Incr(ns)  Path(ns)    Netlist Resource(s)
  -------------------------------------------------------------------    -------------------
                         (clock clk_out2_system_clk_wiz_0_0 rise edge)
                                                      0.000     0.000 r  
    BUFG_PS_X0Y81        BUFG_PS                      0.000     0.000 r  system_i/zynq_ultra_ps_e_0/inst/buffer_pl_clk_0.PL_CLK_0_BUFG/O
                         net (fo=1, routed)           0.883     0.883    system_i/clk_wiz_0/inst/clk_in1
    MMCM_X0Y3            MMCME4_ADV (Prop_MMCM_CLKIN1_CLKOUT1)
                                                      0.566     1.449 r  system_i/clk_wiz_0/inst/mmcme4_adv_inst/CLKOUT1
                         net (fo=1, routed)           0.182     1.631    system_i/clk_wiz_0/inst/clk_out2_system_clk_wiz_0_0
    BUFGCE_X0Y76         BUFGCE (Prop_BUFCE_BUFGCE_I_O)
                                                      0.023     1.654 r  system_i/clk_wiz_0/inst/clkout2_buf/O
    X1Y2 (CLOCK_ROOT)    net (fo=50751, routed)       1.372     3.026    <hidden>
    SLICE_X14Y229        FDPE                                         r  <hidden>
  -------------------------------------------------------------------    -------------------
    SLICE_X14Y229        FDPE (Prop_AFF2_SLICEL_C_Q)
                                                      0.085     3.111 f  <hidden>
                         net (fo=3, routed)           0.086     3.196    <hidden>
    SLICE_X14Y228        FDPE                                         f  <hidden>
  -------------------------------------------------------------------    -------------------

                         (clock clk_out2_system_clk_wiz_0_0 rise edge)
                                                      0.000     0.000 r  
    BUFG_PS_X0Y81        BUFG_PS                      0.000     0.000 r  system_i/zynq_ultra_ps_e_0/inst/buffer_pl_clk_0.PL_CLK_0_BUFG/O
                         net (fo=1, routed)           0.964     0.964    system_i/clk_wiz_0/inst/clk_in1
    MMCM_X0Y3            MMCME4_ADV (Prop_MMCM_CLKIN1_CLKOUT1)
                                                     -0.079     0.885 r  system_i/clk_wiz_0/inst/mmcme4_adv_inst/CLKOUT1
                         net (fo=1, routed)           0.208     1.093    system_i/clk_wiz_0/inst/clk_out2_system_clk_wiz_0_0
    BUFGCE_X0Y76         BUFGCE (Prop_BUFCE_BUFGCE_I_O)
                                                      0.026     1.119 r  system_i/clk_wiz_0/inst/clkout2_buf/O
    X1Y2 (CLOCK_ROOT)    net (fo=50751, routed)       1.499     2.618    <hidden>
    SLICE_X14Y228        FDPE                                         r  <hidden>
                         clock pessimism              0.430     3.048    
    SLICE_X14Y228        FDPE (Remov_EFF2_SLICEL_C_PRE)
                                                     -0.018     3.030    <hidden>
  -------------------------------------------------------------------
                         required time                         -3.030    
                         arrival time                           3.196    
  -------------------------------------------------------------------
                         slack                                  0.167    

Slack (MET) :             0.170ns  (arrival time - required time)
  Source:                 <hidden>
                            (rising edge-triggered cell FDPE clocked by clk_out2_system_clk_wiz_0_0  {rise@0.000ns fall@2.500ns period=5.000ns})
  Destination:            <hidden>
                            (removal check against rising-edge clock clk_out2_system_clk_wiz_0_0  {rise@0.000ns fall@2.500ns period=5.000ns})
  Path Group:             **async_default**
  Path Type:              Removal (Min at Fast Process Corner)
  Requirement:            0.000ns  (clk_out2_system_clk_wiz_0_0 rise@0.000ns - clk_out2_system_clk_wiz_0_0 rise@0.000ns)
  Data Path Delay:        0.175ns  (logic 0.085ns (48.520%)  route 0.090ns (51.480%))
  Logic Levels:           0  
  Clock Path Skew:        0.023ns (DCD - SCD - CPR)
    Destination Clock Delay (DCD):    2.634ns
    Source Clock Delay      (SCD):    3.040ns
    Clock Pessimism Removal (CPR):    -0.429ns
  Clock Net Delay (Source):      1.386ns (routing 0.522ns, distribution 0.864ns)
  Clock Net Delay (Destination): 1.515ns (routing 0.568ns, distribution 0.947ns)

    Location             Delay type                Incr(ns)  Path(ns)    Netlist Resource(s)
  -------------------------------------------------------------------    -------------------
                         (clock clk_out2_system_clk_wiz_0_0 rise edge)
                                                      0.000     0.000 r  
    BUFG_PS_X0Y81        BUFG_PS                      0.000     0.000 r  system_i/zynq_ultra_ps_e_0/inst/buffer_pl_clk_0.PL_CLK_0_BUFG/O
                         net (fo=1, routed)           0.883     0.883    system_i/clk_wiz_0/inst/clk_in1
    MMCM_X0Y3            MMCME4_ADV (Prop_MMCM_CLKIN1_CLKOUT1)
                                                      0.566     1.449 r  system_i/clk_wiz_0/inst/mmcme4_adv_inst/CLKOUT1
                         net (fo=1, routed)           0.182     1.631    system_i/clk_wiz_0/inst/clk_out2_system_clk_wiz_0_0
    BUFGCE_X0Y76         BUFGCE (Prop_BUFCE_BUFGCE_I_O)
                                                      0.023     1.654 r  system_i/clk_wiz_0/inst/clkout2_buf/O
    X1Y2 (CLOCK_ROOT)    net (fo=50751, routed)       1.386     3.040    <hidden>
    SLICE_X6Y220         FDPE                                         r  <hidden>
  -------------------------------------------------------------------    -------------------
    SLICE_X6Y220         FDPE (Prop_AFF2_SLICEL_C_Q)
                                                      0.085     3.125 f  <hidden>
                         net (fo=3, routed)           0.090     3.215    <hidden>
    SLICE_X5Y219         FDPE                                         f  <hidden>
  -------------------------------------------------------------------    -------------------

                         (clock clk_out2_system_clk_wiz_0_0 rise edge)
                                                      0.000     0.000 r  
    BUFG_PS_X0Y81        BUFG_PS                      0.000     0.000 r  system_i/zynq_ultra_ps_e_0/inst/buffer_pl_clk_0.PL_CLK_0_BUFG/O
                         net (fo=1, routed)           0.964     0.964    system_i/clk_wiz_0/inst/clk_in1
    MMCM_X0Y3            MMCME4_ADV (Prop_MMCM_CLKIN1_CLKOUT1)
                                                     -0.079     0.885 r  system_i/clk_wiz_0/inst/mmcme4_adv_inst/CLKOUT1
                         net (fo=1, routed)           0.208     1.093    system_i/clk_wiz_0/inst/clk_out2_system_clk_wiz_0_0
    BUFGCE_X0Y76         BUFGCE (Prop_BUFCE_BUFGCE_I_O)
                                                      0.026     1.119 r  system_i/clk_wiz_0/inst/clkout2_buf/O
    X1Y2 (CLOCK_ROOT)    net (fo=50751, routed)       1.515     2.634    <hidden>
    SLICE_X5Y219         FDPE                                         r  <hidden>
                         clock pessimism              0.429     3.062    
    SLICE_X5Y219         FDPE (Remov_AFF_SLICEM_C_PRE)
                                                     -0.018     3.044    <hidden>
  -------------------------------------------------------------------
                         required time                         -3.044    
                         arrival time                           3.215    
  -------------------------------------------------------------------
                         slack                                  0.170    

Slack (MET) :             0.170ns  (arrival time - required time)
  Source:                 <hidden>
                            (rising edge-triggered cell FDPE clocked by clk_out2_system_clk_wiz_0_0  {rise@0.000ns fall@2.500ns period=5.000ns})
  Destination:            <hidden>
                            (removal check against rising-edge clock clk_out2_system_clk_wiz_0_0  {rise@0.000ns fall@2.500ns period=5.000ns})
  Path Group:             **async_default**
  Path Type:              Removal (Min at Fast Process Corner)
  Requirement:            0.000ns  (clk_out2_system_clk_wiz_0_0 rise@0.000ns - clk_out2_system_clk_wiz_0_0 rise@0.000ns)
  Data Path Delay:        0.175ns  (logic 0.085ns (48.520%)  route 0.090ns (51.480%))
  Logic Levels:           0  
  Clock Path Skew:        0.023ns (DCD - SCD - CPR)
    Destination Clock Delay (DCD):    2.634ns
    Source Clock Delay      (SCD):    3.040ns
    Clock Pessimism Removal (CPR):    -0.429ns
  Clock Net Delay (Source):      1.386ns (routing 0.522ns, distribution 0.864ns)
  Clock Net Delay (Destination): 1.515ns (routing 0.568ns, distribution 0.947ns)

    Location             Delay type                Incr(ns)  Path(ns)    Netlist Resource(s)
  -------------------------------------------------------------------    -------------------
                         (clock clk_out2_system_clk_wiz_0_0 rise edge)
                                                      0.000     0.000 r  
    BUFG_PS_X0Y81        BUFG_PS                      0.000     0.000 r  system_i/zynq_ultra_ps_e_0/inst/buffer_pl_clk_0.PL_CLK_0_BUFG/O
                         net (fo=1, routed)           0.883     0.883    system_i/clk_wiz_0/inst/clk_in1
    MMCM_X0Y3            MMCME4_ADV (Prop_MMCM_CLKIN1_CLKOUT1)
                                                      0.566     1.449 r  system_i/clk_wiz_0/inst/mmcme4_adv_inst/CLKOUT1
                         net (fo=1, routed)           0.182     1.631    system_i/clk_wiz_0/inst/clk_out2_system_clk_wiz_0_0
    BUFGCE_X0Y76         BUFGCE (Prop_BUFCE_BUFGCE_I_O)
                                                      0.023     1.654 r  system_i/clk_wiz_0/inst/clkout2_buf/O
    X1Y2 (CLOCK_ROOT)    net (fo=50751, routed)       1.386     3.040    <hidden>
    SLICE_X6Y220         FDPE                                         r  <hidden>
  -------------------------------------------------------------------    -------------------
    SLICE_X6Y220         FDPE (Prop_AFF2_SLICEL_C_Q)
                                                      0.085     3.125 f  <hidden>
                         net (fo=3, routed)           0.090     3.215    <hidden>
    SLICE_X5Y219         FDPE                                         f  <hidden>
  -------------------------------------------------------------------    -------------------

                         (clock clk_out2_system_clk_wiz_0_0 rise edge)
                                                      0.000     0.000 r  
    BUFG_PS_X0Y81        BUFG_PS                      0.000     0.000 r  system_i/zynq_ultra_ps_e_0/inst/buffer_pl_clk_0.PL_CLK_0_BUFG/O
                         net (fo=1, routed)           0.964     0.964    system_i/clk_wiz_0/inst/clk_in1
    MMCM_X0Y3            MMCME4_ADV (Prop_MMCM_CLKIN1_CLKOUT1)
                                                     -0.079     0.885 r  system_i/clk_wiz_0/inst/mmcme4_adv_inst/CLKOUT1
                         net (fo=1, routed)           0.208     1.093    system_i/clk_wiz_0/inst/clk_out2_system_clk_wiz_0_0
    BUFGCE_X0Y76         BUFGCE (Prop_BUFCE_BUFGCE_I_O)
                                                      0.026     1.119 r  system_i/clk_wiz_0/inst/clkout2_buf/O
    X1Y2 (CLOCK_ROOT)    net (fo=50751, routed)       1.515     2.634    <hidden>
    SLICE_X5Y219         FDPE                                         r  <hidden>
                         clock pessimism              0.429     3.062    
    SLICE_X5Y219         FDPE (Remov_AFF2_SLICEM_C_PRE)
                                                     -0.018     3.044    <hidden>
  -------------------------------------------------------------------
                         required time                         -3.044    
                         arrival time                           3.215    
  -------------------------------------------------------------------
                         slack                                  0.170    

Slack (MET) :             0.176ns  (arrival time - required time)
  Source:                 <hidden>
                            (rising edge-triggered cell FDPE clocked by clk_out2_system_clk_wiz_0_0  {rise@0.000ns fall@2.500ns period=5.000ns})
  Destination:            <hidden>
                            (removal check against rising-edge clock clk_out2_system_clk_wiz_0_0  {rise@0.000ns fall@2.500ns period=5.000ns})
  Path Group:             **async_default**
  Path Type:              Removal (Min at Fast Process Corner)
  Requirement:            0.000ns  (clk_out2_system_clk_wiz_0_0 rise@0.000ns - clk_out2_system_clk_wiz_0_0 rise@0.000ns)
  Data Path Delay:        0.204ns  (logic 0.085ns (41.741%)  route 0.119ns (58.259%))
  Logic Levels:           0  
  Clock Path Skew:        0.046ns (DCD - SCD - CPR)
    Destination Clock Delay (DCD):    2.611ns
    Source Clock Delay      (SCD):    3.025ns
    Clock Pessimism Removal (CPR):    -0.459ns
  Clock Net Delay (Source):      1.371ns (routing 0.522ns, distribution 0.849ns)
  Clock Net Delay (Destination): 1.492ns (routing 0.568ns, distribution 0.924ns)

    Location             Delay type                Incr(ns)  Path(ns)    Netlist Resource(s)
  -------------------------------------------------------------------    -------------------
                         (clock clk_out2_system_clk_wiz_0_0 rise edge)
                                                      0.000     0.000 r  
    BUFG_PS_X0Y81        BUFG_PS                      0.000     0.000 r  system_i/zynq_ultra_ps_e_0/inst/buffer_pl_clk_0.PL_CLK_0_BUFG/O
                         net (fo=1, routed)           0.883     0.883    system_i/clk_wiz_0/inst/clk_in1
    MMCM_X0Y3            MMCME4_ADV (Prop_MMCM_CLKIN1_CLKOUT1)
                                                      0.566     1.449 r  system_i/clk_wiz_0/inst/mmcme4_adv_inst/CLKOUT1
                         net (fo=1, routed)           0.182     1.631    system_i/clk_wiz_0/inst/clk_out2_system_clk_wiz_0_0
    BUFGCE_X0Y76         BUFGCE (Prop_BUFCE_BUFGCE_I_O)
                                                      0.023     1.654 r  system_i/clk_wiz_0/inst/clkout2_buf/O
    X1Y2 (CLOCK_ROOT)    net (fo=50751, routed)       1.371     3.025    <hidden>
    SLICE_X14Y226        FDPE                                         r  <hidden>
  -------------------------------------------------------------------    -------------------
    SLICE_X14Y226        FDPE (Prop_AFF2_SLICEL_C_Q)
                                                      0.085     3.110 f  <hidden>
                         net (fo=3, routed)           0.119     3.228    <hidden>
    SLICE_X12Y226        FDPE                                         f  <hidden>
  -------------------------------------------------------------------    -------------------

                         (clock clk_out2_system_clk_wiz_0_0 rise edge)
                                                      0.000     0.000 r  
    BUFG_PS_X0Y81        BUFG_PS                      0.000     0.000 r  system_i/zynq_ultra_ps_e_0/inst/buffer_pl_clk_0.PL_CLK_0_BUFG/O
                         net (fo=1, routed)           0.964     0.964    system_i/clk_wiz_0/inst/clk_in1
    MMCM_X0Y3            MMCME4_ADV (Prop_MMCM_CLKIN1_CLKOUT1)
                                                     -0.079     0.885 r  system_i/clk_wiz_0/inst/mmcme4_adv_inst/CLKOUT1
                         net (fo=1, routed)           0.208     1.093    system_i/clk_wiz_0/inst/clk_out2_system_clk_wiz_0_0
    BUFGCE_X0Y76         BUFGCE (Prop_BUFCE_BUFGCE_I_O)
                                                      0.026     1.119 r  system_i/clk_wiz_0/inst/clkout2_buf/O
    X1Y2 (CLOCK_ROOT)    net (fo=50751, routed)       1.492     2.611    <hidden>
    SLICE_X12Y226        FDPE                                         r  <hidden>
                         clock pessimism              0.459     3.070    
    SLICE_X12Y226        FDPE (Remov_AFF_SLICEM_C_PRE)
                                                     -0.018     3.052    <hidden>
  -------------------------------------------------------------------
                         required time                         -3.052    
                         arrival time                           3.228    
  -------------------------------------------------------------------
                         slack                                  0.176    

Slack (MET) :             0.176ns  (arrival time - required time)
  Source:                 <hidden>
                            (rising edge-triggered cell FDPE clocked by clk_out2_system_clk_wiz_0_0  {rise@0.000ns fall@2.500ns period=5.000ns})
  Destination:            <hidden>
                            (removal check against rising-edge clock clk_out2_system_clk_wiz_0_0  {rise@0.000ns fall@2.500ns period=5.000ns})
  Path Group:             **async_default**
  Path Type:              Removal (Min at Fast Process Corner)
  Requirement:            0.000ns  (clk_out2_system_clk_wiz_0_0 rise@0.000ns - clk_out2_system_clk_wiz_0_0 rise@0.000ns)
  Data Path Delay:        0.204ns  (logic 0.085ns (41.741%)  route 0.119ns (58.259%))
  Logic Levels:           0  
  Clock Path Skew:        0.046ns (DCD - SCD - CPR)
    Destination Clock Delay (DCD):    2.611ns
    Source Clock Delay      (SCD):    3.025ns
    Clock Pessimism Removal (CPR):    -0.459ns
  Clock Net Delay (Source):      1.371ns (routing 0.522ns, distribution 0.849ns)
  Clock Net Delay (Destination): 1.492ns (routing 0.568ns, distribution 0.924ns)

    Location             Delay type                Incr(ns)  Path(ns)    Netlist Resource(s)
  -------------------------------------------------------------------    -------------------
                         (clock clk_out2_system_clk_wiz_0_0 rise edge)
                                                      0.000     0.000 r  
    BUFG_PS_X0Y81        BUFG_PS                      0.000     0.000 r  system_i/zynq_ultra_ps_e_0/inst/buffer_pl_clk_0.PL_CLK_0_BUFG/O
                         net (fo=1, routed)           0.883     0.883    system_i/clk_wiz_0/inst/clk_in1
    MMCM_X0Y3            MMCME4_ADV (Prop_MMCM_CLKIN1_CLKOUT1)
                                                      0.566     1.449 r  system_i/clk_wiz_0/inst/mmcme4_adv_inst/CLKOUT1
                         net (fo=1, routed)           0.182     1.631    system_i/clk_wiz_0/inst/clk_out2_system_clk_wiz_0_0
    BUFGCE_X0Y76         BUFGCE (Prop_BUFCE_BUFGCE_I_O)
                                                      0.023     1.654 r  system_i/clk_wiz_0/inst/clkout2_buf/O
    X1Y2 (CLOCK_ROOT)    net (fo=50751, routed)       1.371     3.025    <hidden>
    SLICE_X14Y226        FDPE                                         r  <hidden>
  -------------------------------------------------------------------    -------------------
    SLICE_X14Y226        FDPE (Prop_AFF2_SLICEL_C_Q)
                                                      0.085     3.110 f  <hidden>
                         net (fo=3, routed)           0.119     3.228    <hidden>
    SLICE_X12Y226        FDPE                                         f  <hidden>
  -------------------------------------------------------------------    -------------------

                         (clock clk_out2_system_clk_wiz_0_0 rise edge)
                                                      0.000     0.000 r  
    BUFG_PS_X0Y81        BUFG_PS                      0.000     0.000 r  system_i/zynq_ultra_ps_e_0/inst/buffer_pl_clk_0.PL_CLK_0_BUFG/O
                         net (fo=1, routed)           0.964     0.964    system_i/clk_wiz_0/inst/clk_in1
    MMCM_X0Y3            MMCME4_ADV (Prop_MMCM_CLKIN1_CLKOUT1)
                                                     -0.079     0.885 r  system_i/clk_wiz_0/inst/mmcme4_adv_inst/CLKOUT1
                         net (fo=1, routed)           0.208     1.093    system_i/clk_wiz_0/inst/clk_out2_system_clk_wiz_0_0
    BUFGCE_X0Y76         BUFGCE (Prop_BUFCE_BUFGCE_I_O)
                                                      0.026     1.119 r  system_i/clk_wiz_0/inst/clkout2_buf/O
    X1Y2 (CLOCK_ROOT)    net (fo=50751, routed)       1.492     2.611    <hidden>
    SLICE_X12Y226        FDPE                                         r  <hidden>
                         clock pessimism              0.459     3.070    
    SLICE_X12Y226        FDPE (Remov_AFF2_SLICEM_C_PRE)
                                                     -0.018     3.052    <hidden>
  -------------------------------------------------------------------
                         required time                         -3.052    
                         arrival time                           3.228    
  -------------------------------------------------------------------
                         slack                                  0.176    

Slack (MET) :             0.181ns  (arrival time - required time)
  Source:                 <hidden>
                            (rising edge-triggered cell FDPE clocked by clk_out2_system_clk_wiz_0_0  {rise@0.000ns fall@2.500ns period=5.000ns})
  Destination:            <hidden>
                            (removal check against rising-edge clock clk_out2_system_clk_wiz_0_0  {rise@0.000ns fall@2.500ns period=5.000ns})
  Path Group:             **async_default**
  Path Type:              Removal (Min at Fast Process Corner)
  Requirement:            0.000ns  (clk_out2_system_clk_wiz_0_0 rise@0.000ns - clk_out2_system_clk_wiz_0_0 rise@0.000ns)
  Data Path Delay:        0.190ns  (logic 0.084ns (44.167%)  route 0.106ns (55.833%))
  Logic Levels:           0  
  Clock Path Skew:        0.028ns (DCD - SCD - CPR)
    Destination Clock Delay (DCD):    2.621ns
    Source Clock Delay      (SCD):    3.023ns
    Clock Pessimism Removal (CPR):    -0.430ns
  Clock Net Delay (Source):      1.369ns (routing 0.522ns, distribution 0.847ns)
  Clock Net Delay (Destination): 1.502ns (routing 0.568ns, distribution 0.934ns)

    Location             Delay type                Incr(ns)  Path(ns)    Netlist Resource(s)
  -------------------------------------------------------------------    -------------------
                         (clock clk_out2_system_clk_wiz_0_0 rise edge)
                                                      0.000     0.000 r  
    BUFG_PS_X0Y81        BUFG_PS                      0.000     0.000 r  system_i/zynq_ultra_ps_e_0/inst/buffer_pl_clk_0.PL_CLK_0_BUFG/O
                         net (fo=1, routed)           0.883     0.883    system_i/clk_wiz_0/inst/clk_in1
    MMCM_X0Y3            MMCME4_ADV (Prop_MMCM_CLKIN1_CLKOUT1)
                                                      0.566     1.449 r  system_i/clk_wiz_0/inst/mmcme4_adv_inst/CLKOUT1
                         net (fo=1, routed)           0.182     1.631    system_i/clk_wiz_0/inst/clk_out2_system_clk_wiz_0_0
    BUFGCE_X0Y76         BUFGCE (Prop_BUFCE_BUFGCE_I_O)
                                                      0.023     1.654 r  system_i/clk_wiz_0/inst/clkout2_buf/O
    X1Y2 (CLOCK_ROOT)    net (fo=50751, routed)       1.369     3.023    <hidden>
    SLICE_X13Y231        FDPE                                         r  <hidden>
  -------------------------------------------------------------------    -------------------
    SLICE_X13Y231        FDPE (Prop_AFF2_SLICEM_C_Q)
                                                      0.084     3.107 f  <hidden>
                         net (fo=7, routed)           0.106     3.213    <hidden>
    SLICE_X13Y230        FDPE                                         f  <hidden>
  -------------------------------------------------------------------    -------------------

                         (clock clk_out2_system_clk_wiz_0_0 rise edge)
                                                      0.000     0.000 r  
    BUFG_PS_X0Y81        BUFG_PS                      0.000     0.000 r  system_i/zynq_ultra_ps_e_0/inst/buffer_pl_clk_0.PL_CLK_0_BUFG/O
                         net (fo=1, routed)           0.964     0.964    system_i/clk_wiz_0/inst/clk_in1
    MMCM_X0Y3            MMCME4_ADV (Prop_MMCM_CLKIN1_CLKOUT1)
                                                     -0.079     0.885 r  system_i/clk_wiz_0/inst/mmcme4_adv_inst/CLKOUT1
                         net (fo=1, routed)           0.208     1.093    system_i/clk_wiz_0/inst/clk_out2_system_clk_wiz_0_0
    BUFGCE_X0Y76         BUFGCE (Prop_BUFCE_BUFGCE_I_O)
                                                      0.026     1.119 r  system_i/clk_wiz_0/inst/clkout2_buf/O
    X1Y2 (CLOCK_ROOT)    net (fo=50751, routed)       1.502     2.621    <hidden>
    SLICE_X13Y230        FDPE                                         r  <hidden>
                         clock pessimism              0.430     3.051    
    SLICE_X13Y230        FDPE (Remov_CFF2_SLICEM_C_PRE)
                                                     -0.018     3.033    <hidden>
  -------------------------------------------------------------------
                         required time                         -3.033    
                         arrival time                           3.213    
  -------------------------------------------------------------------
                         slack                                  0.181    

Slack (MET) :             0.181ns  (arrival time - required time)
  Source:                 <hidden>
                            (rising edge-triggered cell FDPE clocked by clk_out2_system_clk_wiz_0_0  {rise@0.000ns fall@2.500ns period=5.000ns})
  Destination:            <hidden>
                            (removal check against rising-edge clock clk_out2_system_clk_wiz_0_0  {rise@0.000ns fall@2.500ns period=5.000ns})
  Path Group:             **async_default**
  Path Type:              Removal (Min at Fast Process Corner)
  Requirement:            0.000ns  (clk_out2_system_clk_wiz_0_0 rise@0.000ns - clk_out2_system_clk_wiz_0_0 rise@0.000ns)
  Data Path Delay:        0.190ns  (logic 0.084ns (44.167%)  route 0.106ns (55.833%))
  Logic Levels:           0  
  Clock Path Skew:        0.028ns (DCD - SCD - CPR)
    Destination Clock Delay (DCD):    2.621ns
    Source Clock Delay      (SCD):    3.023ns
    Clock Pessimism Removal (CPR):    -0.430ns
  Clock Net Delay (Source):      1.369ns (routing 0.522ns, distribution 0.847ns)
  Clock Net Delay (Destination): 1.502ns (routing 0.568ns, distribution 0.934ns)

    Location             Delay type                Incr(ns)  Path(ns)    Netlist Resource(s)
  -------------------------------------------------------------------    -------------------
                         (clock clk_out2_system_clk_wiz_0_0 rise edge)
                                                      0.000     0.000 r  
    BUFG_PS_X0Y81        BUFG_PS                      0.000     0.000 r  system_i/zynq_ultra_ps_e_0/inst/buffer_pl_clk_0.PL_CLK_0_BUFG/O
                         net (fo=1, routed)           0.883     0.883    system_i/clk_wiz_0/inst/clk_in1
    MMCM_X0Y3            MMCME4_ADV (Prop_MMCM_CLKIN1_CLKOUT1)
                                                      0.566     1.449 r  system_i/clk_wiz_0/inst/mmcme4_adv_inst/CLKOUT1
                         net (fo=1, routed)           0.182     1.631    system_i/clk_wiz_0/inst/clk_out2_system_clk_wiz_0_0
    BUFGCE_X0Y76         BUFGCE (Prop_BUFCE_BUFGCE_I_O)
                                                      0.023     1.654 r  system_i/clk_wiz_0/inst/clkout2_buf/O
    X1Y2 (CLOCK_ROOT)    net (fo=50751, routed)       1.369     3.023    <hidden>
    SLICE_X13Y231        FDPE                                         r  <hidden>
  -------------------------------------------------------------------    -------------------
    SLICE_X13Y231        FDPE (Prop_AFF2_SLICEM_C_Q)
                                                      0.084     3.107 f  <hidden>
                         net (fo=7, routed)           0.106     3.213    <hidden>
    SLICE_X13Y230        FDPE                                         f  <hidden>
  -------------------------------------------------------------------    -------------------

                         (clock clk_out2_system_clk_wiz_0_0 rise edge)
                                                      0.000     0.000 r  
    BUFG_PS_X0Y81        BUFG_PS                      0.000     0.000 r  system_i/zynq_ultra_ps_e_0/inst/buffer_pl_clk_0.PL_CLK_0_BUFG/O
                         net (fo=1, routed)           0.964     0.964    system_i/clk_wiz_0/inst/clk_in1
    MMCM_X0Y3            MMCME4_ADV (Prop_MMCM_CLKIN1_CLKOUT1)
                                                     -0.079     0.885 r  system_i/clk_wiz_0/inst/mmcme4_adv_inst/CLKOUT1
                         net (fo=1, routed)           0.208     1.093    system_i/clk_wiz_0/inst/clk_out2_system_clk_wiz_0_0
    BUFGCE_X0Y76         BUFGCE (Prop_BUFCE_BUFGCE_I_O)
                                                      0.026     1.119 r  system_i/clk_wiz_0/inst/clkout2_buf/O
    X1Y2 (CLOCK_ROOT)    net (fo=50751, routed)       1.502     2.621    <hidden>
    SLICE_X13Y230        FDPE                                         r  <hidden>
                         clock pessimism              0.430     3.051    
    SLICE_X13Y230        FDPE (Remov_AFF2_SLICEM_C_PRE)
                                                     -0.018     3.033    <hidden>
  -------------------------------------------------------------------
                         required time                         -3.033    
                         arrival time                           3.213    
  -------------------------------------------------------------------
                         slack                                  0.181    





