
*** Running vivado
    with args -log system_wrapper.vds -m64 -product Vivado -mode batch -messageDb vivado.pb -notrace -source system_wrapper.tcl


****** Vivado v2024.2 (64-bit)
  **** SW Build 5239630 on Fri Nov 08 22:34:34 MST 2024
  **** IP Build 5239520 on Sun Nov 10 16:12:51 MST 2024
  **** SharedData Build 5239561 on Fri Nov 08 14:39:27 MST 2024
  **** Start of session at: Thu Jan 22 12:43:33 2026
    ** Copyright 1986-2022 Xilinx, Inc. All Rights Reserved.
    ** Copyright 2022-2024 Advanced Micro Devices, Inc. All Rights Reserved.

source system_wrapper.tcl -notrace
INFO: Dispatch client connection id - 36697
INFO: [IP_Flow 19-234] Refreshing IP repositories
INFO: [IP_Flow 19-1700] Loaded user IP repository '/home/emanuel/workspace/mesh_vo/MultiPlatformDiffRenderer/src/backends/xrt/hls/build/xclbin/_x/link/int/xo/ip_repo/xilinx_com_hls_ImageRenderHLS_1_0'.
INFO: [IP_Flow 19-1700] Loaded user IP repository '/home/emanuel/workspace/mesh_vo/MultiPlatformDiffRenderer/src/backends/xrt/hls/build/xclbin/_x/link/vivado/vpl/.local/hw_platform/ipcache'.
INFO: [IP_Flow 19-1700] Loaded user IP repository '/tools/Xilinx/Vitis/2024.2/data/ip'.
INFO: [IP_Flow 19-2313] Loaded Vivado IP repository '/tools/Xilinx/Vivado/2024.2/data/ip'.
INFO: [Project 1-5578] Found utility IPs instantiated in block design /home/emanuel/workspace/mesh_vo/MultiPlatformDiffRenderer/src/backends/xrt/hls/build/xclbin/_x/link/vivado/vpl/prj/prj.srcs/sources_1/bd/system/system.bd which have equivalent inline hdl with improved performance and reduced diskspace.
It is recommended to migrate these utility IPs to inline hdl  using the command upgrade_project -migrate_to_inline_hdl.  The utility IPs may be deprecated in future releases.
More information on inline hdl is available in UG994. 
Command: synth_design -top system_wrapper -part xck26-sfvc784-2LV-c
Starting synth_design
Attempting to get a license for feature 'Synthesis' and/or device 'xck26'
INFO: [Common 17-349] Got license for feature 'Synthesis' and/or device 'xck26'
INFO: [Device 21-403] Loading part xck26-sfvc784-2LV-c
INFO: [Synth 8-7079] Multithreading enabled for synth_design using a maximum of 1 processes.
INFO: [Synth 8-7078] Launching helper process for spawning children vivado processes
INFO: [Synth 8-7075] Helper process launched with PID 1011314
---------------------------------------------------------------------------------
Starting RTL Elaboration : Time (s): cpu = 00:00:04 ; elapsed = 00:00:04 . Memory (MB): peak = 2505.359 ; gain = 125.688 ; free physical = 8394 ; free virtual = 16569
---------------------------------------------------------------------------------
INFO: [Synth 8-6157] synthesizing module 'system_wrapper' [/home/emanuel/workspace/mesh_vo/MultiPlatformDiffRenderer/src/backends/xrt/hls/build/xclbin/_x/link/vivado/vpl/prj/prj.gen/sources_1/bd/system/hdl/system_wrapper.v:13]
INFO: [Synth 8-6157] synthesizing module 'system' [/home/emanuel/workspace/mesh_vo/MultiPlatformDiffRenderer/src/backends/xrt/hls/build/xclbin/_x/link/vivado/vpl/prj/prj.gen/sources_1/bd/system/synth/system.v:2265]
INFO: [Synth 8-6157] synthesizing module 'system_ImageRenderHLS_1_0' [/home/emanuel/workspace/mesh_vo/MultiPlatformDiffRenderer/src/backends/xrt/hls/build/xclbin/_x/link/vivado/vpl/prj/prj.runs/synth_1/.Xil/Vivado-1010969-HP-ProBook-445-G7/realtime/system_ImageRenderHLS_1_0_stub.v:6]
INFO: [Synth 8-6155] done synthesizing module 'system_ImageRenderHLS_1_0' (0#1) [/home/emanuel/workspace/mesh_vo/MultiPlatformDiffRenderer/src/backends/xrt/hls/build/xclbin/_x/link/vivado/vpl/prj/prj.runs/synth_1/.Xil/Vivado-1010969-HP-ProBook-445-G7/realtime/system_ImageRenderHLS_1_0_stub.v:6]
WARNING: [Synth 8-7071] port 'm_axi_gmem0_AWADDR' of module 'system_ImageRenderHLS_1_0' is unconnected for instance 'ImageRenderHLS_1' [/home/emanuel/workspace/mesh_vo/MultiPlatformDiffRenderer/src/backends/xrt/hls/build/xclbin/_x/link/vivado/vpl/prj/prj.gen/sources_1/bd/system/synth/system.v:2500]
WARNING: [Synth 8-7071] port 'm_axi_gmem0_AWBURST' of module 'system_ImageRenderHLS_1_0' is unconnected for instance 'ImageRenderHLS_1' [/home/emanuel/workspace/mesh_vo/MultiPlatformDiffRenderer/src/backends/xrt/hls/build/xclbin/_x/link/vivado/vpl/prj/prj.gen/sources_1/bd/system/synth/system.v:2500]
WARNING: [Synth 8-7071] port 'm_axi_gmem0_AWCACHE' of module 'system_ImageRenderHLS_1_0' is unconnected for instance 'ImageRenderHLS_1' [/home/emanuel/workspace/mesh_vo/MultiPlatformDiffRenderer/src/backends/xrt/hls/build/xclbin/_x/link/vivado/vpl/prj/prj.gen/sources_1/bd/system/synth/system.v:2500]
WARNING: [Synth 8-7071] port 'm_axi_gmem0_AWID' of module 'system_ImageRenderHLS_1_0' is unconnected for instance 'ImageRenderHLS_1' [/home/emanuel/workspace/mesh_vo/MultiPlatformDiffRenderer/src/backends/xrt/hls/build/xclbin/_x/link/vivado/vpl/prj/prj.gen/sources_1/bd/system/synth/system.v:2500]
WARNING: [Synth 8-7071] port 'm_axi_gmem0_AWLEN' of module 'system_ImageRenderHLS_1_0' is unconnected for instance 'ImageRenderHLS_1' [/home/emanuel/workspace/mesh_vo/MultiPlatformDiffRenderer/src/backends/xrt/hls/build/xclbin/_x/link/vivado/vpl/prj/prj.gen/sources_1/bd/system/synth/system.v:2500]
WARNING: [Synth 8-7071] port 'm_axi_gmem0_AWLOCK' of module 'system_ImageRenderHLS_1_0' is unconnected for instance 'ImageRenderHLS_1' [/home/emanuel/workspace/mesh_vo/MultiPlatformDiffRenderer/src/backends/xrt/hls/build/xclbin/_x/link/vivado/vpl/prj/prj.gen/sources_1/bd/system/synth/system.v:2500]
WARNING: [Synth 8-7071] port 'm_axi_gmem0_AWPROT' of module 'system_ImageRenderHLS_1_0' is unconnected for instance 'ImageRenderHLS_1' [/home/emanuel/workspace/mesh_vo/MultiPlatformDiffRenderer/src/backends/xrt/hls/build/xclbin/_x/link/vivado/vpl/prj/prj.gen/sources_1/bd/system/synth/system.v:2500]
WARNING: [Synth 8-7071] port 'm_axi_gmem0_AWQOS' of module 'system_ImageRenderHLS_1_0' is unconnected for instance 'ImageRenderHLS_1' [/home/emanuel/workspace/mesh_vo/MultiPlatformDiffRenderer/src/backends/xrt/hls/build/xclbin/_x/link/vivado/vpl/prj/prj.gen/sources_1/bd/system/synth/system.v:2500]
WARNING: [Synth 8-7071] port 'm_axi_gmem0_AWREGION' of module 'system_ImageRenderHLS_1_0' is unconnected for instance 'ImageRenderHLS_1' [/home/emanuel/workspace/mesh_vo/MultiPlatformDiffRenderer/src/backends/xrt/hls/build/xclbin/_x/link/vivado/vpl/prj/prj.gen/sources_1/bd/system/synth/system.v:2500]
WARNING: [Synth 8-7071] port 'm_axi_gmem0_AWSIZE' of module 'system_ImageRenderHLS_1_0' is unconnected for instance 'ImageRenderHLS_1' [/home/emanuel/workspace/mesh_vo/MultiPlatformDiffRenderer/src/backends/xrt/hls/build/xclbin/_x/link/vivado/vpl/prj/prj.gen/sources_1/bd/system/synth/system.v:2500]
WARNING: [Synth 8-7071] port 'm_axi_gmem0_AWVALID' of module 'system_ImageRenderHLS_1_0' is unconnected for instance 'ImageRenderHLS_1' [/home/emanuel/workspace/mesh_vo/MultiPlatformDiffRenderer/src/backends/xrt/hls/build/xclbin/_x/link/vivado/vpl/prj/prj.gen/sources_1/bd/system/synth/system.v:2500]
WARNING: [Synth 8-7071] port 'm_axi_gmem0_BREADY' of module 'system_ImageRenderHLS_1_0' is unconnected for instance 'ImageRenderHLS_1' [/home/emanuel/workspace/mesh_vo/MultiPlatformDiffRenderer/src/backends/xrt/hls/build/xclbin/_x/link/vivado/vpl/prj/prj.gen/sources_1/bd/system/synth/system.v:2500]
WARNING: [Synth 8-7071] port 'm_axi_gmem0_WDATA' of module 'system_ImageRenderHLS_1_0' is unconnected for instance 'ImageRenderHLS_1' [/home/emanuel/workspace/mesh_vo/MultiPlatformDiffRenderer/src/backends/xrt/hls/build/xclbin/_x/link/vivado/vpl/prj/prj.gen/sources_1/bd/system/synth/system.v:2500]
WARNING: [Synth 8-7071] port 'm_axi_gmem0_WID' of module 'system_ImageRenderHLS_1_0' is unconnected for instance 'ImageRenderHLS_1' [/home/emanuel/workspace/mesh_vo/MultiPlatformDiffRenderer/src/backends/xrt/hls/build/xclbin/_x/link/vivado/vpl/prj/prj.gen/sources_1/bd/system/synth/system.v:2500]
WARNING: [Synth 8-7071] port 'm_axi_gmem0_WLAST' of module 'system_ImageRenderHLS_1_0' is unconnected for instance 'ImageRenderHLS_1' [/home/emanuel/workspace/mesh_vo/MultiPlatformDiffRenderer/src/backends/xrt/hls/build/xclbin/_x/link/vivado/vpl/prj/prj.gen/sources_1/bd/system/synth/system.v:2500]
WARNING: [Synth 8-7071] port 'm_axi_gmem0_WSTRB' of module 'system_ImageRenderHLS_1_0' is unconnected for instance 'ImageRenderHLS_1' [/home/emanuel/workspace/mesh_vo/MultiPlatformDiffRenderer/src/backends/xrt/hls/build/xclbin/_x/link/vivado/vpl/prj/prj.gen/sources_1/bd/system/synth/system.v:2500]
WARNING: [Synth 8-7071] port 'm_axi_gmem0_WVALID' of module 'system_ImageRenderHLS_1_0' is unconnected for instance 'ImageRenderHLS_1' [/home/emanuel/workspace/mesh_vo/MultiPlatformDiffRenderer/src/backends/xrt/hls/build/xclbin/_x/link/vivado/vpl/prj/prj.gen/sources_1/bd/system/synth/system.v:2500]
WARNING: [Synth 8-7071] port 'm_axi_gmem1_AWADDR' of module 'system_ImageRenderHLS_1_0' is unconnected for instance 'ImageRenderHLS_1' [/home/emanuel/workspace/mesh_vo/MultiPlatformDiffRenderer/src/backends/xrt/hls/build/xclbin/_x/link/vivado/vpl/prj/prj.gen/sources_1/bd/system/synth/system.v:2500]
WARNING: [Synth 8-7071] port 'm_axi_gmem1_AWBURST' of module 'system_ImageRenderHLS_1_0' is unconnected for instance 'ImageRenderHLS_1' [/home/emanuel/workspace/mesh_vo/MultiPlatformDiffRenderer/src/backends/xrt/hls/build/xclbin/_x/link/vivado/vpl/prj/prj.gen/sources_1/bd/system/synth/system.v:2500]
WARNING: [Synth 8-7071] port 'm_axi_gmem1_AWCACHE' of module 'system_ImageRenderHLS_1_0' is unconnected for instance 'ImageRenderHLS_1' [/home/emanuel/workspace/mesh_vo/MultiPlatformDiffRenderer/src/backends/xrt/hls/build/xclbin/_x/link/vivado/vpl/prj/prj.gen/sources_1/bd/system/synth/system.v:2500]
WARNING: [Synth 8-7071] port 'm_axi_gmem1_AWID' of module 'system_ImageRenderHLS_1_0' is unconnected for instance 'ImageRenderHLS_1' [/home/emanuel/workspace/mesh_vo/MultiPlatformDiffRenderer/src/backends/xrt/hls/build/xclbin/_x/link/vivado/vpl/prj/prj.gen/sources_1/bd/system/synth/system.v:2500]
WARNING: [Synth 8-7071] port 'm_axi_gmem1_AWLEN' of module 'system_ImageRenderHLS_1_0' is unconnected for instance 'ImageRenderHLS_1' [/home/emanuel/workspace/mesh_vo/MultiPlatformDiffRenderer/src/backends/xrt/hls/build/xclbin/_x/link/vivado/vpl/prj/prj.gen/sources_1/bd/system/synth/system.v:2500]
WARNING: [Synth 8-7071] port 'm_axi_gmem1_AWLOCK' of module 'system_ImageRenderHLS_1_0' is unconnected for instance 'ImageRenderHLS_1' [/home/emanuel/workspace/mesh_vo/MultiPlatformDiffRenderer/src/backends/xrt/hls/build/xclbin/_x/link/vivado/vpl/prj/prj.gen/sources_1/bd/system/synth/system.v:2500]
WARNING: [Synth 8-7071] port 'm_axi_gmem1_AWPROT' of module 'system_ImageRenderHLS_1_0' is unconnected for instance 'ImageRenderHLS_1' [/home/emanuel/workspace/mesh_vo/MultiPlatformDiffRenderer/src/backends/xrt/hls/build/xclbin/_x/link/vivado/vpl/prj/prj.gen/sources_1/bd/system/synth/system.v:2500]
WARNING: [Synth 8-7071] port 'm_axi_gmem1_AWQOS' of module 'system_ImageRenderHLS_1_0' is unconnected for instance 'ImageRenderHLS_1' [/home/emanuel/workspace/mesh_vo/MultiPlatformDiffRenderer/src/backends/xrt/hls/build/xclbin/_x/link/vivado/vpl/prj/prj.gen/sources_1/bd/system/synth/system.v:2500]
WARNING: [Synth 8-7071] port 'm_axi_gmem1_AWREGION' of module 'system_ImageRenderHLS_1_0' is unconnected for instance 'ImageRenderHLS_1' [/home/emanuel/workspace/mesh_vo/MultiPlatformDiffRenderer/src/backends/xrt/hls/build/xclbin/_x/link/vivado/vpl/prj/prj.gen/sources_1/bd/system/synth/system.v:2500]
WARNING: [Synth 8-7071] port 'm_axi_gmem1_AWSIZE' of module 'system_ImageRenderHLS_1_0' is unconnected for instance 'ImageRenderHLS_1' [/home/emanuel/workspace/mesh_vo/MultiPlatformDiffRenderer/src/backends/xrt/hls/build/xclbin/_x/link/vivado/vpl/prj/prj.gen/sources_1/bd/system/synth/system.v:2500]
WARNING: [Synth 8-7071] port 'm_axi_gmem1_AWVALID' of module 'system_ImageRenderHLS_1_0' is unconnected for instance 'ImageRenderHLS_1' [/home/emanuel/workspace/mesh_vo/MultiPlatformDiffRenderer/src/backends/xrt/hls/build/xclbin/_x/link/vivado/vpl/prj/prj.gen/sources_1/bd/system/synth/system.v:2500]
WARNING: [Synth 8-7071] port 'm_axi_gmem1_BREADY' of module 'system_ImageRenderHLS_1_0' is unconnected for instance 'ImageRenderHLS_1' [/home/emanuel/workspace/mesh_vo/MultiPlatformDiffRenderer/src/backends/xrt/hls/build/xclbin/_x/link/vivado/vpl/prj/prj.gen/sources_1/bd/system/synth/system.v:2500]
WARNING: [Synth 8-7071] port 'm_axi_gmem1_WDATA' of module 'system_ImageRenderHLS_1_0' is unconnected for instance 'ImageRenderHLS_1' [/home/emanuel/workspace/mesh_vo/MultiPlatformDiffRenderer/src/backends/xrt/hls/build/xclbin/_x/link/vivado/vpl/prj/prj.gen/sources_1/bd/system/synth/system.v:2500]
WARNING: [Synth 8-7071] port 'm_axi_gmem1_WID' of module 'system_ImageRenderHLS_1_0' is unconnected for instance 'ImageRenderHLS_1' [/home/emanuel/workspace/mesh_vo/MultiPlatformDiffRenderer/src/backends/xrt/hls/build/xclbin/_x/link/vivado/vpl/prj/prj.gen/sources_1/bd/system/synth/system.v:2500]
WARNING: [Synth 8-7071] port 'm_axi_gmem1_WLAST' of module 'system_ImageRenderHLS_1_0' is unconnected for instance 'ImageRenderHLS_1' [/home/emanuel/workspace/mesh_vo/MultiPlatformDiffRenderer/src/backends/xrt/hls/build/xclbin/_x/link/vivado/vpl/prj/prj.gen/sources_1/bd/system/synth/system.v:2500]
WARNING: [Synth 8-7071] port 'm_axi_gmem1_WSTRB' of module 'system_ImageRenderHLS_1_0' is unconnected for instance 'ImageRenderHLS_1' [/home/emanuel/workspace/mesh_vo/MultiPlatformDiffRenderer/src/backends/xrt/hls/build/xclbin/_x/link/vivado/vpl/prj/prj.gen/sources_1/bd/system/synth/system.v:2500]
WARNING: [Synth 8-7071] port 'm_axi_gmem1_WVALID' of module 'system_ImageRenderHLS_1_0' is unconnected for instance 'ImageRenderHLS_1' [/home/emanuel/workspace/mesh_vo/MultiPlatformDiffRenderer/src/backends/xrt/hls/build/xclbin/_x/link/vivado/vpl/prj/prj.gen/sources_1/bd/system/synth/system.v:2500]
WARNING: [Synth 8-7071] port 'm_axi_gmem2_AWADDR' of module 'system_ImageRenderHLS_1_0' is unconnected for instance 'ImageRenderHLS_1' [/home/emanuel/workspace/mesh_vo/MultiPlatformDiffRenderer/src/backends/xrt/hls/build/xclbin/_x/link/vivado/vpl/prj/prj.gen/sources_1/bd/system/synth/system.v:2500]
WARNING: [Synth 8-7071] port 'm_axi_gmem2_AWBURST' of module 'system_ImageRenderHLS_1_0' is unconnected for instance 'ImageRenderHLS_1' [/home/emanuel/workspace/mesh_vo/MultiPlatformDiffRenderer/src/backends/xrt/hls/build/xclbin/_x/link/vivado/vpl/prj/prj.gen/sources_1/bd/system/synth/system.v:2500]
WARNING: [Synth 8-7071] port 'm_axi_gmem2_AWCACHE' of module 'system_ImageRenderHLS_1_0' is unconnected for instance 'ImageRenderHLS_1' [/home/emanuel/workspace/mesh_vo/MultiPlatformDiffRenderer/src/backends/xrt/hls/build/xclbin/_x/link/vivado/vpl/prj/prj.gen/sources_1/bd/system/synth/system.v:2500]
WARNING: [Synth 8-7071] port 'm_axi_gmem2_AWID' of module 'system_ImageRenderHLS_1_0' is unconnected for instance 'ImageRenderHLS_1' [/home/emanuel/workspace/mesh_vo/MultiPlatformDiffRenderer/src/backends/xrt/hls/build/xclbin/_x/link/vivado/vpl/prj/prj.gen/sources_1/bd/system/synth/system.v:2500]
WARNING: [Synth 8-7071] port 'm_axi_gmem2_AWLEN' of module 'system_ImageRenderHLS_1_0' is unconnected for instance 'ImageRenderHLS_1' [/home/emanuel/workspace/mesh_vo/MultiPlatformDiffRenderer/src/backends/xrt/hls/build/xclbin/_x/link/vivado/vpl/prj/prj.gen/sources_1/bd/system/synth/system.v:2500]
WARNING: [Synth 8-7071] port 'm_axi_gmem2_AWLOCK' of module 'system_ImageRenderHLS_1_0' is unconnected for instance 'ImageRenderHLS_1' [/home/emanuel/workspace/mesh_vo/MultiPlatformDiffRenderer/src/backends/xrt/hls/build/xclbin/_x/link/vivado/vpl/prj/prj.gen/sources_1/bd/system/synth/system.v:2500]
WARNING: [Synth 8-7071] port 'm_axi_gmem2_AWPROT' of module 'system_ImageRenderHLS_1_0' is unconnected for instance 'ImageRenderHLS_1' [/home/emanuel/workspace/mesh_vo/MultiPlatformDiffRenderer/src/backends/xrt/hls/build/xclbin/_x/link/vivado/vpl/prj/prj.gen/sources_1/bd/system/synth/system.v:2500]
WARNING: [Synth 8-7071] port 'm_axi_gmem2_AWQOS' of module 'system_ImageRenderHLS_1_0' is unconnected for instance 'ImageRenderHLS_1' [/home/emanuel/workspace/mesh_vo/MultiPlatformDiffRenderer/src/backends/xrt/hls/build/xclbin/_x/link/vivado/vpl/prj/prj.gen/sources_1/bd/system/synth/system.v:2500]
WARNING: [Synth 8-7071] port 'm_axi_gmem2_AWREGION' of module 'system_ImageRenderHLS_1_0' is unconnected for instance 'ImageRenderHLS_1' [/home/emanuel/workspace/mesh_vo/MultiPlatformDiffRenderer/src/backends/xrt/hls/build/xclbin/_x/link/vivado/vpl/prj/prj.gen/sources_1/bd/system/synth/system.v:2500]
WARNING: [Synth 8-7071] port 'm_axi_gmem2_AWSIZE' of module 'system_ImageRenderHLS_1_0' is unconnected for instance 'ImageRenderHLS_1' [/home/emanuel/workspace/mesh_vo/MultiPlatformDiffRenderer/src/backends/xrt/hls/build/xclbin/_x/link/vivado/vpl/prj/prj.gen/sources_1/bd/system/synth/system.v:2500]
WARNING: [Synth 8-7071] port 'm_axi_gmem2_AWVALID' of module 'system_ImageRenderHLS_1_0' is unconnected for instance 'ImageRenderHLS_1' [/home/emanuel/workspace/mesh_vo/MultiPlatformDiffRenderer/src/backends/xrt/hls/build/xclbin/_x/link/vivado/vpl/prj/prj.gen/sources_1/bd/system/synth/system.v:2500]
WARNING: [Synth 8-7071] port 'm_axi_gmem2_BREADY' of module 'system_ImageRenderHLS_1_0' is unconnected for instance 'ImageRenderHLS_1' [/home/emanuel/workspace/mesh_vo/MultiPlatformDiffRenderer/src/backends/xrt/hls/build/xclbin/_x/link/vivado/vpl/prj/prj.gen/sources_1/bd/system/synth/system.v:2500]
WARNING: [Synth 8-7071] port 'm_axi_gmem2_WDATA' of module 'system_ImageRenderHLS_1_0' is unconnected for instance 'ImageRenderHLS_1' [/home/emanuel/workspace/mesh_vo/MultiPlatformDiffRenderer/src/backends/xrt/hls/build/xclbin/_x/link/vivado/vpl/prj/prj.gen/sources_1/bd/system/synth/system.v:2500]
WARNING: [Synth 8-7071] port 'm_axi_gmem2_WID' of module 'system_ImageRenderHLS_1_0' is unconnected for instance 'ImageRenderHLS_1' [/home/emanuel/workspace/mesh_vo/MultiPlatformDiffRenderer/src/backends/xrt/hls/build/xclbin/_x/link/vivado/vpl/prj/prj.gen/sources_1/bd/system/synth/system.v:2500]
WARNING: [Synth 8-7071] port 'm_axi_gmem2_WLAST' of module 'system_ImageRenderHLS_1_0' is unconnected for instance 'ImageRenderHLS_1' [/home/emanuel/workspace/mesh_vo/MultiPlatformDiffRenderer/src/backends/xrt/hls/build/xclbin/_x/link/vivado/vpl/prj/prj.gen/sources_1/bd/system/synth/system.v:2500]
WARNING: [Synth 8-7071] port 'm_axi_gmem2_WSTRB' of module 'system_ImageRenderHLS_1_0' is unconnected for instance 'ImageRenderHLS_1' [/home/emanuel/workspace/mesh_vo/MultiPlatformDiffRenderer/src/backends/xrt/hls/build/xclbin/_x/link/vivado/vpl/prj/prj.gen/sources_1/bd/system/synth/system.v:2500]
WARNING: [Synth 8-7071] port 'm_axi_gmem2_WVALID' of module 'system_ImageRenderHLS_1_0' is unconnected for instance 'ImageRenderHLS_1' [/home/emanuel/workspace/mesh_vo/MultiPlatformDiffRenderer/src/backends/xrt/hls/build/xclbin/_x/link/vivado/vpl/prj/prj.gen/sources_1/bd/system/synth/system.v:2500]
WARNING: [Synth 8-7071] port 'm_axi_gmem3_AWADDR' of module 'system_ImageRenderHLS_1_0' is unconnected for instance 'ImageRenderHLS_1' [/home/emanuel/workspace/mesh_vo/MultiPlatformDiffRenderer/src/backends/xrt/hls/build/xclbin/_x/link/vivado/vpl/prj/prj.gen/sources_1/bd/system/synth/system.v:2500]
WARNING: [Synth 8-7071] port 'm_axi_gmem3_AWBURST' of module 'system_ImageRenderHLS_1_0' is unconnected for instance 'ImageRenderHLS_1' [/home/emanuel/workspace/mesh_vo/MultiPlatformDiffRenderer/src/backends/xrt/hls/build/xclbin/_x/link/vivado/vpl/prj/prj.gen/sources_1/bd/system/synth/system.v:2500]
WARNING: [Synth 8-7071] port 'm_axi_gmem3_AWCACHE' of module 'system_ImageRenderHLS_1_0' is unconnected for instance 'ImageRenderHLS_1' [/home/emanuel/workspace/mesh_vo/MultiPlatformDiffRenderer/src/backends/xrt/hls/build/xclbin/_x/link/vivado/vpl/prj/prj.gen/sources_1/bd/system/synth/system.v:2500]
WARNING: [Synth 8-7071] port 'm_axi_gmem3_AWID' of module 'system_ImageRenderHLS_1_0' is unconnected for instance 'ImageRenderHLS_1' [/home/emanuel/workspace/mesh_vo/MultiPlatformDiffRenderer/src/backends/xrt/hls/build/xclbin/_x/link/vivado/vpl/prj/prj.gen/sources_1/bd/system/synth/system.v:2500]
WARNING: [Synth 8-7071] port 'm_axi_gmem3_AWLEN' of module 'system_ImageRenderHLS_1_0' is unconnected for instance 'ImageRenderHLS_1' [/home/emanuel/workspace/mesh_vo/MultiPlatformDiffRenderer/src/backends/xrt/hls/build/xclbin/_x/link/vivado/vpl/prj/prj.gen/sources_1/bd/system/synth/system.v:2500]
WARNING: [Synth 8-7071] port 'm_axi_gmem3_AWLOCK' of module 'system_ImageRenderHLS_1_0' is unconnected for instance 'ImageRenderHLS_1' [/home/emanuel/workspace/mesh_vo/MultiPlatformDiffRenderer/src/backends/xrt/hls/build/xclbin/_x/link/vivado/vpl/prj/prj.gen/sources_1/bd/system/synth/system.v:2500]
WARNING: [Synth 8-7071] port 'm_axi_gmem3_AWPROT' of module 'system_ImageRenderHLS_1_0' is unconnected for instance 'ImageRenderHLS_1' [/home/emanuel/workspace/mesh_vo/MultiPlatformDiffRenderer/src/backends/xrt/hls/build/xclbin/_x/link/vivado/vpl/prj/prj.gen/sources_1/bd/system/synth/system.v:2500]
WARNING: [Synth 8-7071] port 'm_axi_gmem3_AWQOS' of module 'system_ImageRenderHLS_1_0' is unconnected for instance 'ImageRenderHLS_1' [/home/emanuel/workspace/mesh_vo/MultiPlatformDiffRenderer/src/backends/xrt/hls/build/xclbin/_x/link/vivado/vpl/prj/prj.gen/sources_1/bd/system/synth/system.v:2500]
WARNING: [Synth 8-7071] port 'm_axi_gmem3_AWREGION' of module 'system_ImageRenderHLS_1_0' is unconnected for instance 'ImageRenderHLS_1' [/home/emanuel/workspace/mesh_vo/MultiPlatformDiffRenderer/src/backends/xrt/hls/build/xclbin/_x/link/vivado/vpl/prj/prj.gen/sources_1/bd/system/synth/system.v:2500]
WARNING: [Synth 8-7071] port 'm_axi_gmem3_AWSIZE' of module 'system_ImageRenderHLS_1_0' is unconnected for instance 'ImageRenderHLS_1' [/home/emanuel/workspace/mesh_vo/MultiPlatformDiffRenderer/src/backends/xrt/hls/build/xclbin/_x/link/vivado/vpl/prj/prj.gen/sources_1/bd/system/synth/system.v:2500]
WARNING: [Synth 8-7071] port 'm_axi_gmem3_AWVALID' of module 'system_ImageRenderHLS_1_0' is unconnected for instance 'ImageRenderHLS_1' [/home/emanuel/workspace/mesh_vo/MultiPlatformDiffRenderer/src/backends/xrt/hls/build/xclbin/_x/link/vivado/vpl/prj/prj.gen/sources_1/bd/system/synth/system.v:2500]
WARNING: [Synth 8-7071] port 'm_axi_gmem3_BREADY' of module 'system_ImageRenderHLS_1_0' is unconnected for instance 'ImageRenderHLS_1' [/home/emanuel/workspace/mesh_vo/MultiPlatformDiffRenderer/src/backends/xrt/hls/build/xclbin/_x/link/vivado/vpl/prj/prj.gen/sources_1/bd/system/synth/system.v:2500]
WARNING: [Synth 8-7071] port 'm_axi_gmem3_WDATA' of module 'system_ImageRenderHLS_1_0' is unconnected for instance 'ImageRenderHLS_1' [/home/emanuel/workspace/mesh_vo/MultiPlatformDiffRenderer/src/backends/xrt/hls/build/xclbin/_x/link/vivado/vpl/prj/prj.gen/sources_1/bd/system/synth/system.v:2500]
WARNING: [Synth 8-7071] port 'm_axi_gmem3_WID' of module 'system_ImageRenderHLS_1_0' is unconnected for instance 'ImageRenderHLS_1' [/home/emanuel/workspace/mesh_vo/MultiPlatformDiffRenderer/src/backends/xrt/hls/build/xclbin/_x/link/vivado/vpl/prj/prj.gen/sources_1/bd/system/synth/system.v:2500]
WARNING: [Synth 8-7071] port 'm_axi_gmem3_WLAST' of module 'system_ImageRenderHLS_1_0' is unconnected for instance 'ImageRenderHLS_1' [/home/emanuel/workspace/mesh_vo/MultiPlatformDiffRenderer/src/backends/xrt/hls/build/xclbin/_x/link/vivado/vpl/prj/prj.gen/sources_1/bd/system/synth/system.v:2500]
WARNING: [Synth 8-7071] port 'm_axi_gmem3_WSTRB' of module 'system_ImageRenderHLS_1_0' is unconnected for instance 'ImageRenderHLS_1' [/home/emanuel/workspace/mesh_vo/MultiPlatformDiffRenderer/src/backends/xrt/hls/build/xclbin/_x/link/vivado/vpl/prj/prj.gen/sources_1/bd/system/synth/system.v:2500]
WARNING: [Synth 8-7071] port 'm_axi_gmem3_WVALID' of module 'system_ImageRenderHLS_1_0' is unconnected for instance 'ImageRenderHLS_1' [/home/emanuel/workspace/mesh_vo/MultiPlatformDiffRenderer/src/backends/xrt/hls/build/xclbin/_x/link/vivado/vpl/prj/prj.gen/sources_1/bd/system/synth/system.v:2500]
WARNING: [Synth 8-7071] port 'm_axi_gmem4_AWADDR' of module 'system_ImageRenderHLS_1_0' is unconnected for instance 'ImageRenderHLS_1' [/home/emanuel/workspace/mesh_vo/MultiPlatformDiffRenderer/src/backends/xrt/hls/build/xclbin/_x/link/vivado/vpl/prj/prj.gen/sources_1/bd/system/synth/system.v:2500]
WARNING: [Synth 8-7071] port 'm_axi_gmem4_AWBURST' of module 'system_ImageRenderHLS_1_0' is unconnected for instance 'ImageRenderHLS_1' [/home/emanuel/workspace/mesh_vo/MultiPlatformDiffRenderer/src/backends/xrt/hls/build/xclbin/_x/link/vivado/vpl/prj/prj.gen/sources_1/bd/system/synth/system.v:2500]
WARNING: [Synth 8-7071] port 'm_axi_gmem4_AWCACHE' of module 'system_ImageRenderHLS_1_0' is unconnected for instance 'ImageRenderHLS_1' [/home/emanuel/workspace/mesh_vo/MultiPlatformDiffRenderer/src/backends/xrt/hls/build/xclbin/_x/link/vivado/vpl/prj/prj.gen/sources_1/bd/system/synth/system.v:2500]
WARNING: [Synth 8-7071] port 'm_axi_gmem4_AWID' of module 'system_ImageRenderHLS_1_0' is unconnected for instance 'ImageRenderHLS_1' [/home/emanuel/workspace/mesh_vo/MultiPlatformDiffRenderer/src/backends/xrt/hls/build/xclbin/_x/link/vivado/vpl/prj/prj.gen/sources_1/bd/system/synth/system.v:2500]
WARNING: [Synth 8-7071] port 'm_axi_gmem4_AWLEN' of module 'system_ImageRenderHLS_1_0' is unconnected for instance 'ImageRenderHLS_1' [/home/emanuel/workspace/mesh_vo/MultiPlatformDiffRenderer/src/backends/xrt/hls/build/xclbin/_x/link/vivado/vpl/prj/prj.gen/sources_1/bd/system/synth/system.v:2500]
WARNING: [Synth 8-7071] port 'm_axi_gmem4_AWLOCK' of module 'system_ImageRenderHLS_1_0' is unconnected for instance 'ImageRenderHLS_1' [/home/emanuel/workspace/mesh_vo/MultiPlatformDiffRenderer/src/backends/xrt/hls/build/xclbin/_x/link/vivado/vpl/prj/prj.gen/sources_1/bd/system/synth/system.v:2500]
WARNING: [Synth 8-7071] port 'm_axi_gmem4_AWPROT' of module 'system_ImageRenderHLS_1_0' is unconnected for instance 'ImageRenderHLS_1' [/home/emanuel/workspace/mesh_vo/MultiPlatformDiffRenderer/src/backends/xrt/hls/build/xclbin/_x/link/vivado/vpl/prj/prj.gen/sources_1/bd/system/synth/system.v:2500]
WARNING: [Synth 8-7071] port 'm_axi_gmem4_AWQOS' of module 'system_ImageRenderHLS_1_0' is unconnected for instance 'ImageRenderHLS_1' [/home/emanuel/workspace/mesh_vo/MultiPlatformDiffRenderer/src/backends/xrt/hls/build/xclbin/_x/link/vivado/vpl/prj/prj.gen/sources_1/bd/system/synth/system.v:2500]
WARNING: [Synth 8-7071] port 'm_axi_gmem4_AWREGION' of module 'system_ImageRenderHLS_1_0' is unconnected for instance 'ImageRenderHLS_1' [/home/emanuel/workspace/mesh_vo/MultiPlatformDiffRenderer/src/backends/xrt/hls/build/xclbin/_x/link/vivado/vpl/prj/prj.gen/sources_1/bd/system/synth/system.v:2500]
WARNING: [Synth 8-7071] port 'm_axi_gmem4_AWSIZE' of module 'system_ImageRenderHLS_1_0' is unconnected for instance 'ImageRenderHLS_1' [/home/emanuel/workspace/mesh_vo/MultiPlatformDiffRenderer/src/backends/xrt/hls/build/xclbin/_x/link/vivado/vpl/prj/prj.gen/sources_1/bd/system/synth/system.v:2500]
WARNING: [Synth 8-7071] port 'm_axi_gmem4_AWVALID' of module 'system_ImageRenderHLS_1_0' is unconnected for instance 'ImageRenderHLS_1' [/home/emanuel/workspace/mesh_vo/MultiPlatformDiffRenderer/src/backends/xrt/hls/build/xclbin/_x/link/vivado/vpl/prj/prj.gen/sources_1/bd/system/synth/system.v:2500]
WARNING: [Synth 8-7071] port 'm_axi_gmem4_BREADY' of module 'system_ImageRenderHLS_1_0' is unconnected for instance 'ImageRenderHLS_1' [/home/emanuel/workspace/mesh_vo/MultiPlatformDiffRenderer/src/backends/xrt/hls/build/xclbin/_x/link/vivado/vpl/prj/prj.gen/sources_1/bd/system/synth/system.v:2500]
WARNING: [Synth 8-7071] port 'm_axi_gmem4_WDATA' of module 'system_ImageRenderHLS_1_0' is unconnected for instance 'ImageRenderHLS_1' [/home/emanuel/workspace/mesh_vo/MultiPlatformDiffRenderer/src/backends/xrt/hls/build/xclbin/_x/link/vivado/vpl/prj/prj.gen/sources_1/bd/system/synth/system.v:2500]
WARNING: [Synth 8-7071] port 'm_axi_gmem4_WID' of module 'system_ImageRenderHLS_1_0' is unconnected for instance 'ImageRenderHLS_1' [/home/emanuel/workspace/mesh_vo/MultiPlatformDiffRenderer/src/backends/xrt/hls/build/xclbin/_x/link/vivado/vpl/prj/prj.gen/sources_1/bd/system/synth/system.v:2500]
WARNING: [Synth 8-7071] port 'm_axi_gmem4_WLAST' of module 'system_ImageRenderHLS_1_0' is unconnected for instance 'ImageRenderHLS_1' [/home/emanuel/workspace/mesh_vo/MultiPlatformDiffRenderer/src/backends/xrt/hls/build/xclbin/_x/link/vivado/vpl/prj/prj.gen/sources_1/bd/system/synth/system.v:2500]
WARNING: [Synth 8-7071] port 'm_axi_gmem4_WSTRB' of module 'system_ImageRenderHLS_1_0' is unconnected for instance 'ImageRenderHLS_1' [/home/emanuel/workspace/mesh_vo/MultiPlatformDiffRenderer/src/backends/xrt/hls/build/xclbin/_x/link/vivado/vpl/prj/prj.gen/sources_1/bd/system/synth/system.v:2500]
WARNING: [Synth 8-7071] port 'm_axi_gmem4_WVALID' of module 'system_ImageRenderHLS_1_0' is unconnected for instance 'ImageRenderHLS_1' [/home/emanuel/workspace/mesh_vo/MultiPlatformDiffRenderer/src/backends/xrt/hls/build/xclbin/_x/link/vivado/vpl/prj/prj.gen/sources_1/bd/system/synth/system.v:2500]
WARNING: [Synth 8-7071] port 'm_axi_gmem5_ARADDR' of module 'system_ImageRenderHLS_1_0' is unconnected for instance 'ImageRenderHLS_1' [/home/emanuel/workspace/mesh_vo/MultiPlatformDiffRenderer/src/backends/xrt/hls/build/xclbin/_x/link/vivado/vpl/prj/prj.gen/sources_1/bd/system/synth/system.v:2500]
WARNING: [Synth 8-7071] port 'm_axi_gmem5_ARBURST' of module 'system_ImageRenderHLS_1_0' is unconnected for instance 'ImageRenderHLS_1' [/home/emanuel/workspace/mesh_vo/MultiPlatformDiffRenderer/src/backends/xrt/hls/build/xclbin/_x/link/vivado/vpl/prj/prj.gen/sources_1/bd/system/synth/system.v:2500]
WARNING: [Synth 8-7071] port 'm_axi_gmem5_ARCACHE' of module 'system_ImageRenderHLS_1_0' is unconnected for instance 'ImageRenderHLS_1' [/home/emanuel/workspace/mesh_vo/MultiPlatformDiffRenderer/src/backends/xrt/hls/build/xclbin/_x/link/vivado/vpl/prj/prj.gen/sources_1/bd/system/synth/system.v:2500]
WARNING: [Synth 8-7071] port 'm_axi_gmem5_ARID' of module 'system_ImageRenderHLS_1_0' is unconnected for instance 'ImageRenderHLS_1' [/home/emanuel/workspace/mesh_vo/MultiPlatformDiffRenderer/src/backends/xrt/hls/build/xclbin/_x/link/vivado/vpl/prj/prj.gen/sources_1/bd/system/synth/system.v:2500]
WARNING: [Synth 8-7071] port 'm_axi_gmem5_ARLEN' of module 'system_ImageRenderHLS_1_0' is unconnected for instance 'ImageRenderHLS_1' [/home/emanuel/workspace/mesh_vo/MultiPlatformDiffRenderer/src/backends/xrt/hls/build/xclbin/_x/link/vivado/vpl/prj/prj.gen/sources_1/bd/system/synth/system.v:2500]
WARNING: [Synth 8-7071] port 'm_axi_gmem5_ARLOCK' of module 'system_ImageRenderHLS_1_0' is unconnected for instance 'ImageRenderHLS_1' [/home/emanuel/workspace/mesh_vo/MultiPlatformDiffRenderer/src/backends/xrt/hls/build/xclbin/_x/link/vivado/vpl/prj/prj.gen/sources_1/bd/system/synth/system.v:2500]
WARNING: [Synth 8-7071] port 'm_axi_gmem5_ARPROT' of module 'system_ImageRenderHLS_1_0' is unconnected for instance 'ImageRenderHLS_1' [/home/emanuel/workspace/mesh_vo/MultiPlatformDiffRenderer/src/backends/xrt/hls/build/xclbin/_x/link/vivado/vpl/prj/prj.gen/sources_1/bd/system/synth/system.v:2500]
WARNING: [Synth 8-7071] port 'm_axi_gmem5_ARQOS' of module 'system_ImageRenderHLS_1_0' is unconnected for instance 'ImageRenderHLS_1' [/home/emanuel/workspace/mesh_vo/MultiPlatformDiffRenderer/src/backends/xrt/hls/build/xclbin/_x/link/vivado/vpl/prj/prj.gen/sources_1/bd/system/synth/system.v:2500]
WARNING: [Synth 8-7071] port 'm_axi_gmem5_ARREGION' of module 'system_ImageRenderHLS_1_0' is unconnected for instance 'ImageRenderHLS_1' [/home/emanuel/workspace/mesh_vo/MultiPlatformDiffRenderer/src/backends/xrt/hls/build/xclbin/_x/link/vivado/vpl/prj/prj.gen/sources_1/bd/system/synth/system.v:2500]
WARNING: [Synth 8-7071] port 'm_axi_gmem5_ARSIZE' of module 'system_ImageRenderHLS_1_0' is unconnected for instance 'ImageRenderHLS_1' [/home/emanuel/workspace/mesh_vo/MultiPlatformDiffRenderer/src/backends/xrt/hls/build/xclbin/_x/link/vivado/vpl/prj/prj.gen/sources_1/bd/system/synth/system.v:2500]
WARNING: [Synth 8-7071] port 'm_axi_gmem5_ARVALID' of module 'system_ImageRenderHLS_1_0' is unconnected for instance 'ImageRenderHLS_1' [/home/emanuel/workspace/mesh_vo/MultiPlatformDiffRenderer/src/backends/xrt/hls/build/xclbin/_x/link/vivado/vpl/prj/prj.gen/sources_1/bd/system/synth/system.v:2500]
WARNING: [Synth 8-7071] port 'm_axi_gmem5_RREADY' of module 'system_ImageRenderHLS_1_0' is unconnected for instance 'ImageRenderHLS_1' [/home/emanuel/workspace/mesh_vo/MultiPlatformDiffRenderer/src/backends/xrt/hls/build/xclbin/_x/link/vivado/vpl/prj/prj.gen/sources_1/bd/system/synth/system.v:2500]
WARNING: [Synth 8-7071] port 'm_axi_gmem5_WID' of module 'system_ImageRenderHLS_1_0' is unconnected for instance 'ImageRenderHLS_1' [/home/emanuel/workspace/mesh_vo/MultiPlatformDiffRenderer/src/backends/xrt/hls/build/xclbin/_x/link/vivado/vpl/prj/prj.gen/sources_1/bd/system/synth/system.v:2500]
WARNING: [Synth 8-7023] instance 'ImageRenderHLS_1' of module 'system_ImageRenderHLS_1_0' has 260 connections declared, but only 162 given [/home/emanuel/workspace/mesh_vo/MultiPlatformDiffRenderer/src/backends/xrt/hls/build/xclbin/_x/link/vivado/vpl/prj/prj.gen/sources_1/bd/system/synth/system.v:2500]
INFO: [Synth 8-6157] synthesizing module 'system_axi_ic_zynq_ultra_ps_e_0_S_AXI_HP2_FPD_0' [/home/emanuel/workspace/mesh_vo/MultiPlatformDiffRenderer/src/backends/xrt/hls/build/xclbin/_x/link/vivado/vpl/prj/prj.gen/sources_1/bd/system/synth/system.v:3076]
INFO: [Synth 8-6157] synthesizing module 'm00_couplers_imp_LFLDT0' [/home/emanuel/workspace/mesh_vo/MultiPlatformDiffRenderer/src/backends/xrt/hls/build/xclbin/_x/link/vivado/vpl/prj/prj.gen/sources_1/bd/system/synth/system.v:13]
INFO: [Synth 8-6157] synthesizing module 'system_axi_ic_zynq_ultra_ps_e_0_S_AXI_HP2_FPD_imp_m00_data_fifo_0' [/home/emanuel/workspace/mesh_vo/MultiPlatformDiffRenderer/src/backends/xrt/hls/build/xclbin/_x/link/vivado/vpl/prj/prj.runs/synth_1/.Xil/Vivado-1010969-HP-ProBook-445-G7/realtime/system_axi_ic_zynq_ultra_ps_e_0_S_AXI_HP2_FPD_imp_m00_data_fifo_0_stub.v:6]
INFO: [Synth 8-6155] done synthesizing module 'system_axi_ic_zynq_ultra_ps_e_0_S_AXI_HP2_FPD_imp_m00_data_fifo_0' (0#1) [/home/emanuel/workspace/mesh_vo/MultiPlatformDiffRenderer/src/backends/xrt/hls/build/xclbin/_x/link/vivado/vpl/prj/prj.runs/synth_1/.Xil/Vivado-1010969-HP-ProBook-445-G7/realtime/system_axi_ic_zynq_ultra_ps_e_0_S_AXI_HP2_FPD_imp_m00_data_fifo_0_stub.v:6]
INFO: [Synth 8-6157] synthesizing module 'system_axi_ic_zynq_ultra_ps_e_0_S_AXI_HP2_FPD_imp_m00_regslice_0' [/home/emanuel/workspace/mesh_vo/MultiPlatformDiffRenderer/src/backends/xrt/hls/build/xclbin/_x/link/vivado/vpl/prj/prj.runs/synth_1/.Xil/Vivado-1010969-HP-ProBook-445-G7/realtime/system_axi_ic_zynq_ultra_ps_e_0_S_AXI_HP2_FPD_imp_m00_regslice_0_stub.v:6]
INFO: [Synth 8-6155] done synthesizing module 'system_axi_ic_zynq_ultra_ps_e_0_S_AXI_HP2_FPD_imp_m00_regslice_0' (0#1) [/home/emanuel/workspace/mesh_vo/MultiPlatformDiffRenderer/src/backends/xrt/hls/build/xclbin/_x/link/vivado/vpl/prj/prj.runs/synth_1/.Xil/Vivado-1010969-HP-ProBook-445-G7/realtime/system_axi_ic_zynq_ultra_ps_e_0_S_AXI_HP2_FPD_imp_m00_regslice_0_stub.v:6]
WARNING: [Synth 8-7071] port 'm_axi_awregion' of module 'system_axi_ic_zynq_ultra_ps_e_0_S_AXI_HP2_FPD_imp_m00_regslice_0' is unconnected for instance 'm00_regslice' [/home/emanuel/workspace/mesh_vo/MultiPlatformDiffRenderer/src/backends/xrt/hls/build/xclbin/_x/link/vivado/vpl/prj/prj.gen/sources_1/bd/system/synth/system.v:376]
WARNING: [Synth 8-7071] port 'm_axi_arregion' of module 'system_axi_ic_zynq_ultra_ps_e_0_S_AXI_HP2_FPD_imp_m00_regslice_0' is unconnected for instance 'm00_regslice' [/home/emanuel/workspace/mesh_vo/MultiPlatformDiffRenderer/src/backends/xrt/hls/build/xclbin/_x/link/vivado/vpl/prj/prj.gen/sources_1/bd/system/synth/system.v:376]
INFO: [Common 17-14] Message 'Synth 8-7071' appears 100 times and further instances of the messages will be disabled. Use the Tcl command set_msg_config to change the current settings.
WARNING: [Synth 8-7023] instance 'm00_regslice' of module 'system_axi_ic_zynq_ultra_ps_e_0_S_AXI_HP2_FPD_imp_m00_regslice_0' has 80 connections declared, but only 78 given [/home/emanuel/workspace/mesh_vo/MultiPlatformDiffRenderer/src/backends/xrt/hls/build/xclbin/_x/link/vivado/vpl/prj/prj.gen/sources_1/bd/system/synth/system.v:376]
INFO: [Synth 8-6155] done synthesizing module 'm00_couplers_imp_LFLDT0' (0#1) [/home/emanuel/workspace/mesh_vo/MultiPlatformDiffRenderer/src/backends/xrt/hls/build/xclbin/_x/link/vivado/vpl/prj/prj.gen/sources_1/bd/system/synth/system.v:13]
INFO: [Synth 8-6157] synthesizing module 's00_couplers_imp_Y1JJJP' [/home/emanuel/workspace/mesh_vo/MultiPlatformDiffRenderer/src/backends/xrt/hls/build/xclbin/_x/link/vivado/vpl/prj/prj.gen/sources_1/bd/system/synth/system.v:978]
INFO: [Synth 8-6157] synthesizing module 'system_axi_ic_zynq_ultra_ps_e_0_S_AXI_HP2_FPD_imp_auto_us_df_0' [/home/emanuel/workspace/mesh_vo/MultiPlatformDiffRenderer/src/backends/xrt/hls/build/xclbin/_x/link/vivado/vpl/prj/prj.runs/synth_1/.Xil/Vivado-1010969-HP-ProBook-445-G7/realtime/system_axi_ic_zynq_ultra_ps_e_0_S_AXI_HP2_FPD_imp_auto_us_df_0_stub.v:6]
INFO: [Synth 8-6155] done synthesizing module 'system_axi_ic_zynq_ultra_ps_e_0_S_AXI_HP2_FPD_imp_auto_us_df_0' (0#1) [/home/emanuel/workspace/mesh_vo/MultiPlatformDiffRenderer/src/backends/xrt/hls/build/xclbin/_x/link/vivado/vpl/prj/prj.runs/synth_1/.Xil/Vivado-1010969-HP-ProBook-445-G7/realtime/system_axi_ic_zynq_ultra_ps_e_0_S_AXI_HP2_FPD_imp_auto_us_df_0_stub.v:6]
WARNING: [Synth 8-7023] instance 'auto_us_df' of module 'system_axi_ic_zynq_ultra_ps_e_0_S_AXI_HP2_FPD_imp_auto_us_df_0' has 36 connections declared, but only 35 given [/home/emanuel/workspace/mesh_vo/MultiPlatformDiffRenderer/src/backends/xrt/hls/build/xclbin/_x/link/vivado/vpl/prj/prj.gen/sources_1/bd/system/synth/system.v:1110]
INFO: [Synth 8-6157] synthesizing module 'system_axi_ic_zynq_ultra_ps_e_0_S_AXI_HP2_FPD_imp_s00_regslice_0' [/home/emanuel/workspace/mesh_vo/MultiPlatformDiffRenderer/src/backends/xrt/hls/build/xclbin/_x/link/vivado/vpl/prj/prj.runs/synth_1/.Xil/Vivado-1010969-HP-ProBook-445-G7/realtime/system_axi_ic_zynq_ultra_ps_e_0_S_AXI_HP2_FPD_imp_s00_regslice_0_stub.v:6]
INFO: [Synth 8-6155] done synthesizing module 'system_axi_ic_zynq_ultra_ps_e_0_S_AXI_HP2_FPD_imp_s00_regslice_0' (0#1) [/home/emanuel/workspace/mesh_vo/MultiPlatformDiffRenderer/src/backends/xrt/hls/build/xclbin/_x/link/vivado/vpl/prj/prj.runs/synth_1/.Xil/Vivado-1010969-HP-ProBook-445-G7/realtime/system_axi_ic_zynq_ultra_ps_e_0_S_AXI_HP2_FPD_imp_s00_regslice_0_stub.v:6]
INFO: [Synth 8-6155] done synthesizing module 's00_couplers_imp_Y1JJJP' (0#1) [/home/emanuel/workspace/mesh_vo/MultiPlatformDiffRenderer/src/backends/xrt/hls/build/xclbin/_x/link/vivado/vpl/prj/prj.gen/sources_1/bd/system/synth/system.v:978]
INFO: [Synth 8-6157] synthesizing module 's01_couplers_imp_1N23SX0' [/home/emanuel/workspace/mesh_vo/MultiPlatformDiffRenderer/src/backends/xrt/hls/build/xclbin/_x/link/vivado/vpl/prj/prj.gen/sources_1/bd/system/synth/system.v:1187]
INFO: [Synth 8-6157] synthesizing module 'system_axi_ic_zynq_ultra_ps_e_0_S_AXI_HP2_FPD_imp_auto_us_df_1' [/home/emanuel/workspace/mesh_vo/MultiPlatformDiffRenderer/src/backends/xrt/hls/build/xclbin/_x/link/vivado/vpl/prj/prj.runs/synth_1/.Xil/Vivado-1010969-HP-ProBook-445-G7/realtime/system_axi_ic_zynq_ultra_ps_e_0_S_AXI_HP2_FPD_imp_auto_us_df_1_stub.v:6]
INFO: [Synth 8-6155] done synthesizing module 'system_axi_ic_zynq_ultra_ps_e_0_S_AXI_HP2_FPD_imp_auto_us_df_1' (0#1) [/home/emanuel/workspace/mesh_vo/MultiPlatformDiffRenderer/src/backends/xrt/hls/build/xclbin/_x/link/vivado/vpl/prj/prj.runs/synth_1/.Xil/Vivado-1010969-HP-ProBook-445-G7/realtime/system_axi_ic_zynq_ultra_ps_e_0_S_AXI_HP2_FPD_imp_auto_us_df_1_stub.v:6]
WARNING: [Synth 8-7023] instance 'auto_us_df' of module 'system_axi_ic_zynq_ultra_ps_e_0_S_AXI_HP2_FPD_imp_auto_us_df_1' has 36 connections declared, but only 35 given [/home/emanuel/workspace/mesh_vo/MultiPlatformDiffRenderer/src/backends/xrt/hls/build/xclbin/_x/link/vivado/vpl/prj/prj.gen/sources_1/bd/system/synth/system.v:1319]
INFO: [Synth 8-6157] synthesizing module 'system_axi_ic_zynq_ultra_ps_e_0_S_AXI_HP2_FPD_imp_s01_regslice_0' [/home/emanuel/workspace/mesh_vo/MultiPlatformDiffRenderer/src/backends/xrt/hls/build/xclbin/_x/link/vivado/vpl/prj/prj.runs/synth_1/.Xil/Vivado-1010969-HP-ProBook-445-G7/realtime/system_axi_ic_zynq_ultra_ps_e_0_S_AXI_HP2_FPD_imp_s01_regslice_0_stub.v:6]
INFO: [Synth 8-6155] done synthesizing module 'system_axi_ic_zynq_ultra_ps_e_0_S_AXI_HP2_FPD_imp_s01_regslice_0' (0#1) [/home/emanuel/workspace/mesh_vo/MultiPlatformDiffRenderer/src/backends/xrt/hls/build/xclbin/_x/link/vivado/vpl/prj/prj.runs/synth_1/.Xil/Vivado-1010969-HP-ProBook-445-G7/realtime/system_axi_ic_zynq_ultra_ps_e_0_S_AXI_HP2_FPD_imp_s01_regslice_0_stub.v:6]
INFO: [Synth 8-6155] done synthesizing module 's01_couplers_imp_1N23SX0' (0#1) [/home/emanuel/workspace/mesh_vo/MultiPlatformDiffRenderer/src/backends/xrt/hls/build/xclbin/_x/link/vivado/vpl/prj/prj.gen/sources_1/bd/system/synth/system.v:1187]
INFO: [Synth 8-6157] synthesizing module 's02_couplers_imp_1Y7TT5I' [/home/emanuel/workspace/mesh_vo/MultiPlatformDiffRenderer/src/backends/xrt/hls/build/xclbin/_x/link/vivado/vpl/prj/prj.gen/sources_1/bd/system/synth/system.v:1396]
INFO: [Synth 8-6157] synthesizing module 'system_axi_ic_zynq_ultra_ps_e_0_S_AXI_HP2_FPD_imp_auto_us_df_2' [/home/emanuel/workspace/mesh_vo/MultiPlatformDiffRenderer/src/backends/xrt/hls/build/xclbin/_x/link/vivado/vpl/prj/prj.runs/synth_1/.Xil/Vivado-1010969-HP-ProBook-445-G7/realtime/system_axi_ic_zynq_ultra_ps_e_0_S_AXI_HP2_FPD_imp_auto_us_df_2_stub.v:6]
INFO: [Synth 8-6155] done synthesizing module 'system_axi_ic_zynq_ultra_ps_e_0_S_AXI_HP2_FPD_imp_auto_us_df_2' (0#1) [/home/emanuel/workspace/mesh_vo/MultiPlatformDiffRenderer/src/backends/xrt/hls/build/xclbin/_x/link/vivado/vpl/prj/prj.runs/synth_1/.Xil/Vivado-1010969-HP-ProBook-445-G7/realtime/system_axi_ic_zynq_ultra_ps_e_0_S_AXI_HP2_FPD_imp_auto_us_df_2_stub.v:6]
WARNING: [Synth 8-7023] instance 'auto_us_df' of module 'system_axi_ic_zynq_ultra_ps_e_0_S_AXI_HP2_FPD_imp_auto_us_df_2' has 36 connections declared, but only 35 given [/home/emanuel/workspace/mesh_vo/MultiPlatformDiffRenderer/src/backends/xrt/hls/build/xclbin/_x/link/vivado/vpl/prj/prj.gen/sources_1/bd/system/synth/system.v:1528]
INFO: [Synth 8-6157] synthesizing module 'system_axi_ic_zynq_ultra_ps_e_0_S_AXI_HP2_FPD_imp_s02_regslice_0' [/home/emanuel/workspace/mesh_vo/MultiPlatformDiffRenderer/src/backends/xrt/hls/build/xclbin/_x/link/vivado/vpl/prj/prj.runs/synth_1/.Xil/Vivado-1010969-HP-ProBook-445-G7/realtime/system_axi_ic_zynq_ultra_ps_e_0_S_AXI_HP2_FPD_imp_s02_regslice_0_stub.v:6]
INFO: [Synth 8-6155] done synthesizing module 'system_axi_ic_zynq_ultra_ps_e_0_S_AXI_HP2_FPD_imp_s02_regslice_0' (0#1) [/home/emanuel/workspace/mesh_vo/MultiPlatformDiffRenderer/src/backends/xrt/hls/build/xclbin/_x/link/vivado/vpl/prj/prj.runs/synth_1/.Xil/Vivado-1010969-HP-ProBook-445-G7/realtime/system_axi_ic_zynq_ultra_ps_e_0_S_AXI_HP2_FPD_imp_s02_regslice_0_stub.v:6]
INFO: [Synth 8-6155] done synthesizing module 's02_couplers_imp_1Y7TT5I' (0#1) [/home/emanuel/workspace/mesh_vo/MultiPlatformDiffRenderer/src/backends/xrt/hls/build/xclbin/_x/link/vivado/vpl/prj/prj.gen/sources_1/bd/system/synth/system.v:1396]
INFO: [Synth 8-6157] synthesizing module 's03_couplers_imp_N5TIYV' [/home/emanuel/workspace/mesh_vo/MultiPlatformDiffRenderer/src/backends/xrt/hls/build/xclbin/_x/link/vivado/vpl/prj/prj.gen/sources_1/bd/system/synth/system.v:1605]
INFO: [Synth 8-6157] synthesizing module 'system_axi_ic_zynq_ultra_ps_e_0_S_AXI_HP2_FPD_imp_auto_us_df_3' [/home/emanuel/workspace/mesh_vo/MultiPlatformDiffRenderer/src/backends/xrt/hls/build/xclbin/_x/link/vivado/vpl/prj/prj.runs/synth_1/.Xil/Vivado-1010969-HP-ProBook-445-G7/realtime/system_axi_ic_zynq_ultra_ps_e_0_S_AXI_HP2_FPD_imp_auto_us_df_3_stub.v:6]
INFO: [Synth 8-6155] done synthesizing module 'system_axi_ic_zynq_ultra_ps_e_0_S_AXI_HP2_FPD_imp_auto_us_df_3' (0#1) [/home/emanuel/workspace/mesh_vo/MultiPlatformDiffRenderer/src/backends/xrt/hls/build/xclbin/_x/link/vivado/vpl/prj/prj.runs/synth_1/.Xil/Vivado-1010969-HP-ProBook-445-G7/realtime/system_axi_ic_zynq_ultra_ps_e_0_S_AXI_HP2_FPD_imp_auto_us_df_3_stub.v:6]
WARNING: [Synth 8-7023] instance 'auto_us_df' of module 'system_axi_ic_zynq_ultra_ps_e_0_S_AXI_HP2_FPD_imp_auto_us_df_3' has 36 connections declared, but only 35 given [/home/emanuel/workspace/mesh_vo/MultiPlatformDiffRenderer/src/backends/xrt/hls/build/xclbin/_x/link/vivado/vpl/prj/prj.gen/sources_1/bd/system/synth/system.v:1737]
INFO: [Synth 8-6157] synthesizing module 'system_axi_ic_zynq_ultra_ps_e_0_S_AXI_HP2_FPD_imp_s03_regslice_0' [/home/emanuel/workspace/mesh_vo/MultiPlatformDiffRenderer/src/backends/xrt/hls/build/xclbin/_x/link/vivado/vpl/prj/prj.runs/synth_1/.Xil/Vivado-1010969-HP-ProBook-445-G7/realtime/system_axi_ic_zynq_ultra_ps_e_0_S_AXI_HP2_FPD_imp_s03_regslice_0_stub.v:6]
INFO: [Synth 8-6155] done synthesizing module 'system_axi_ic_zynq_ultra_ps_e_0_S_AXI_HP2_FPD_imp_s03_regslice_0' (0#1) [/home/emanuel/workspace/mesh_vo/MultiPlatformDiffRenderer/src/backends/xrt/hls/build/xclbin/_x/link/vivado/vpl/prj/prj.runs/synth_1/.Xil/Vivado-1010969-HP-ProBook-445-G7/realtime/system_axi_ic_zynq_ultra_ps_e_0_S_AXI_HP2_FPD_imp_s03_regslice_0_stub.v:6]
INFO: [Synth 8-6155] done synthesizing module 's03_couplers_imp_N5TIYV' (0#1) [/home/emanuel/workspace/mesh_vo/MultiPlatformDiffRenderer/src/backends/xrt/hls/build/xclbin/_x/link/vivado/vpl/prj/prj.gen/sources_1/bd/system/synth/system.v:1605]
INFO: [Synth 8-6157] synthesizing module 's04_couplers_imp_1CF1B8Y' [/home/emanuel/workspace/mesh_vo/MultiPlatformDiffRenderer/src/backends/xrt/hls/build/xclbin/_x/link/vivado/vpl/prj/prj.gen/sources_1/bd/system/synth/system.v:1814]
INFO: [Synth 8-6157] synthesizing module 'system_axi_ic_zynq_ultra_ps_e_0_S_AXI_HP2_FPD_imp_auto_us_df_4' [/home/emanuel/workspace/mesh_vo/MultiPlatformDiffRenderer/src/backends/xrt/hls/build/xclbin/_x/link/vivado/vpl/prj/prj.runs/synth_1/.Xil/Vivado-1010969-HP-ProBook-445-G7/realtime/system_axi_ic_zynq_ultra_ps_e_0_S_AXI_HP2_FPD_imp_auto_us_df_4_stub.v:6]
INFO: [Synth 8-6155] done synthesizing module 'system_axi_ic_zynq_ultra_ps_e_0_S_AXI_HP2_FPD_imp_auto_us_df_4' (0#1) [/home/emanuel/workspace/mesh_vo/MultiPlatformDiffRenderer/src/backends/xrt/hls/build/xclbin/_x/link/vivado/vpl/prj/prj.runs/synth_1/.Xil/Vivado-1010969-HP-ProBook-445-G7/realtime/system_axi_ic_zynq_ultra_ps_e_0_S_AXI_HP2_FPD_imp_auto_us_df_4_stub.v:6]
WARNING: [Synth 8-7023] instance 'auto_us_df' of module 'system_axi_ic_zynq_ultra_ps_e_0_S_AXI_HP2_FPD_imp_auto_us_df_4' has 36 connections declared, but only 35 given [/home/emanuel/workspace/mesh_vo/MultiPlatformDiffRenderer/src/backends/xrt/hls/build/xclbin/_x/link/vivado/vpl/prj/prj.gen/sources_1/bd/system/synth/system.v:1946]
INFO: [Synth 8-6157] synthesizing module 'system_axi_ic_zynq_ultra_ps_e_0_S_AXI_HP2_FPD_imp_s04_regslice_0' [/home/emanuel/workspace/mesh_vo/MultiPlatformDiffRenderer/src/backends/xrt/hls/build/xclbin/_x/link/vivado/vpl/prj/prj.runs/synth_1/.Xil/Vivado-1010969-HP-ProBook-445-G7/realtime/system_axi_ic_zynq_ultra_ps_e_0_S_AXI_HP2_FPD_imp_s04_regslice_0_stub.v:6]
INFO: [Synth 8-6155] done synthesizing module 'system_axi_ic_zynq_ultra_ps_e_0_S_AXI_HP2_FPD_imp_s04_regslice_0' (0#1) [/home/emanuel/workspace/mesh_vo/MultiPlatformDiffRenderer/src/backends/xrt/hls/build/xclbin/_x/link/vivado/vpl/prj/prj.runs/synth_1/.Xil/Vivado-1010969-HP-ProBook-445-G7/realtime/system_axi_ic_zynq_ultra_ps_e_0_S_AXI_HP2_FPD_imp_s04_regslice_0_stub.v:6]
INFO: [Synth 8-6155] done synthesizing module 's04_couplers_imp_1CF1B8Y' (0#1) [/home/emanuel/workspace/mesh_vo/MultiPlatformDiffRenderer/src/backends/xrt/hls/build/xclbin/_x/link/vivado/vpl/prj/prj.gen/sources_1/bd/system/synth/system.v:1814]
INFO: [Synth 8-6157] synthesizing module 's05_couplers_imp_92O4J' [/home/emanuel/workspace/mesh_vo/MultiPlatformDiffRenderer/src/backends/xrt/hls/build/xclbin/_x/link/vivado/vpl/prj/prj.gen/sources_1/bd/system/synth/system.v:2023]
INFO: [Synth 8-6157] synthesizing module 'system_axi_ic_zynq_ultra_ps_e_0_S_AXI_HP2_FPD_imp_auto_us_df_5' [/home/emanuel/workspace/mesh_vo/MultiPlatformDiffRenderer/src/backends/xrt/hls/build/xclbin/_x/link/vivado/vpl/prj/prj.runs/synth_1/.Xil/Vivado-1010969-HP-ProBook-445-G7/realtime/system_axi_ic_zynq_ultra_ps_e_0_S_AXI_HP2_FPD_imp_auto_us_df_5_stub.v:6]
INFO: [Synth 8-6155] done synthesizing module 'system_axi_ic_zynq_ultra_ps_e_0_S_AXI_HP2_FPD_imp_auto_us_df_5' (0#1) [/home/emanuel/workspace/mesh_vo/MultiPlatformDiffRenderer/src/backends/xrt/hls/build/xclbin/_x/link/vivado/vpl/prj/prj.runs/synth_1/.Xil/Vivado-1010969-HP-ProBook-445-G7/realtime/system_axi_ic_zynq_ultra_ps_e_0_S_AXI_HP2_FPD_imp_auto_us_df_5_stub.v:6]
WARNING: [Synth 8-7023] instance 'auto_us_df' of module 'system_axi_ic_zynq_ultra_ps_e_0_S_AXI_HP2_FPD_imp_auto_us_df_5' has 42 connections declared, but only 41 given [/home/emanuel/workspace/mesh_vo/MultiPlatformDiffRenderer/src/backends/xrt/hls/build/xclbin/_x/link/vivado/vpl/prj/prj.gen/sources_1/bd/system/synth/system.v:2176]
INFO: [Synth 8-6157] synthesizing module 'system_axi_ic_zynq_ultra_ps_e_0_S_AXI_HP2_FPD_imp_s05_regslice_0' [/home/emanuel/workspace/mesh_vo/MultiPlatformDiffRenderer/src/backends/xrt/hls/build/xclbin/_x/link/vivado/vpl/prj/prj.runs/synth_1/.Xil/Vivado-1010969-HP-ProBook-445-G7/realtime/system_axi_ic_zynq_ultra_ps_e_0_S_AXI_HP2_FPD_imp_s05_regslice_0_stub.v:6]
INFO: [Synth 8-6155] done synthesizing module 'system_axi_ic_zynq_ultra_ps_e_0_S_AXI_HP2_FPD_imp_s05_regslice_0' (0#1) [/home/emanuel/workspace/mesh_vo/MultiPlatformDiffRenderer/src/backends/xrt/hls/build/xclbin/_x/link/vivado/vpl/prj/prj.runs/synth_1/.Xil/Vivado-1010969-HP-ProBook-445-G7/realtime/system_axi_ic_zynq_ultra_ps_e_0_S_AXI_HP2_FPD_imp_s05_regslice_0_stub.v:6]
INFO: [Synth 8-6155] done synthesizing module 's05_couplers_imp_92O4J' (0#1) [/home/emanuel/workspace/mesh_vo/MultiPlatformDiffRenderer/src/backends/xrt/hls/build/xclbin/_x/link/vivado/vpl/prj/prj.gen/sources_1/bd/system/synth/system.v:2023]
INFO: [Synth 8-6157] synthesizing module 'system_axi_ic_zynq_ultra_ps_e_0_S_AXI_HP2_FPD_upgraded_ipi_imp_xbar_0' [/home/emanuel/workspace/mesh_vo/MultiPlatformDiffRenderer/src/backends/xrt/hls/build/xclbin/_x/link/vivado/vpl/prj/prj.runs/synth_1/.Xil/Vivado-1010969-HP-ProBook-445-G7/realtime/system_axi_ic_zynq_ultra_ps_e_0_S_AXI_HP2_FPD_upgraded_ipi_imp_xbar_0_stub.v:6]
INFO: [Synth 8-6155] done synthesizing module 'system_axi_ic_zynq_ultra_ps_e_0_S_AXI_HP2_FPD_upgraded_ipi_imp_xbar_0' (0#1) [/home/emanuel/workspace/mesh_vo/MultiPlatformDiffRenderer/src/backends/xrt/hls/build/xclbin/_x/link/vivado/vpl/prj/prj.runs/synth_1/.Xil/Vivado-1010969-HP-ProBook-445-G7/realtime/system_axi_ic_zynq_ultra_ps_e_0_S_AXI_HP2_FPD_upgraded_ipi_imp_xbar_0_stub.v:6]
WARNING: [Synth 8-689] width (5) of port connection 's_axi_arready' does not match port width (6) of module 'system_axi_ic_zynq_ultra_ps_e_0_S_AXI_HP2_FPD_upgraded_ipi_imp_xbar_0' [/home/emanuel/workspace/mesh_vo/MultiPlatformDiffRenderer/src/backends/xrt/hls/build/xclbin/_x/link/vivado/vpl/prj/prj.gen/sources_1/bd/system/synth/system.v:4058]
WARNING: [Synth 8-689] width (640) of port connection 's_axi_rdata' does not match port width (768) of module 'system_axi_ic_zynq_ultra_ps_e_0_S_AXI_HP2_FPD_upgraded_ipi_imp_xbar_0' [/home/emanuel/workspace/mesh_vo/MultiPlatformDiffRenderer/src/backends/xrt/hls/build/xclbin/_x/link/vivado/vpl/prj/prj.gen/sources_1/bd/system/synth/system.v:4075]
WARNING: [Synth 8-689] width (5) of port connection 's_axi_rlast' does not match port width (6) of module 'system_axi_ic_zynq_ultra_ps_e_0_S_AXI_HP2_FPD_upgraded_ipi_imp_xbar_0' [/home/emanuel/workspace/mesh_vo/MultiPlatformDiffRenderer/src/backends/xrt/hls/build/xclbin/_x/link/vivado/vpl/prj/prj.gen/sources_1/bd/system/synth/system.v:4076]
WARNING: [Synth 8-689] width (10) of port connection 's_axi_rresp' does not match port width (12) of module 'system_axi_ic_zynq_ultra_ps_e_0_S_AXI_HP2_FPD_upgraded_ipi_imp_xbar_0' [/home/emanuel/workspace/mesh_vo/MultiPlatformDiffRenderer/src/backends/xrt/hls/build/xclbin/_x/link/vivado/vpl/prj/prj.gen/sources_1/bd/system/synth/system.v:4078]
WARNING: [Synth 8-689] width (5) of port connection 's_axi_rvalid' does not match port width (6) of module 'system_axi_ic_zynq_ultra_ps_e_0_S_AXI_HP2_FPD_upgraded_ipi_imp_xbar_0' [/home/emanuel/workspace/mesh_vo/MultiPlatformDiffRenderer/src/backends/xrt/hls/build/xclbin/_x/link/vivado/vpl/prj/prj.gen/sources_1/bd/system/synth/system.v:4079]
WARNING: [Synth 8-7023] instance 'xbar' of module 'system_axi_ic_zynq_ultra_ps_e_0_S_AXI_HP2_FPD_upgraded_ipi_imp_xbar_0' has 78 connections declared, but only 76 given [/home/emanuel/workspace/mesh_vo/MultiPlatformDiffRenderer/src/backends/xrt/hls/build/xclbin/_x/link/vivado/vpl/prj/prj.gen/sources_1/bd/system/synth/system.v:4008]
INFO: [Synth 8-6155] done synthesizing module 'system_axi_ic_zynq_ultra_ps_e_0_S_AXI_HP2_FPD_0' (0#1) [/home/emanuel/workspace/mesh_vo/MultiPlatformDiffRenderer/src/backends/xrt/hls/build/xclbin/_x/link/vivado/vpl/prj/prj.gen/sources_1/bd/system/synth/system.v:3076]
INFO: [Synth 8-6157] synthesizing module 'system_axi_intc_0_0' [/home/emanuel/workspace/mesh_vo/MultiPlatformDiffRenderer/src/backends/xrt/hls/build/xclbin/_x/link/vivado/vpl/prj/prj.runs/synth_1/.Xil/Vivado-1010969-HP-ProBook-445-G7/realtime/system_axi_intc_0_0_stub.v:6]
INFO: [Synth 8-6155] done synthesizing module 'system_axi_intc_0_0' (0#1) [/home/emanuel/workspace/mesh_vo/MultiPlatformDiffRenderer/src/backends/xrt/hls/build/xclbin/_x/link/vivado/vpl/prj/prj.runs/synth_1/.Xil/Vivado-1010969-HP-ProBook-445-G7/realtime/system_axi_intc_0_0_stub.v:6]
INFO: [Synth 8-6157] synthesizing module 'system_axi_intc_0_intr_1_interrupt_concat_0' [/home/emanuel/workspace/mesh_vo/MultiPlatformDiffRenderer/src/backends/xrt/hls/build/xclbin/_x/link/vivado/vpl/prj/prj.gen/sources_1/bd/system/ip/system_axi_intc_0_intr_1_interrupt_concat_0/synth/system_axi_intc_0_intr_1_interrupt_concat_0.v:53]
INFO: [Synth 8-6157] synthesizing module 'xlconcat_v2_1_6_xlconcat' [/home/emanuel/workspace/mesh_vo/MultiPlatformDiffRenderer/src/backends/xrt/hls/build/xclbin/_x/link/vivado/vpl/prj/prj.gen/sources_1/bd/system/ipshared/6120/hdl/xlconcat_v2_1_vl_rfs.v:59]
INFO: [Synth 8-6155] done synthesizing module 'xlconcat_v2_1_6_xlconcat' (0#1) [/home/emanuel/workspace/mesh_vo/MultiPlatformDiffRenderer/src/backends/xrt/hls/build/xclbin/_x/link/vivado/vpl/prj/prj.gen/sources_1/bd/system/ipshared/6120/hdl/xlconcat_v2_1_vl_rfs.v:59]
INFO: [Synth 8-6155] done synthesizing module 'system_axi_intc_0_intr_1_interrupt_concat_0' (0#1) [/home/emanuel/workspace/mesh_vo/MultiPlatformDiffRenderer/src/backends/xrt/hls/build/xclbin/_x/link/vivado/vpl/prj/prj.gen/sources_1/bd/system/ip/system_axi_intc_0_intr_1_interrupt_concat_0/synth/system_axi_intc_0_intr_1_interrupt_concat_0.v:53]
INFO: [Synth 8-6157] synthesizing module 'system_clk_wiz_0_0' [/home/emanuel/workspace/mesh_vo/MultiPlatformDiffRenderer/src/backends/xrt/hls/build/xclbin/_x/link/vivado/vpl/prj/prj.runs/synth_1/.Xil/Vivado-1010969-HP-ProBook-445-G7/realtime/system_clk_wiz_0_0_stub.v:6]
INFO: [Synth 8-6155] done synthesizing module 'system_clk_wiz_0_0' (0#1) [/home/emanuel/workspace/mesh_vo/MultiPlatformDiffRenderer/src/backends/xrt/hls/build/xclbin/_x/link/vivado/vpl/prj/prj.runs/synth_1/.Xil/Vivado-1010969-HP-ProBook-445-G7/realtime/system_clk_wiz_0_0_stub.v:6]
INFO: [Synth 8-6157] synthesizing module 'system_irq_const_tieoff_0' [/home/emanuel/workspace/mesh_vo/MultiPlatformDiffRenderer/src/backends/xrt/hls/build/xclbin/_x/link/vivado/vpl/prj/prj.gen/sources_1/bd/system/ip/system_irq_const_tieoff_0/synth/system_irq_const_tieoff_0.v:53]
INFO: [Synth 8-6157] synthesizing module 'xlconstant_v1_1_9_xlconstant' [/home/emanuel/workspace/mesh_vo/MultiPlatformDiffRenderer/src/backends/xrt/hls/build/xclbin/_x/link/vivado/vpl/prj/prj.gen/sources_1/bd/system/ipshared/e2d2/hdl/xlconstant_v1_1_vl_rfs.v:68]
INFO: [Synth 8-6155] done synthesizing module 'xlconstant_v1_1_9_xlconstant' (0#1) [/home/emanuel/workspace/mesh_vo/MultiPlatformDiffRenderer/src/backends/xrt/hls/build/xclbin/_x/link/vivado/vpl/prj/prj.gen/sources_1/bd/system/ipshared/e2d2/hdl/xlconstant_v1_1_vl_rfs.v:68]
INFO: [Synth 8-6155] done synthesizing module 'system_irq_const_tieoff_0' (0#1) [/home/emanuel/workspace/mesh_vo/MultiPlatformDiffRenderer/src/backends/xrt/hls/build/xclbin/_x/link/vivado/vpl/prj/prj.gen/sources_1/bd/system/ip/system_irq_const_tieoff_0/synth/system_irq_const_tieoff_0.v:53]
WARNING: [Synth 8-4446] all outputs are unconnected for this instance and logic may be removed [/home/emanuel/workspace/mesh_vo/MultiPlatformDiffRenderer/src/backends/xrt/hls/build/xclbin/_x/link/vivado/vpl/prj/prj.gen/sources_1/bd/system/synth/system.v:2893]
INFO: [Synth 8-6157] synthesizing module 'system_proc_sys_reset_1_0' [/home/emanuel/workspace/mesh_vo/MultiPlatformDiffRenderer/src/backends/xrt/hls/build/xclbin/_x/link/vivado/vpl/prj/prj.runs/synth_1/.Xil/Vivado-1010969-HP-ProBook-445-G7/realtime/system_proc_sys_reset_1_0_stub.v:6]
INFO: [Synth 8-6155] done synthesizing module 'system_proc_sys_reset_1_0' (0#1) [/home/emanuel/workspace/mesh_vo/MultiPlatformDiffRenderer/src/backends/xrt/hls/build/xclbin/_x/link/vivado/vpl/prj/prj.runs/synth_1/.Xil/Vivado-1010969-HP-ProBook-445-G7/realtime/system_proc_sys_reset_1_0_stub.v:6]
WARNING: [Synth 8-7023] instance 'proc_sys_reset_1' of module 'system_proc_sys_reset_1_0' has 10 connections declared, but only 5 given [/home/emanuel/workspace/mesh_vo/MultiPlatformDiffRenderer/src/backends/xrt/hls/build/xclbin/_x/link/vivado/vpl/prj/prj.gen/sources_1/bd/system/synth/system.v:2893]
INFO: [Synth 8-6157] synthesizing module 'system_proc_sys_reset_2_0' [/home/emanuel/workspace/mesh_vo/MultiPlatformDiffRenderer/src/backends/xrt/hls/build/xclbin/_x/link/vivado/vpl/prj/prj.runs/synth_1/.Xil/Vivado-1010969-HP-ProBook-445-G7/realtime/system_proc_sys_reset_2_0_stub.v:6]
INFO: [Synth 8-6155] done synthesizing module 'system_proc_sys_reset_2_0' (0#1) [/home/emanuel/workspace/mesh_vo/MultiPlatformDiffRenderer/src/backends/xrt/hls/build/xclbin/_x/link/vivado/vpl/prj/prj.runs/synth_1/.Xil/Vivado-1010969-HP-ProBook-445-G7/realtime/system_proc_sys_reset_2_0_stub.v:6]
WARNING: [Synth 8-7023] instance 'proc_sys_reset_2' of module 'system_proc_sys_reset_2_0' has 10 connections declared, but only 6 given [/home/emanuel/workspace/mesh_vo/MultiPlatformDiffRenderer/src/backends/xrt/hls/build/xclbin/_x/link/vivado/vpl/prj/prj.gen/sources_1/bd/system/synth/system.v:2899]
WARNING: [Synth 8-4446] all outputs are unconnected for this instance and logic may be removed [/home/emanuel/workspace/mesh_vo/MultiPlatformDiffRenderer/src/backends/xrt/hls/build/xclbin/_x/link/vivado/vpl/prj/prj.gen/sources_1/bd/system/synth/system.v:2906]
INFO: [Synth 8-6157] synthesizing module 'system_proc_sys_reset_3_0' [/home/emanuel/workspace/mesh_vo/MultiPlatformDiffRenderer/src/backends/xrt/hls/build/xclbin/_x/link/vivado/vpl/prj/prj.runs/synth_1/.Xil/Vivado-1010969-HP-ProBook-445-G7/realtime/system_proc_sys_reset_3_0_stub.v:6]
INFO: [Synth 8-6155] done synthesizing module 'system_proc_sys_reset_3_0' (0#1) [/home/emanuel/workspace/mesh_vo/MultiPlatformDiffRenderer/src/backends/xrt/hls/build/xclbin/_x/link/vivado/vpl/prj/prj.runs/synth_1/.Xil/Vivado-1010969-HP-ProBook-445-G7/realtime/system_proc_sys_reset_3_0_stub.v:6]
WARNING: [Synth 8-7023] instance 'proc_sys_reset_3' of module 'system_proc_sys_reset_3_0' has 10 connections declared, but only 5 given [/home/emanuel/workspace/mesh_vo/MultiPlatformDiffRenderer/src/backends/xrt/hls/build/xclbin/_x/link/vivado/vpl/prj/prj.gen/sources_1/bd/system/synth/system.v:2906]
INFO: [Synth 8-6157] synthesizing module 'system_ps8_0_axi_periph_0' [/home/emanuel/workspace/mesh_vo/MultiPlatformDiffRenderer/src/backends/xrt/hls/build/xclbin/_x/link/vivado/vpl/prj/prj.gen/sources_1/bd/system/synth/system.v:4087]
INFO: [Synth 8-6157] synthesizing module 'm00_couplers_imp_N6CHY9' [/home/emanuel/workspace/mesh_vo/MultiPlatformDiffRenderer/src/backends/xrt/hls/build/xclbin/_x/link/vivado/vpl/prj/prj.gen/sources_1/bd/system/synth/system.v:457]
INFO: [Synth 8-6155] done synthesizing module 'm00_couplers_imp_N6CHY9' (0#1) [/home/emanuel/workspace/mesh_vo/MultiPlatformDiffRenderer/src/backends/xrt/hls/build/xclbin/_x/link/vivado/vpl/prj/prj.gen/sources_1/bd/system/synth/system.v:457]
INFO: [Synth 8-6157] synthesizing module 'm01_couplers_imp_1YGIC8G' [/home/emanuel/workspace/mesh_vo/MultiPlatformDiffRenderer/src/backends/xrt/hls/build/xclbin/_x/link/vivado/vpl/prj/prj.gen/sources_1/bd/system/synth/system.v:572]
INFO: [Synth 8-6157] synthesizing module 'system_ps8_0_axi_periph_imp_m01_regslice_0' [/home/emanuel/workspace/mesh_vo/MultiPlatformDiffRenderer/src/backends/xrt/hls/build/xclbin/_x/link/vivado/vpl/prj/prj.runs/synth_1/.Xil/Vivado-1010969-HP-ProBook-445-G7/realtime/system_ps8_0_axi_periph_imp_m01_regslice_0_stub.v:6]
INFO: [Synth 8-6155] done synthesizing module 'system_ps8_0_axi_periph_imp_m01_regslice_0' (0#1) [/home/emanuel/workspace/mesh_vo/MultiPlatformDiffRenderer/src/backends/xrt/hls/build/xclbin/_x/link/vivado/vpl/prj/prj.runs/synth_1/.Xil/Vivado-1010969-HP-ProBook-445-G7/realtime/system_ps8_0_axi_periph_imp_m01_regslice_0_stub.v:6]
WARNING: [Synth 8-7023] instance 'm01_regslice' of module 'system_ps8_0_axi_periph_imp_m01_regslice_0' has 40 connections declared, but only 38 given [/home/emanuel/workspace/mesh_vo/MultiPlatformDiffRenderer/src/backends/xrt/hls/build/xclbin/_x/link/vivado/vpl/prj/prj.gen/sources_1/bd/system/synth/system.v:693]
INFO: [Synth 8-6155] done synthesizing module 'm01_couplers_imp_1YGIC8G' (0#1) [/home/emanuel/workspace/mesh_vo/MultiPlatformDiffRenderer/src/backends/xrt/hls/build/xclbin/_x/link/vivado/vpl/prj/prj.gen/sources_1/bd/system/synth/system.v:572]
INFO: [Synth 8-6157] synthesizing module 's00_couplers_imp_RR89KG' [/home/emanuel/workspace/mesh_vo/MultiPlatformDiffRenderer/src/backends/xrt/hls/build/xclbin/_x/link/vivado/vpl/prj/prj.gen/sources_1/bd/system/synth/system.v:734]
INFO: [Synth 8-6157] synthesizing module 'system_ps8_0_axi_periph_imp_auto_pc_0' [/home/emanuel/workspace/mesh_vo/MultiPlatformDiffRenderer/src/backends/xrt/hls/build/xclbin/_x/link/vivado/vpl/prj/prj.runs/synth_1/.Xil/Vivado-1010969-HP-ProBook-445-G7/realtime/system_ps8_0_axi_periph_imp_auto_pc_0_stub.v:6]
INFO: [Synth 8-6155] done synthesizing module 'system_ps8_0_axi_periph_imp_auto_pc_0' (0#1) [/home/emanuel/workspace/mesh_vo/MultiPlatformDiffRenderer/src/backends/xrt/hls/build/xclbin/_x/link/vivado/vpl/prj/prj.runs/synth_1/.Xil/Vivado-1010969-HP-ProBook-445-G7/realtime/system_ps8_0_axi_periph_imp_auto_pc_0_stub.v:6]
INFO: [Synth 8-6155] done synthesizing module 's00_couplers_imp_RR89KG' (0#1) [/home/emanuel/workspace/mesh_vo/MultiPlatformDiffRenderer/src/backends/xrt/hls/build/xclbin/_x/link/vivado/vpl/prj/prj.gen/sources_1/bd/system/synth/system.v:734]
INFO: [Synth 8-6157] synthesizing module 'system_ps8_0_axi_periph_upgraded_ipi_imp_xbar_0' [/home/emanuel/workspace/mesh_vo/MultiPlatformDiffRenderer/src/backends/xrt/hls/build/xclbin/_x/link/vivado/vpl/prj/prj.runs/synth_1/.Xil/Vivado-1010969-HP-ProBook-445-G7/realtime/system_ps8_0_axi_periph_upgraded_ipi_imp_xbar_0_stub.v:6]
INFO: [Synth 8-6155] done synthesizing module 'system_ps8_0_axi_periph_upgraded_ipi_imp_xbar_0' (0#1) [/home/emanuel/workspace/mesh_vo/MultiPlatformDiffRenderer/src/backends/xrt/hls/build/xclbin/_x/link/vivado/vpl/prj/prj.runs/synth_1/.Xil/Vivado-1010969-HP-ProBook-445-G7/realtime/system_ps8_0_axi_periph_upgraded_ipi_imp_xbar_0_stub.v:6]
INFO: [Synth 8-6155] done synthesizing module 'system_ps8_0_axi_periph_0' (0#1) [/home/emanuel/workspace/mesh_vo/MultiPlatformDiffRenderer/src/backends/xrt/hls/build/xclbin/_x/link/vivado/vpl/prj/prj.gen/sources_1/bd/system/synth/system.v:4087]
INFO: [Synth 8-6157] synthesizing module 'system_zynq_ultra_ps_e_0_0' [/home/emanuel/workspace/mesh_vo/MultiPlatformDiffRenderer/src/backends/xrt/hls/build/xclbin/_x/link/vivado/vpl/prj/prj.runs/synth_1/.Xil/Vivado-1010969-HP-ProBook-445-G7/realtime/system_zynq_ultra_ps_e_0_0_stub.v:6]
INFO: [Synth 8-6155] done synthesizing module 'system_zynq_ultra_ps_e_0_0' (0#1) [/home/emanuel/workspace/mesh_vo/MultiPlatformDiffRenderer/src/backends/xrt/hls/build/xclbin/_x/link/vivado/vpl/prj/prj.runs/synth_1/.Xil/Vivado-1010969-HP-ProBook-445-G7/realtime/system_zynq_ultra_ps_e_0_0_stub.v:6]
WARNING: [Synth 8-7023] instance 'zynq_ultra_ps_e_0' of module 'system_zynq_ultra_ps_e_0_0' has 84 connections declared, but only 81 given [/home/emanuel/workspace/mesh_vo/MultiPlatformDiffRenderer/src/backends/xrt/hls/build/xclbin/_x/link/vivado/vpl/prj/prj.gen/sources_1/bd/system/synth/system.v:2992]
INFO: [Synth 8-6155] done synthesizing module 'system' (0#1) [/home/emanuel/workspace/mesh_vo/MultiPlatformDiffRenderer/src/backends/xrt/hls/build/xclbin/_x/link/vivado/vpl/prj/prj.gen/sources_1/bd/system/synth/system.v:2265]
INFO: [Synth 8-6155] done synthesizing module 'system_wrapper' (0#1) [/home/emanuel/workspace/mesh_vo/MultiPlatformDiffRenderer/src/backends/xrt/hls/build/xclbin/_x/link/vivado/vpl/prj/prj.gen/sources_1/bd/system/hdl/system_wrapper.v:13]
WARNING: [Synth 8-7129] Port M_ACLK in module s00_couplers_imp_RR89KG is either unconnected or has no load
WARNING: [Synth 8-7129] Port M_ARESETN in module s00_couplers_imp_RR89KG is either unconnected or has no load
WARNING: [Synth 8-7129] Port S_ACLK in module m01_couplers_imp_1YGIC8G is either unconnected or has no load
WARNING: [Synth 8-7129] Port S_ARESETN in module m01_couplers_imp_1YGIC8G is either unconnected or has no load
WARNING: [Synth 8-7129] Port S_AXI_araddr[39] in module m01_couplers_imp_1YGIC8G is either unconnected or has no load
WARNING: [Synth 8-7129] Port S_AXI_araddr[38] in module m01_couplers_imp_1YGIC8G is either unconnected or has no load
WARNING: [Synth 8-7129] Port S_AXI_araddr[37] in module m01_couplers_imp_1YGIC8G is either unconnected or has no load
WARNING: [Synth 8-7129] Port S_AXI_araddr[36] in module m01_couplers_imp_1YGIC8G is either unconnected or has no load
WARNING: [Synth 8-7129] Port S_AXI_araddr[35] in module m01_couplers_imp_1YGIC8G is either unconnected or has no load
WARNING: [Synth 8-7129] Port S_AXI_araddr[34] in module m01_couplers_imp_1YGIC8G is either unconnected or has no load
WARNING: [Synth 8-7129] Port S_AXI_araddr[33] in module m01_couplers_imp_1YGIC8G is either unconnected or has no load
WARNING: [Synth 8-7129] Port S_AXI_araddr[32] in module m01_couplers_imp_1YGIC8G is either unconnected or has no load
WARNING: [Synth 8-7129] Port S_AXI_araddr[31] in module m01_couplers_imp_1YGIC8G is either unconnected or has no load
WARNING: [Synth 8-7129] Port S_AXI_araddr[30] in module m01_couplers_imp_1YGIC8G is either unconnected or has no load
WARNING: [Synth 8-7129] Port S_AXI_araddr[29] in module m01_couplers_imp_1YGIC8G is either unconnected or has no load
WARNING: [Synth 8-7129] Port S_AXI_araddr[28] in module m01_couplers_imp_1YGIC8G is either unconnected or has no load
WARNING: [Synth 8-7129] Port S_AXI_araddr[27] in module m01_couplers_imp_1YGIC8G is either unconnected or has no load
WARNING: [Synth 8-7129] Port S_AXI_araddr[26] in module m01_couplers_imp_1YGIC8G is either unconnected or has no load
WARNING: [Synth 8-7129] Port S_AXI_araddr[25] in module m01_couplers_imp_1YGIC8G is either unconnected or has no load
WARNING: [Synth 8-7129] Port S_AXI_araddr[24] in module m01_couplers_imp_1YGIC8G is either unconnected or has no load
WARNING: [Synth 8-7129] Port S_AXI_araddr[23] in module m01_couplers_imp_1YGIC8G is either unconnected or has no load
WARNING: [Synth 8-7129] Port S_AXI_araddr[22] in module m01_couplers_imp_1YGIC8G is either unconnected or has no load
WARNING: [Synth 8-7129] Port S_AXI_araddr[21] in module m01_couplers_imp_1YGIC8G is either unconnected or has no load
WARNING: [Synth 8-7129] Port S_AXI_araddr[20] in module m01_couplers_imp_1YGIC8G is either unconnected or has no load
WARNING: [Synth 8-7129] Port S_AXI_araddr[19] in module m01_couplers_imp_1YGIC8G is either unconnected or has no load
WARNING: [Synth 8-7129] Port S_AXI_araddr[18] in module m01_couplers_imp_1YGIC8G is either unconnected or has no load
WARNING: [Synth 8-7129] Port S_AXI_araddr[17] in module m01_couplers_imp_1YGIC8G is either unconnected or has no load
WARNING: [Synth 8-7129] Port S_AXI_araddr[16] in module m01_couplers_imp_1YGIC8G is either unconnected or has no load
WARNING: [Synth 8-7129] Port S_AXI_araddr[15] in module m01_couplers_imp_1YGIC8G is either unconnected or has no load
WARNING: [Synth 8-7129] Port S_AXI_araddr[14] in module m01_couplers_imp_1YGIC8G is either unconnected or has no load
WARNING: [Synth 8-7129] Port S_AXI_araddr[13] in module m01_couplers_imp_1YGIC8G is either unconnected or has no load
WARNING: [Synth 8-7129] Port S_AXI_araddr[12] in module m01_couplers_imp_1YGIC8G is either unconnected or has no load
WARNING: [Synth 8-7129] Port S_AXI_araddr[11] in module m01_couplers_imp_1YGIC8G is either unconnected or has no load
WARNING: [Synth 8-7129] Port S_AXI_araddr[10] in module m01_couplers_imp_1YGIC8G is either unconnected or has no load
WARNING: [Synth 8-7129] Port S_AXI_araddr[9] in module m01_couplers_imp_1YGIC8G is either unconnected or has no load
WARNING: [Synth 8-7129] Port S_AXI_awaddr[39] in module m01_couplers_imp_1YGIC8G is either unconnected or has no load
WARNING: [Synth 8-7129] Port S_AXI_awaddr[38] in module m01_couplers_imp_1YGIC8G is either unconnected or has no load
WARNING: [Synth 8-7129] Port S_AXI_awaddr[37] in module m01_couplers_imp_1YGIC8G is either unconnected or has no load
WARNING: [Synth 8-7129] Port S_AXI_awaddr[36] in module m01_couplers_imp_1YGIC8G is either unconnected or has no load
WARNING: [Synth 8-7129] Port S_AXI_awaddr[35] in module m01_couplers_imp_1YGIC8G is either unconnected or has no load
WARNING: [Synth 8-7129] Port S_AXI_awaddr[34] in module m01_couplers_imp_1YGIC8G is either unconnected or has no load
WARNING: [Synth 8-7129] Port S_AXI_awaddr[33] in module m01_couplers_imp_1YGIC8G is either unconnected or has no load
WARNING: [Synth 8-7129] Port S_AXI_awaddr[32] in module m01_couplers_imp_1YGIC8G is either unconnected or has no load
WARNING: [Synth 8-7129] Port S_AXI_awaddr[31] in module m01_couplers_imp_1YGIC8G is either unconnected or has no load
WARNING: [Synth 8-7129] Port S_AXI_awaddr[30] in module m01_couplers_imp_1YGIC8G is either unconnected or has no load
WARNING: [Synth 8-7129] Port S_AXI_awaddr[29] in module m01_couplers_imp_1YGIC8G is either unconnected or has no load
WARNING: [Synth 8-7129] Port S_AXI_awaddr[28] in module m01_couplers_imp_1YGIC8G is either unconnected or has no load
WARNING: [Synth 8-7129] Port S_AXI_awaddr[27] in module m01_couplers_imp_1YGIC8G is either unconnected or has no load
WARNING: [Synth 8-7129] Port S_AXI_awaddr[26] in module m01_couplers_imp_1YGIC8G is either unconnected or has no load
WARNING: [Synth 8-7129] Port S_AXI_awaddr[25] in module m01_couplers_imp_1YGIC8G is either unconnected or has no load
WARNING: [Synth 8-7129] Port S_AXI_awaddr[24] in module m01_couplers_imp_1YGIC8G is either unconnected or has no load
WARNING: [Synth 8-7129] Port S_AXI_awaddr[23] in module m01_couplers_imp_1YGIC8G is either unconnected or has no load
WARNING: [Synth 8-7129] Port S_AXI_awaddr[22] in module m01_couplers_imp_1YGIC8G is either unconnected or has no load
WARNING: [Synth 8-7129] Port S_AXI_awaddr[21] in module m01_couplers_imp_1YGIC8G is either unconnected or has no load
WARNING: [Synth 8-7129] Port S_AXI_awaddr[20] in module m01_couplers_imp_1YGIC8G is either unconnected or has no load
WARNING: [Synth 8-7129] Port S_AXI_awaddr[19] in module m01_couplers_imp_1YGIC8G is either unconnected or has no load
WARNING: [Synth 8-7129] Port S_AXI_awaddr[18] in module m01_couplers_imp_1YGIC8G is either unconnected or has no load
WARNING: [Synth 8-7129] Port S_AXI_awaddr[17] in module m01_couplers_imp_1YGIC8G is either unconnected or has no load
WARNING: [Synth 8-7129] Port S_AXI_awaddr[16] in module m01_couplers_imp_1YGIC8G is either unconnected or has no load
WARNING: [Synth 8-7129] Port S_AXI_awaddr[15] in module m01_couplers_imp_1YGIC8G is either unconnected or has no load
WARNING: [Synth 8-7129] Port S_AXI_awaddr[14] in module m01_couplers_imp_1YGIC8G is either unconnected or has no load
WARNING: [Synth 8-7129] Port S_AXI_awaddr[13] in module m01_couplers_imp_1YGIC8G is either unconnected or has no load
WARNING: [Synth 8-7129] Port S_AXI_awaddr[12] in module m01_couplers_imp_1YGIC8G is either unconnected or has no load
WARNING: [Synth 8-7129] Port S_AXI_awaddr[11] in module m01_couplers_imp_1YGIC8G is either unconnected or has no load
WARNING: [Synth 8-7129] Port S_AXI_awaddr[10] in module m01_couplers_imp_1YGIC8G is either unconnected or has no load
WARNING: [Synth 8-7129] Port S_AXI_awaddr[9] in module m01_couplers_imp_1YGIC8G is either unconnected or has no load
WARNING: [Synth 8-7129] Port M_ACLK in module m00_couplers_imp_N6CHY9 is either unconnected or has no load
WARNING: [Synth 8-7129] Port M_ARESETN in module m00_couplers_imp_N6CHY9 is either unconnected or has no load
WARNING: [Synth 8-7129] Port S_ACLK in module m00_couplers_imp_N6CHY9 is either unconnected or has no load
WARNING: [Synth 8-7129] Port S_ARESETN in module m00_couplers_imp_N6CHY9 is either unconnected or has no load
WARNING: [Synth 8-7129] Port M00_ACLK in module system_ps8_0_axi_periph_0 is either unconnected or has no load
WARNING: [Synth 8-7129] Port M00_ARESETN in module system_ps8_0_axi_periph_0 is either unconnected or has no load
WARNING: [Synth 8-7129] Port M01_ACLK in module system_ps8_0_axi_periph_0 is either unconnected or has no load
WARNING: [Synth 8-7129] Port M01_ARESETN in module system_ps8_0_axi_periph_0 is either unconnected or has no load
WARNING: [Synth 8-7129] Port S00_ACLK in module system_ps8_0_axi_periph_0 is either unconnected or has no load
WARNING: [Synth 8-7129] Port S00_ARESETN in module system_ps8_0_axi_periph_0 is either unconnected or has no load
WARNING: [Synth 8-7129] Port In32[0] in module xlconcat_v2_1_6_xlconcat is either unconnected or has no load
WARNING: [Synth 8-7129] Port In33[0] in module xlconcat_v2_1_6_xlconcat is either unconnected or has no load
WARNING: [Synth 8-7129] Port In34[0] in module xlconcat_v2_1_6_xlconcat is either unconnected or has no load
WARNING: [Synth 8-7129] Port In35[0] in module xlconcat_v2_1_6_xlconcat is either unconnected or has no load
WARNING: [Synth 8-7129] Port In36[0] in module xlconcat_v2_1_6_xlconcat is either unconnected or has no load
WARNING: [Synth 8-7129] Port In37[0] in module xlconcat_v2_1_6_xlconcat is either unconnected or has no load
WARNING: [Synth 8-7129] Port In38[0] in module xlconcat_v2_1_6_xlconcat is either unconnected or has no load
WARNING: [Synth 8-7129] Port In39[0] in module xlconcat_v2_1_6_xlconcat is either unconnected or has no load
WARNING: [Synth 8-7129] Port In40[0] in module xlconcat_v2_1_6_xlconcat is either unconnected or has no load
WARNING: [Synth 8-7129] Port In41[0] in module xlconcat_v2_1_6_xlconcat is either unconnected or has no load
WARNING: [Synth 8-7129] Port In42[0] in module xlconcat_v2_1_6_xlconcat is either unconnected or has no load
WARNING: [Synth 8-7129] Port In43[0] in module xlconcat_v2_1_6_xlconcat is either unconnected or has no load
WARNING: [Synth 8-7129] Port In44[0] in module xlconcat_v2_1_6_xlconcat is either unconnected or has no load
WARNING: [Synth 8-7129] Port In45[0] in module xlconcat_v2_1_6_xlconcat is either unconnected or has no load
WARNING: [Synth 8-7129] Port In46[0] in module xlconcat_v2_1_6_xlconcat is either unconnected or has no load
WARNING: [Synth 8-7129] Port In47[0] in module xlconcat_v2_1_6_xlconcat is either unconnected or has no load
WARNING: [Synth 8-7129] Port In48[0] in module xlconcat_v2_1_6_xlconcat is either unconnected or has no load
WARNING: [Synth 8-7129] Port In49[0] in module xlconcat_v2_1_6_xlconcat is either unconnected or has no load
WARNING: [Synth 8-7129] Port In50[0] in module xlconcat_v2_1_6_xlconcat is either unconnected or has no load
WARNING: [Synth 8-7129] Port In51[0] in module xlconcat_v2_1_6_xlconcat is either unconnected or has no load
WARNING: [Synth 8-7129] Port In52[0] in module xlconcat_v2_1_6_xlconcat is either unconnected or has no load
WARNING: [Synth 8-7129] Port In53[0] in module xlconcat_v2_1_6_xlconcat is either unconnected or has no load
WARNING: [Synth 8-7129] Port In54[0] in module xlconcat_v2_1_6_xlconcat is either unconnected or has no load
WARNING: [Synth 8-7129] Port In55[0] in module xlconcat_v2_1_6_xlconcat is either unconnected or has no load
INFO: [Common 17-14] Message 'Synth 8-7129' appears 100 times and further instances of the messages will be disabled. Use the Tcl command set_msg_config to change the current settings.
---------------------------------------------------------------------------------
Finished RTL Elaboration : Time (s): cpu = 00:00:05 ; elapsed = 00:00:06 . Memory (MB): peak = 2595.297 ; gain = 215.625 ; free physical = 8311 ; free virtual = 16488
---------------------------------------------------------------------------------
---------------------------------------------------------------------------------
Start Handling Custom Attributes
---------------------------------------------------------------------------------
---------------------------------------------------------------------------------
Finished Handling Custom Attributes : Time (s): cpu = 00:00:05 ; elapsed = 00:00:06 . Memory (MB): peak = 2595.297 ; gain = 215.625 ; free physical = 8311 ; free virtual = 16488
---------------------------------------------------------------------------------
---------------------------------------------------------------------------------
Finished RTL Optimization Phase 1 : Time (s): cpu = 00:00:05 ; elapsed = 00:00:06 . Memory (MB): peak = 2595.297 ; gain = 215.625 ; free physical = 8311 ; free virtual = 16488
---------------------------------------------------------------------------------
Netlist sorting complete. Time (s): cpu = 00:00:00.04 ; elapsed = 00:00:00.04 . Memory (MB): peak = 2595.297 ; gain = 0.000 ; free physical = 8312 ; free virtual = 16488
INFO: [Project 1-570] Preparing netlist for logic optimization

Processing XDC Constraints
Initializing timing engine
Parsing XDC File [/home/emanuel/workspace/mesh_vo/MultiPlatformDiffRenderer/src/backends/xrt/hls/build/xclbin/_x/link/vivado/vpl/prj/prj.gen/sources_1/bd/system/ip/system_zynq_ultra_ps_e_0_0/system_zynq_ultra_ps_e_0_0/system_zynq_ultra_ps_e_0_0_in_context.xdc] for cell 'system_i/zynq_ultra_ps_e_0'
Finished Parsing XDC File [/home/emanuel/workspace/mesh_vo/MultiPlatformDiffRenderer/src/backends/xrt/hls/build/xclbin/_x/link/vivado/vpl/prj/prj.gen/sources_1/bd/system/ip/system_zynq_ultra_ps_e_0_0/system_zynq_ultra_ps_e_0_0/system_zynq_ultra_ps_e_0_0_in_context.xdc] for cell 'system_i/zynq_ultra_ps_e_0'
Parsing XDC File [/home/emanuel/workspace/mesh_vo/MultiPlatformDiffRenderer/src/backends/xrt/hls/build/xclbin/_x/link/vivado/vpl/prj/prj.gen/sources_1/bd/system/ip/system_clk_wiz_0_0/system_clk_wiz_0_0/system_clk_wiz_0_0_in_context.xdc] for cell 'system_i/clk_wiz_0'
Finished Parsing XDC File [/home/emanuel/workspace/mesh_vo/MultiPlatformDiffRenderer/src/backends/xrt/hls/build/xclbin/_x/link/vivado/vpl/prj/prj.gen/sources_1/bd/system/ip/system_clk_wiz_0_0/system_clk_wiz_0_0/system_clk_wiz_0_0_in_context.xdc] for cell 'system_i/clk_wiz_0'
Parsing XDC File [/home/emanuel/workspace/mesh_vo/MultiPlatformDiffRenderer/src/backends/xrt/hls/build/xclbin/_x/link/vivado/vpl/prj/prj.gen/sources_1/bd/system/ip/system_proc_sys_reset_1_0/system_proc_sys_reset_1_0/system_proc_sys_reset_1_0_in_context.xdc] for cell 'system_i/proc_sys_reset_1'
Finished Parsing XDC File [/home/emanuel/workspace/mesh_vo/MultiPlatformDiffRenderer/src/backends/xrt/hls/build/xclbin/_x/link/vivado/vpl/prj/prj.gen/sources_1/bd/system/ip/system_proc_sys_reset_1_0/system_proc_sys_reset_1_0/system_proc_sys_reset_1_0_in_context.xdc] for cell 'system_i/proc_sys_reset_1'
Parsing XDC File [/home/emanuel/workspace/mesh_vo/MultiPlatformDiffRenderer/src/backends/xrt/hls/build/xclbin/_x/link/vivado/vpl/prj/prj.gen/sources_1/bd/system/ip/system_proc_sys_reset_2_0/system_proc_sys_reset_2_0/system_proc_sys_reset_2_0_in_context.xdc] for cell 'system_i/proc_sys_reset_2'
Finished Parsing XDC File [/home/emanuel/workspace/mesh_vo/MultiPlatformDiffRenderer/src/backends/xrt/hls/build/xclbin/_x/link/vivado/vpl/prj/prj.gen/sources_1/bd/system/ip/system_proc_sys_reset_2_0/system_proc_sys_reset_2_0/system_proc_sys_reset_2_0_in_context.xdc] for cell 'system_i/proc_sys_reset_2'
Parsing XDC File [/home/emanuel/workspace/mesh_vo/MultiPlatformDiffRenderer/src/backends/xrt/hls/build/xclbin/_x/link/vivado/vpl/prj/prj.gen/sources_1/bd/system/ip/system_proc_sys_reset_3_0/system_proc_sys_reset_3_0/system_proc_sys_reset_3_0_in_context.xdc] for cell 'system_i/proc_sys_reset_3'
Finished Parsing XDC File [/home/emanuel/workspace/mesh_vo/MultiPlatformDiffRenderer/src/backends/xrt/hls/build/xclbin/_x/link/vivado/vpl/prj/prj.gen/sources_1/bd/system/ip/system_proc_sys_reset_3_0/system_proc_sys_reset_3_0/system_proc_sys_reset_3_0_in_context.xdc] for cell 'system_i/proc_sys_reset_3'
Parsing XDC File [/home/emanuel/workspace/mesh_vo/MultiPlatformDiffRenderer/src/backends/xrt/hls/build/xclbin/_x/link/vivado/vpl/prj/prj.gen/sources_1/bd/system/ip/system_axi_intc_0_0/system_axi_intc_0_0/system_axi_intc_0_0_in_context.xdc] for cell 'system_i/axi_intc_0'
Finished Parsing XDC File [/home/emanuel/workspace/mesh_vo/MultiPlatformDiffRenderer/src/backends/xrt/hls/build/xclbin/_x/link/vivado/vpl/prj/prj.gen/sources_1/bd/system/ip/system_axi_intc_0_0/system_axi_intc_0_0/system_axi_intc_0_0_in_context.xdc] for cell 'system_i/axi_intc_0'
Parsing XDC File [/home/emanuel/workspace/mesh_vo/MultiPlatformDiffRenderer/src/backends/xrt/hls/build/xclbin/_x/link/vivado/vpl/prj/prj.gen/sources_1/bd/system/ip/system_ps8_0_axi_periph_upgraded_ipi_imp_xbar_0/system_ps8_0_axi_periph_upgraded_ipi_imp_xbar_0/system_ps8_0_axi_periph_upgraded_ipi_imp_xbar_0_in_context.xdc] for cell 'system_i/ps8_0_axi_periph/xbar'
Finished Parsing XDC File [/home/emanuel/workspace/mesh_vo/MultiPlatformDiffRenderer/src/backends/xrt/hls/build/xclbin/_x/link/vivado/vpl/prj/prj.gen/sources_1/bd/system/ip/system_ps8_0_axi_periph_upgraded_ipi_imp_xbar_0/system_ps8_0_axi_periph_upgraded_ipi_imp_xbar_0/system_ps8_0_axi_periph_upgraded_ipi_imp_xbar_0_in_context.xdc] for cell 'system_i/ps8_0_axi_periph/xbar'
Parsing XDC File [/home/emanuel/workspace/mesh_vo/MultiPlatformDiffRenderer/src/backends/xrt/hls/build/xclbin/_x/link/vivado/vpl/prj/prj.gen/sources_1/bd/system/ip/system_ps8_0_axi_periph_imp_auto_pc_0/system_ps8_0_axi_periph_imp_auto_pc_0/system_ps8_0_axi_periph_imp_auto_pc_0_in_context.xdc] for cell 'system_i/ps8_0_axi_periph/s00_couplers/auto_pc'
Finished Parsing XDC File [/home/emanuel/workspace/mesh_vo/MultiPlatformDiffRenderer/src/backends/xrt/hls/build/xclbin/_x/link/vivado/vpl/prj/prj.gen/sources_1/bd/system/ip/system_ps8_0_axi_periph_imp_auto_pc_0/system_ps8_0_axi_periph_imp_auto_pc_0/system_ps8_0_axi_periph_imp_auto_pc_0_in_context.xdc] for cell 'system_i/ps8_0_axi_periph/s00_couplers/auto_pc'
Parsing XDC File [/home/emanuel/workspace/mesh_vo/MultiPlatformDiffRenderer/src/backends/xrt/hls/build/xclbin/_x/link/vivado/vpl/prj/prj.gen/sources_1/bd/system/ip/system_ps8_0_axi_periph_imp_m01_regslice_0/system_ps8_0_axi_periph_imp_m01_regslice_0/system_ps8_0_axi_periph_imp_m01_regslice_0_in_context.xdc] for cell 'system_i/ps8_0_axi_periph/m01_couplers/m01_regslice'
Finished Parsing XDC File [/home/emanuel/workspace/mesh_vo/MultiPlatformDiffRenderer/src/backends/xrt/hls/build/xclbin/_x/link/vivado/vpl/prj/prj.gen/sources_1/bd/system/ip/system_ps8_0_axi_periph_imp_m01_regslice_0/system_ps8_0_axi_periph_imp_m01_regslice_0/system_ps8_0_axi_periph_imp_m01_regslice_0_in_context.xdc] for cell 'system_i/ps8_0_axi_periph/m01_couplers/m01_regslice'
Parsing XDC File [/home/emanuel/workspace/mesh_vo/MultiPlatformDiffRenderer/src/backends/xrt/hls/build/xclbin/_x/link/vivado/vpl/prj/prj.gen/sources_1/bd/system/ip/system_ImageRenderHLS_1_0/system_ImageRenderHLS_1_0/system_ImageRenderHLS_1_0_in_context.xdc] for cell 'system_i/ImageRenderHLS_1'
Finished Parsing XDC File [/home/emanuel/workspace/mesh_vo/MultiPlatformDiffRenderer/src/backends/xrt/hls/build/xclbin/_x/link/vivado/vpl/prj/prj.gen/sources_1/bd/system/ip/system_ImageRenderHLS_1_0/system_ImageRenderHLS_1_0/system_ImageRenderHLS_1_0_in_context.xdc] for cell 'system_i/ImageRenderHLS_1'
Parsing XDC File [/home/emanuel/workspace/mesh_vo/MultiPlatformDiffRenderer/src/backends/xrt/hls/build/xclbin/_x/link/vivado/vpl/prj/prj.gen/sources_1/bd/system/ip/system_axi_ic_zynq_ultra_ps_e_0_S_AXI_HP2_FPD_upgraded_ipi_imp_xbar_0/system_axi_ic_zynq_ultra_ps_e_0_S_AXI_HP2_FPD_upgraded_ipi_imp_xbar_0/system_axi_ic_zynq_ultra_ps_e_0_S_AXI_HP2_FPD_upgraded_ipi_imp_xbar_0_in_context.xdc] for cell 'system_i/axi_ic_zynq_ultra_ps_e_0_S_AXI_HP2_FPD/xbar'
Finished Parsing XDC File [/home/emanuel/workspace/mesh_vo/MultiPlatformDiffRenderer/src/backends/xrt/hls/build/xclbin/_x/link/vivado/vpl/prj/prj.gen/sources_1/bd/system/ip/system_axi_ic_zynq_ultra_ps_e_0_S_AXI_HP2_FPD_upgraded_ipi_imp_xbar_0/system_axi_ic_zynq_ultra_ps_e_0_S_AXI_HP2_FPD_upgraded_ipi_imp_xbar_0/system_axi_ic_zynq_ultra_ps_e_0_S_AXI_HP2_FPD_upgraded_ipi_imp_xbar_0_in_context.xdc] for cell 'system_i/axi_ic_zynq_ultra_ps_e_0_S_AXI_HP2_FPD/xbar'
Parsing XDC File [/home/emanuel/workspace/mesh_vo/MultiPlatformDiffRenderer/src/backends/xrt/hls/build/xclbin/_x/link/vivado/vpl/prj/prj.gen/sources_1/bd/system/ip/system_axi_ic_zynq_ultra_ps_e_0_S_AXI_HP2_FPD_imp_s00_regslice_0/system_axi_ic_zynq_ultra_ps_e_0_S_AXI_HP2_FPD_imp_s00_regslice_0/system_axi_ic_zynq_ultra_ps_e_0_S_AXI_HP2_FPD_imp_s00_regslice_0_in_context.xdc] for cell 'system_i/axi_ic_zynq_ultra_ps_e_0_S_AXI_HP2_FPD/s00_couplers/s00_regslice'
Finished Parsing XDC File [/home/emanuel/workspace/mesh_vo/MultiPlatformDiffRenderer/src/backends/xrt/hls/build/xclbin/_x/link/vivado/vpl/prj/prj.gen/sources_1/bd/system/ip/system_axi_ic_zynq_ultra_ps_e_0_S_AXI_HP2_FPD_imp_s00_regslice_0/system_axi_ic_zynq_ultra_ps_e_0_S_AXI_HP2_FPD_imp_s00_regslice_0/system_axi_ic_zynq_ultra_ps_e_0_S_AXI_HP2_FPD_imp_s00_regslice_0_in_context.xdc] for cell 'system_i/axi_ic_zynq_ultra_ps_e_0_S_AXI_HP2_FPD/s00_couplers/s00_regslice'
Parsing XDC File [/home/emanuel/workspace/mesh_vo/MultiPlatformDiffRenderer/src/backends/xrt/hls/build/xclbin/_x/link/vivado/vpl/prj/prj.gen/sources_1/bd/system/ip/system_axi_ic_zynq_ultra_ps_e_0_S_AXI_HP2_FPD_imp_auto_us_df_0/system_axi_ic_zynq_ultra_ps_e_0_S_AXI_HP2_FPD_imp_auto_us_df_0/system_axi_ic_zynq_ultra_ps_e_0_S_AXI_HP2_FPD_imp_auto_us_df_3_in_context.xdc] for cell 'system_i/axi_ic_zynq_ultra_ps_e_0_S_AXI_HP2_FPD/s00_couplers/auto_us_df'
Finished Parsing XDC File [/home/emanuel/workspace/mesh_vo/MultiPlatformDiffRenderer/src/backends/xrt/hls/build/xclbin/_x/link/vivado/vpl/prj/prj.gen/sources_1/bd/system/ip/system_axi_ic_zynq_ultra_ps_e_0_S_AXI_HP2_FPD_imp_auto_us_df_0/system_axi_ic_zynq_ultra_ps_e_0_S_AXI_HP2_FPD_imp_auto_us_df_0/system_axi_ic_zynq_ultra_ps_e_0_S_AXI_HP2_FPD_imp_auto_us_df_3_in_context.xdc] for cell 'system_i/axi_ic_zynq_ultra_ps_e_0_S_AXI_HP2_FPD/s00_couplers/auto_us_df'
Parsing XDC File [/home/emanuel/workspace/mesh_vo/MultiPlatformDiffRenderer/src/backends/xrt/hls/build/xclbin/_x/link/vivado/vpl/prj/prj.gen/sources_1/bd/system/ip/system_axi_ic_zynq_ultra_ps_e_0_S_AXI_HP2_FPD_imp_s01_regslice_0/system_axi_ic_zynq_ultra_ps_e_0_S_AXI_HP2_FPD_imp_s01_regslice_0/system_axi_ic_zynq_ultra_ps_e_0_S_AXI_HP2_FPD_imp_s00_regslice_0_in_context.xdc] for cell 'system_i/axi_ic_zynq_ultra_ps_e_0_S_AXI_HP2_FPD/s01_couplers/s01_regslice'
Finished Parsing XDC File [/home/emanuel/workspace/mesh_vo/MultiPlatformDiffRenderer/src/backends/xrt/hls/build/xclbin/_x/link/vivado/vpl/prj/prj.gen/sources_1/bd/system/ip/system_axi_ic_zynq_ultra_ps_e_0_S_AXI_HP2_FPD_imp_s01_regslice_0/system_axi_ic_zynq_ultra_ps_e_0_S_AXI_HP2_FPD_imp_s01_regslice_0/system_axi_ic_zynq_ultra_ps_e_0_S_AXI_HP2_FPD_imp_s00_regslice_0_in_context.xdc] for cell 'system_i/axi_ic_zynq_ultra_ps_e_0_S_AXI_HP2_FPD/s01_couplers/s01_regslice'
Parsing XDC File [/home/emanuel/workspace/mesh_vo/MultiPlatformDiffRenderer/src/backends/xrt/hls/build/xclbin/_x/link/vivado/vpl/prj/prj.gen/sources_1/bd/system/ip/system_axi_ic_zynq_ultra_ps_e_0_S_AXI_HP2_FPD_imp_auto_us_df_1/system_axi_ic_zynq_ultra_ps_e_0_S_AXI_HP2_FPD_imp_auto_us_df_1/system_axi_ic_zynq_ultra_ps_e_0_S_AXI_HP2_FPD_imp_auto_us_df_3_in_context.xdc] for cell 'system_i/axi_ic_zynq_ultra_ps_e_0_S_AXI_HP2_FPD/s01_couplers/auto_us_df'
Finished Parsing XDC File [/home/emanuel/workspace/mesh_vo/MultiPlatformDiffRenderer/src/backends/xrt/hls/build/xclbin/_x/link/vivado/vpl/prj/prj.gen/sources_1/bd/system/ip/system_axi_ic_zynq_ultra_ps_e_0_S_AXI_HP2_FPD_imp_auto_us_df_1/system_axi_ic_zynq_ultra_ps_e_0_S_AXI_HP2_FPD_imp_auto_us_df_1/system_axi_ic_zynq_ultra_ps_e_0_S_AXI_HP2_FPD_imp_auto_us_df_3_in_context.xdc] for cell 'system_i/axi_ic_zynq_ultra_ps_e_0_S_AXI_HP2_FPD/s01_couplers/auto_us_df'
Parsing XDC File [/home/emanuel/workspace/mesh_vo/MultiPlatformDiffRenderer/src/backends/xrt/hls/build/xclbin/_x/link/vivado/vpl/prj/prj.gen/sources_1/bd/system/ip/system_axi_ic_zynq_ultra_ps_e_0_S_AXI_HP2_FPD_imp_s02_regslice_0/system_axi_ic_zynq_ultra_ps_e_0_S_AXI_HP2_FPD_imp_s02_regslice_0/system_axi_ic_zynq_ultra_ps_e_0_S_AXI_HP2_FPD_imp_s00_regslice_0_in_context.xdc] for cell 'system_i/axi_ic_zynq_ultra_ps_e_0_S_AXI_HP2_FPD/s02_couplers/s02_regslice'
Finished Parsing XDC File [/home/emanuel/workspace/mesh_vo/MultiPlatformDiffRenderer/src/backends/xrt/hls/build/xclbin/_x/link/vivado/vpl/prj/prj.gen/sources_1/bd/system/ip/system_axi_ic_zynq_ultra_ps_e_0_S_AXI_HP2_FPD_imp_s02_regslice_0/system_axi_ic_zynq_ultra_ps_e_0_S_AXI_HP2_FPD_imp_s02_regslice_0/system_axi_ic_zynq_ultra_ps_e_0_S_AXI_HP2_FPD_imp_s00_regslice_0_in_context.xdc] for cell 'system_i/axi_ic_zynq_ultra_ps_e_0_S_AXI_HP2_FPD/s02_couplers/s02_regslice'
Parsing XDC File [/home/emanuel/workspace/mesh_vo/MultiPlatformDiffRenderer/src/backends/xrt/hls/build/xclbin/_x/link/vivado/vpl/prj/prj.gen/sources_1/bd/system/ip/system_axi_ic_zynq_ultra_ps_e_0_S_AXI_HP2_FPD_imp_auto_us_df_2/system_axi_ic_zynq_ultra_ps_e_0_S_AXI_HP2_FPD_imp_auto_us_df_2/system_axi_ic_zynq_ultra_ps_e_0_S_AXI_HP2_FPD_imp_auto_us_df_3_in_context.xdc] for cell 'system_i/axi_ic_zynq_ultra_ps_e_0_S_AXI_HP2_FPD/s02_couplers/auto_us_df'
Finished Parsing XDC File [/home/emanuel/workspace/mesh_vo/MultiPlatformDiffRenderer/src/backends/xrt/hls/build/xclbin/_x/link/vivado/vpl/prj/prj.gen/sources_1/bd/system/ip/system_axi_ic_zynq_ultra_ps_e_0_S_AXI_HP2_FPD_imp_auto_us_df_2/system_axi_ic_zynq_ultra_ps_e_0_S_AXI_HP2_FPD_imp_auto_us_df_2/system_axi_ic_zynq_ultra_ps_e_0_S_AXI_HP2_FPD_imp_auto_us_df_3_in_context.xdc] for cell 'system_i/axi_ic_zynq_ultra_ps_e_0_S_AXI_HP2_FPD/s02_couplers/auto_us_df'
Parsing XDC File [/home/emanuel/workspace/mesh_vo/MultiPlatformDiffRenderer/src/backends/xrt/hls/build/xclbin/_x/link/vivado/vpl/prj/prj.gen/sources_1/bd/system/ip/system_axi_ic_zynq_ultra_ps_e_0_S_AXI_HP2_FPD_imp_s03_regslice_0/system_axi_ic_zynq_ultra_ps_e_0_S_AXI_HP2_FPD_imp_s03_regslice_0/system_axi_ic_zynq_ultra_ps_e_0_S_AXI_HP2_FPD_imp_s00_regslice_0_in_context.xdc] for cell 'system_i/axi_ic_zynq_ultra_ps_e_0_S_AXI_HP2_FPD/s03_couplers/s03_regslice'
Finished Parsing XDC File [/home/emanuel/workspace/mesh_vo/MultiPlatformDiffRenderer/src/backends/xrt/hls/build/xclbin/_x/link/vivado/vpl/prj/prj.gen/sources_1/bd/system/ip/system_axi_ic_zynq_ultra_ps_e_0_S_AXI_HP2_FPD_imp_s03_regslice_0/system_axi_ic_zynq_ultra_ps_e_0_S_AXI_HP2_FPD_imp_s03_regslice_0/system_axi_ic_zynq_ultra_ps_e_0_S_AXI_HP2_FPD_imp_s00_regslice_0_in_context.xdc] for cell 'system_i/axi_ic_zynq_ultra_ps_e_0_S_AXI_HP2_FPD/s03_couplers/s03_regslice'
Parsing XDC File [/home/emanuel/workspace/mesh_vo/MultiPlatformDiffRenderer/src/backends/xrt/hls/build/xclbin/_x/link/vivado/vpl/prj/prj.gen/sources_1/bd/system/ip/system_axi_ic_zynq_ultra_ps_e_0_S_AXI_HP2_FPD_imp_auto_us_df_3/system_axi_ic_zynq_ultra_ps_e_0_S_AXI_HP2_FPD_imp_auto_us_df_3/system_axi_ic_zynq_ultra_ps_e_0_S_AXI_HP2_FPD_imp_auto_us_df_3_in_context.xdc] for cell 'system_i/axi_ic_zynq_ultra_ps_e_0_S_AXI_HP2_FPD/s03_couplers/auto_us_df'
Finished Parsing XDC File [/home/emanuel/workspace/mesh_vo/MultiPlatformDiffRenderer/src/backends/xrt/hls/build/xclbin/_x/link/vivado/vpl/prj/prj.gen/sources_1/bd/system/ip/system_axi_ic_zynq_ultra_ps_e_0_S_AXI_HP2_FPD_imp_auto_us_df_3/system_axi_ic_zynq_ultra_ps_e_0_S_AXI_HP2_FPD_imp_auto_us_df_3/system_axi_ic_zynq_ultra_ps_e_0_S_AXI_HP2_FPD_imp_auto_us_df_3_in_context.xdc] for cell 'system_i/axi_ic_zynq_ultra_ps_e_0_S_AXI_HP2_FPD/s03_couplers/auto_us_df'
Parsing XDC File [/home/emanuel/workspace/mesh_vo/MultiPlatformDiffRenderer/src/backends/xrt/hls/build/xclbin/_x/link/vivado/vpl/prj/prj.gen/sources_1/bd/system/ip/system_axi_ic_zynq_ultra_ps_e_0_S_AXI_HP2_FPD_imp_s04_regslice_0/system_axi_ic_zynq_ultra_ps_e_0_S_AXI_HP2_FPD_imp_s04_regslice_0/system_axi_ic_zynq_ultra_ps_e_0_S_AXI_HP2_FPD_imp_s00_regslice_0_in_context.xdc] for cell 'system_i/axi_ic_zynq_ultra_ps_e_0_S_AXI_HP2_FPD/s04_couplers/s04_regslice'
Finished Parsing XDC File [/home/emanuel/workspace/mesh_vo/MultiPlatformDiffRenderer/src/backends/xrt/hls/build/xclbin/_x/link/vivado/vpl/prj/prj.gen/sources_1/bd/system/ip/system_axi_ic_zynq_ultra_ps_e_0_S_AXI_HP2_FPD_imp_s04_regslice_0/system_axi_ic_zynq_ultra_ps_e_0_S_AXI_HP2_FPD_imp_s04_regslice_0/system_axi_ic_zynq_ultra_ps_e_0_S_AXI_HP2_FPD_imp_s00_regslice_0_in_context.xdc] for cell 'system_i/axi_ic_zynq_ultra_ps_e_0_S_AXI_HP2_FPD/s04_couplers/s04_regslice'
Parsing XDC File [/home/emanuel/workspace/mesh_vo/MultiPlatformDiffRenderer/src/backends/xrt/hls/build/xclbin/_x/link/vivado/vpl/prj/prj.gen/sources_1/bd/system/ip/system_axi_ic_zynq_ultra_ps_e_0_S_AXI_HP2_FPD_imp_auto_us_df_4/system_axi_ic_zynq_ultra_ps_e_0_S_AXI_HP2_FPD_imp_auto_us_df_4/system_axi_ic_zynq_ultra_ps_e_0_S_AXI_HP2_FPD_imp_auto_us_df_3_in_context.xdc] for cell 'system_i/axi_ic_zynq_ultra_ps_e_0_S_AXI_HP2_FPD/s04_couplers/auto_us_df'
Finished Parsing XDC File [/home/emanuel/workspace/mesh_vo/MultiPlatformDiffRenderer/src/backends/xrt/hls/build/xclbin/_x/link/vivado/vpl/prj/prj.gen/sources_1/bd/system/ip/system_axi_ic_zynq_ultra_ps_e_0_S_AXI_HP2_FPD_imp_auto_us_df_4/system_axi_ic_zynq_ultra_ps_e_0_S_AXI_HP2_FPD_imp_auto_us_df_4/system_axi_ic_zynq_ultra_ps_e_0_S_AXI_HP2_FPD_imp_auto_us_df_3_in_context.xdc] for cell 'system_i/axi_ic_zynq_ultra_ps_e_0_S_AXI_HP2_FPD/s04_couplers/auto_us_df'
Parsing XDC File [/home/emanuel/workspace/mesh_vo/MultiPlatformDiffRenderer/src/backends/xrt/hls/build/xclbin/_x/link/vivado/vpl/prj/prj.gen/sources_1/bd/system/ip/system_axi_ic_zynq_ultra_ps_e_0_S_AXI_HP2_FPD_imp_s05_regslice_0/system_axi_ic_zynq_ultra_ps_e_0_S_AXI_HP2_FPD_imp_s05_regslice_0/system_axi_ic_zynq_ultra_ps_e_0_S_AXI_HP2_FPD_imp_s05_regslice_0_in_context.xdc] for cell 'system_i/axi_ic_zynq_ultra_ps_e_0_S_AXI_HP2_FPD/s05_couplers/s05_regslice'
Finished Parsing XDC File [/home/emanuel/workspace/mesh_vo/MultiPlatformDiffRenderer/src/backends/xrt/hls/build/xclbin/_x/link/vivado/vpl/prj/prj.gen/sources_1/bd/system/ip/system_axi_ic_zynq_ultra_ps_e_0_S_AXI_HP2_FPD_imp_s05_regslice_0/system_axi_ic_zynq_ultra_ps_e_0_S_AXI_HP2_FPD_imp_s05_regslice_0/system_axi_ic_zynq_ultra_ps_e_0_S_AXI_HP2_FPD_imp_s05_regslice_0_in_context.xdc] for cell 'system_i/axi_ic_zynq_ultra_ps_e_0_S_AXI_HP2_FPD/s05_couplers/s05_regslice'
Parsing XDC File [/home/emanuel/workspace/mesh_vo/MultiPlatformDiffRenderer/src/backends/xrt/hls/build/xclbin/_x/link/vivado/vpl/prj/prj.gen/sources_1/bd/system/ip/system_axi_ic_zynq_ultra_ps_e_0_S_AXI_HP2_FPD_imp_auto_us_df_5/system_axi_ic_zynq_ultra_ps_e_0_S_AXI_HP2_FPD_imp_auto_us_df_5/system_axi_ic_zynq_ultra_ps_e_0_S_AXI_HP2_FPD_imp_auto_us_df_5_in_context.xdc] for cell 'system_i/axi_ic_zynq_ultra_ps_e_0_S_AXI_HP2_FPD/s05_couplers/auto_us_df'
Finished Parsing XDC File [/home/emanuel/workspace/mesh_vo/MultiPlatformDiffRenderer/src/backends/xrt/hls/build/xclbin/_x/link/vivado/vpl/prj/prj.gen/sources_1/bd/system/ip/system_axi_ic_zynq_ultra_ps_e_0_S_AXI_HP2_FPD_imp_auto_us_df_5/system_axi_ic_zynq_ultra_ps_e_0_S_AXI_HP2_FPD_imp_auto_us_df_5/system_axi_ic_zynq_ultra_ps_e_0_S_AXI_HP2_FPD_imp_auto_us_df_5_in_context.xdc] for cell 'system_i/axi_ic_zynq_ultra_ps_e_0_S_AXI_HP2_FPD/s05_couplers/auto_us_df'
Parsing XDC File [/home/emanuel/workspace/mesh_vo/MultiPlatformDiffRenderer/src/backends/xrt/hls/build/xclbin/_x/link/vivado/vpl/prj/prj.gen/sources_1/bd/system/ip/system_axi_ic_zynq_ultra_ps_e_0_S_AXI_HP2_FPD_imp_m00_data_fifo_0/system_axi_ic_zynq_ultra_ps_e_0_S_AXI_HP2_FPD_imp_m00_data_fifo_0/system_axi_ic_zynq_ultra_ps_e_0_S_AXI_HP2_FPD_imp_m00_data_fifo_0_in_context.xdc] for cell 'system_i/axi_ic_zynq_ultra_ps_e_0_S_AXI_HP2_FPD/m00_couplers/m00_data_fifo'
Finished Parsing XDC File [/home/emanuel/workspace/mesh_vo/MultiPlatformDiffRenderer/src/backends/xrt/hls/build/xclbin/_x/link/vivado/vpl/prj/prj.gen/sources_1/bd/system/ip/system_axi_ic_zynq_ultra_ps_e_0_S_AXI_HP2_FPD_imp_m00_data_fifo_0/system_axi_ic_zynq_ultra_ps_e_0_S_AXI_HP2_FPD_imp_m00_data_fifo_0/system_axi_ic_zynq_ultra_ps_e_0_S_AXI_HP2_FPD_imp_m00_data_fifo_0_in_context.xdc] for cell 'system_i/axi_ic_zynq_ultra_ps_e_0_S_AXI_HP2_FPD/m00_couplers/m00_data_fifo'
Parsing XDC File [/home/emanuel/workspace/mesh_vo/MultiPlatformDiffRenderer/src/backends/xrt/hls/build/xclbin/_x/link/vivado/vpl/prj/prj.gen/sources_1/bd/system/ip/system_axi_ic_zynq_ultra_ps_e_0_S_AXI_HP2_FPD_imp_m00_regslice_0/system_axi_ic_zynq_ultra_ps_e_0_S_AXI_HP2_FPD_imp_m00_regslice_0/system_axi_ic_zynq_ultra_ps_e_0_S_AXI_HP2_FPD_imp_m00_regslice_0_in_context.xdc] for cell 'system_i/axi_ic_zynq_ultra_ps_e_0_S_AXI_HP2_FPD/m00_couplers/m00_regslice'
Finished Parsing XDC File [/home/emanuel/workspace/mesh_vo/MultiPlatformDiffRenderer/src/backends/xrt/hls/build/xclbin/_x/link/vivado/vpl/prj/prj.gen/sources_1/bd/system/ip/system_axi_ic_zynq_ultra_ps_e_0_S_AXI_HP2_FPD_imp_m00_regslice_0/system_axi_ic_zynq_ultra_ps_e_0_S_AXI_HP2_FPD_imp_m00_regslice_0/system_axi_ic_zynq_ultra_ps_e_0_S_AXI_HP2_FPD_imp_m00_regslice_0_in_context.xdc] for cell 'system_i/axi_ic_zynq_ultra_ps_e_0_S_AXI_HP2_FPD/m00_couplers/m00_regslice'
Parsing XDC File [/home/emanuel/workspace/mesh_vo/MultiPlatformDiffRenderer/src/backends/xrt/hls/build/xclbin/_x/link/vivado/vpl/prj/prj.runs/synth_1/dont_touch.xdc]
Finished Parsing XDC File [/home/emanuel/workspace/mesh_vo/MultiPlatformDiffRenderer/src/backends/xrt/hls/build/xclbin/_x/link/vivado/vpl/prj/prj.runs/synth_1/dont_touch.xdc]
Completed Processing XDC Constraints

Netlist sorting complete. Time (s): cpu = 00:00:00 ; elapsed = 00:00:00 . Memory (MB): peak = 2598.266 ; gain = 0.000 ; free physical = 8317 ; free virtual = 16555
INFO: [Project 1-111] Unisim Transformation Summary:
No Unisim elements were transformed.

Constraint Validation Runtime : Time (s): cpu = 00:00:00.01 ; elapsed = 00:00:00.01 . Memory (MB): peak = 2598.266 ; gain = 0.000 ; free physical = 8317 ; free virtual = 16555
---------------------------------------------------------------------------------
Finished Constraint Validation : Time (s): cpu = 00:00:16 ; elapsed = 00:00:16 . Memory (MB): peak = 2598.266 ; gain = 218.594 ; free physical = 8327 ; free virtual = 16565
---------------------------------------------------------------------------------
---------------------------------------------------------------------------------
Start Loading Part and Timing Information
---------------------------------------------------------------------------------
Loading part: xck26-sfvc784-2LV-c
INFO: [Synth 8-6742] Reading net delay rules and data
---------------------------------------------------------------------------------
Finished Loading Part and Timing Information : Time (s): cpu = 00:00:16 ; elapsed = 00:00:16 . Memory (MB): peak = 2598.266 ; gain = 218.594 ; free physical = 8327 ; free virtual = 16565
---------------------------------------------------------------------------------
---------------------------------------------------------------------------------
Start Applying 'set_property' XDC Constraints
---------------------------------------------------------------------------------
Applied set_property KEEP_HIERARCHY = SOFT for system_i. (constraint file  auto generated constraint).
Applied set_property KEEP_HIERARCHY = SOFT for system_i/zynq_ultra_ps_e_0. (constraint file  auto generated constraint).
Applied set_property KEEP_HIERARCHY = SOFT for system_i/clk_wiz_0. (constraint file  auto generated constraint).
Applied set_property KEEP_HIERARCHY = SOFT for system_i/proc_sys_reset_1. (constraint file  auto generated constraint).
Applied set_property KEEP_HIERARCHY = SOFT for system_i/proc_sys_reset_2. (constraint file  auto generated constraint).
Applied set_property KEEP_HIERARCHY = SOFT for system_i/proc_sys_reset_3. (constraint file  auto generated constraint).
Applied set_property KEEP_HIERARCHY = SOFT for system_i/axi_intc_0. (constraint file  auto generated constraint).
Applied set_property KEEP_HIERARCHY = SOFT for system_i/ps8_0_axi_periph/xbar. (constraint file  auto generated constraint).
Applied set_property KEEP_HIERARCHY = SOFT for system_i/ps8_0_axi_periph/s00_couplers/auto_pc. (constraint file  auto generated constraint).
Applied set_property KEEP_HIERARCHY = SOFT for system_i/ps8_0_axi_periph/m01_couplers/m01_regslice. (constraint file  auto generated constraint).
Applied set_property KEEP_HIERARCHY = SOFT for system_i/ps8_0_axi_periph. (constraint file  auto generated constraint).
Applied set_property KEEP_HIERARCHY = SOFT for system_i/ImageRenderHLS_1. (constraint file  auto generated constraint).
Applied set_property KEEP_HIERARCHY = SOFT for system_i/axi_ic_zynq_ultra_ps_e_0_S_AXI_HP2_FPD/xbar. (constraint file  auto generated constraint).
Applied set_property KEEP_HIERARCHY = SOFT for system_i/axi_ic_zynq_ultra_ps_e_0_S_AXI_HP2_FPD/s00_couplers/s00_regslice. (constraint file  auto generated constraint).
Applied set_property KEEP_HIERARCHY = SOFT for system_i/axi_ic_zynq_ultra_ps_e_0_S_AXI_HP2_FPD/s00_couplers/auto_us_df. (constraint file  auto generated constraint).
Applied set_property KEEP_HIERARCHY = SOFT for system_i/axi_ic_zynq_ultra_ps_e_0_S_AXI_HP2_FPD/s01_couplers/s01_regslice. (constraint file  auto generated constraint).
Applied set_property KEEP_HIERARCHY = SOFT for system_i/axi_ic_zynq_ultra_ps_e_0_S_AXI_HP2_FPD/s01_couplers/auto_us_df. (constraint file  auto generated constraint).
Applied set_property KEEP_HIERARCHY = SOFT for system_i/axi_ic_zynq_ultra_ps_e_0_S_AXI_HP2_FPD/s02_couplers/s02_regslice. (constraint file  auto generated constraint).
Applied set_property KEEP_HIERARCHY = SOFT for system_i/axi_ic_zynq_ultra_ps_e_0_S_AXI_HP2_FPD/s02_couplers/auto_us_df. (constraint file  auto generated constraint).
Applied set_property KEEP_HIERARCHY = SOFT for system_i/axi_ic_zynq_ultra_ps_e_0_S_AXI_HP2_FPD/s03_couplers/s03_regslice. (constraint file  auto generated constraint).
Applied set_property KEEP_HIERARCHY = SOFT for system_i/axi_ic_zynq_ultra_ps_e_0_S_AXI_HP2_FPD/s03_couplers/auto_us_df. (constraint file  auto generated constraint).
Applied set_property KEEP_HIERARCHY = SOFT for system_i/axi_ic_zynq_ultra_ps_e_0_S_AXI_HP2_FPD/s04_couplers/s04_regslice. (constraint file  auto generated constraint).
Applied set_property KEEP_HIERARCHY = SOFT for system_i/axi_ic_zynq_ultra_ps_e_0_S_AXI_HP2_FPD/s04_couplers/auto_us_df. (constraint file  auto generated constraint).
Applied set_property KEEP_HIERARCHY = SOFT for system_i/axi_ic_zynq_ultra_ps_e_0_S_AXI_HP2_FPD/s05_couplers/s05_regslice. (constraint file  auto generated constraint).
Applied set_property KEEP_HIERARCHY = SOFT for system_i/axi_ic_zynq_ultra_ps_e_0_S_AXI_HP2_FPD/s05_couplers/auto_us_df. (constraint file  auto generated constraint).
Applied set_property KEEP_HIERARCHY = SOFT for system_i/axi_ic_zynq_ultra_ps_e_0_S_AXI_HP2_FPD/m00_couplers/m00_data_fifo. (constraint file  auto generated constraint).
Applied set_property KEEP_HIERARCHY = SOFT for system_i/axi_ic_zynq_ultra_ps_e_0_S_AXI_HP2_FPD/m00_couplers/m00_regslice. (constraint file  auto generated constraint).
Applied set_property KEEP_HIERARCHY = SOFT for system_i/axi_ic_zynq_ultra_ps_e_0_S_AXI_HP2_FPD. (constraint file  auto generated constraint).
Applied set_property KEEP_HIERARCHY = SOFT for system_i/axi_intc_0_intr_1_interrupt_concat. (constraint file  auto generated constraint).
Applied set_property KEEP_HIERARCHY = SOFT for system_i/irq_const_tieoff. (constraint file  auto generated constraint).
---------------------------------------------------------------------------------
Finished applying 'set_property' XDC Constraints : Time (s): cpu = 00:00:16 ; elapsed = 00:00:16 . Memory (MB): peak = 2598.266 ; gain = 218.594 ; free physical = 8327 ; free virtual = 16565
---------------------------------------------------------------------------------
---------------------------------------------------------------------------------
Finished RTL Optimization Phase 2 : Time (s): cpu = 00:00:16 ; elapsed = 00:00:16 . Memory (MB): peak = 2598.266 ; gain = 218.594 ; free physical = 8325 ; free virtual = 16565
---------------------------------------------------------------------------------
---------------------------------------------------------------------------------
Start RTL Component Statistics 
---------------------------------------------------------------------------------
Detailed RTL Component Info : 
---------------------------------------------------------------------------------
Finished RTL Component Statistics 
---------------------------------------------------------------------------------
---------------------------------------------------------------------------------
Start Part Resource Summary
---------------------------------------------------------------------------------
Part Resources:
DSPs: 1248 (col length:96)
BRAMs: 288 (col length: RAMB18 96 RAMB36 48)
---------------------------------------------------------------------------------
Finished Part Resource Summary
---------------------------------------------------------------------------------
---------------------------------------------------------------------------------
Start Cross Boundary and Area Optimization
---------------------------------------------------------------------------------
WARNING: [Synth 8-7080] Parallel synthesis criteria is not met
---------------------------------------------------------------------------------
Finished Cross Boundary and Area Optimization : Time (s): cpu = 00:00:18 ; elapsed = 00:00:18 . Memory (MB): peak = 2598.266 ; gain = 218.594 ; free physical = 8324 ; free virtual = 16569
---------------------------------------------------------------------------------
---------------------------------------------------------------------------------
Start Applying XDC Timing Constraints
---------------------------------------------------------------------------------
---------------------------------------------------------------------------------
Finished Applying XDC Timing Constraints : Time (s): cpu = 00:00:27 ; elapsed = 00:00:27 . Memory (MB): peak = 3238.082 ; gain = 858.410 ; free physical = 7786 ; free virtual = 16039
---------------------------------------------------------------------------------
---------------------------------------------------------------------------------
Start Timing Optimization
---------------------------------------------------------------------------------
---------------------------------------------------------------------------------
Finished Timing Optimization : Time (s): cpu = 00:00:27 ; elapsed = 00:00:27 . Memory (MB): peak = 3238.082 ; gain = 858.410 ; free physical = 7786 ; free virtual = 16039
---------------------------------------------------------------------------------
---------------------------------------------------------------------------------
Start Technology Mapping
---------------------------------------------------------------------------------
---------------------------------------------------------------------------------
Finished Technology Mapping : Time (s): cpu = 00:00:27 ; elapsed = 00:00:27 . Memory (MB): peak = 3252.512 ; gain = 872.840 ; free physical = 7766 ; free virtual = 16019
---------------------------------------------------------------------------------
---------------------------------------------------------------------------------
Start IO Insertion
---------------------------------------------------------------------------------
---------------------------------------------------------------------------------
Start Flattening Before IO Insertion
---------------------------------------------------------------------------------
---------------------------------------------------------------------------------
Finished Flattening Before IO Insertion
---------------------------------------------------------------------------------
---------------------------------------------------------------------------------
Start Final Netlist Cleanup
---------------------------------------------------------------------------------
---------------------------------------------------------------------------------
Finished Final Netlist Cleanup
---------------------------------------------------------------------------------
---------------------------------------------------------------------------------
Finished IO Insertion : Time (s): cpu = 00:00:30 ; elapsed = 00:00:31 . Memory (MB): peak = 3410.324 ; gain = 1030.652 ; free physical = 7628 ; free virtual = 15895
---------------------------------------------------------------------------------
---------------------------------------------------------------------------------
Start Renaming Generated Instances
---------------------------------------------------------------------------------
---------------------------------------------------------------------------------
Finished Renaming Generated Instances : Time (s): cpu = 00:00:30 ; elapsed = 00:00:31 . Memory (MB): peak = 3410.324 ; gain = 1030.652 ; free physical = 7628 ; free virtual = 15895
---------------------------------------------------------------------------------
---------------------------------------------------------------------------------
Start Rebuilding User Hierarchy
---------------------------------------------------------------------------------
---------------------------------------------------------------------------------
Finished Rebuilding User Hierarchy : Time (s): cpu = 00:00:30 ; elapsed = 00:00:31 . Memory (MB): peak = 3410.324 ; gain = 1030.652 ; free physical = 7628 ; free virtual = 15895
---------------------------------------------------------------------------------
---------------------------------------------------------------------------------
Start Renaming Generated Ports
---------------------------------------------------------------------------------
---------------------------------------------------------------------------------
Finished Renaming Generated Ports : Time (s): cpu = 00:00:30 ; elapsed = 00:00:31 . Memory (MB): peak = 3410.324 ; gain = 1030.652 ; free physical = 7628 ; free virtual = 15895
---------------------------------------------------------------------------------
---------------------------------------------------------------------------------
Start Handling Custom Attributes
---------------------------------------------------------------------------------
---------------------------------------------------------------------------------
Finished Handling Custom Attributes : Time (s): cpu = 00:00:30 ; elapsed = 00:00:31 . Memory (MB): peak = 3410.324 ; gain = 1030.652 ; free physical = 7628 ; free virtual = 15895
---------------------------------------------------------------------------------
---------------------------------------------------------------------------------
Start Renaming Generated Nets
---------------------------------------------------------------------------------
---------------------------------------------------------------------------------
Finished Renaming Generated Nets : Time (s): cpu = 00:00:30 ; elapsed = 00:00:31 . Memory (MB): peak = 3410.324 ; gain = 1030.652 ; free physical = 7628 ; free virtual = 15895
---------------------------------------------------------------------------------
---------------------------------------------------------------------------------
Start Writing Synthesis Report
---------------------------------------------------------------------------------

Report BlackBoxes: 
+------+----------------------------------------------------------------------+----------+
|      |BlackBox name                                                         |Instances |
+------+----------------------------------------------------------------------+----------+
|1     |system_ImageRenderHLS_1_0                                             |         1|
|2     |system_axi_ic_zynq_ultra_ps_e_0_S_AXI_HP2_FPD_upgraded_ipi_imp_xbar_0 |         1|
|3     |system_axi_ic_zynq_ultra_ps_e_0_S_AXI_HP2_FPD_imp_m00_data_fifo_0     |         1|
|4     |system_axi_ic_zynq_ultra_ps_e_0_S_AXI_HP2_FPD_imp_m00_regslice_0      |         1|
|5     |system_axi_ic_zynq_ultra_ps_e_0_S_AXI_HP2_FPD_imp_auto_us_df_0        |         1|
|6     |system_axi_ic_zynq_ultra_ps_e_0_S_AXI_HP2_FPD_imp_s00_regslice_0      |         1|
|7     |system_axi_ic_zynq_ultra_ps_e_0_S_AXI_HP2_FPD_imp_auto_us_df_1        |         1|
|8     |system_axi_ic_zynq_ultra_ps_e_0_S_AXI_HP2_FPD_imp_s01_regslice_0      |         1|
|9     |system_axi_ic_zynq_ultra_ps_e_0_S_AXI_HP2_FPD_imp_auto_us_df_2        |         1|
|10    |system_axi_ic_zynq_ultra_ps_e_0_S_AXI_HP2_FPD_imp_s02_regslice_0      |         1|
|11    |system_axi_ic_zynq_ultra_ps_e_0_S_AXI_HP2_FPD_imp_auto_us_df_3        |         1|
|12    |system_axi_ic_zynq_ultra_ps_e_0_S_AXI_HP2_FPD_imp_s03_regslice_0      |         1|
|13    |system_axi_ic_zynq_ultra_ps_e_0_S_AXI_HP2_FPD_imp_auto_us_df_4        |         1|
|14    |system_axi_ic_zynq_ultra_ps_e_0_S_AXI_HP2_FPD_imp_s04_regslice_0      |         1|
|15    |system_axi_ic_zynq_ultra_ps_e_0_S_AXI_HP2_FPD_imp_auto_us_df_5        |         1|
|16    |system_axi_ic_zynq_ultra_ps_e_0_S_AXI_HP2_FPD_imp_s05_regslice_0      |         1|
|17    |system_axi_intc_0_0                                                   |         1|
|18    |system_clk_wiz_0_0                                                    |         1|
|19    |system_proc_sys_reset_1_0                                             |         1|
|20    |system_proc_sys_reset_2_0                                             |         1|
|21    |system_proc_sys_reset_3_0                                             |         1|
|22    |system_ps8_0_axi_periph_upgraded_ipi_imp_xbar_0                       |         1|
|23    |system_ps8_0_axi_periph_imp_m01_regslice_0                            |         1|
|24    |system_ps8_0_axi_periph_imp_auto_pc_0                                 |         1|
|25    |system_zynq_ultra_ps_e_0_0                                            |         1|
+------+----------------------------------------------------------------------+----------+

Report Cell Usage: 
+------+--------------------------------------------------------------------+------+
|      |Cell                                                                |Count |
+------+--------------------------------------------------------------------+------+
|1     |system_ImageRenderHLS_1                                             |     1|
|2     |system_axi_ic_zynq_ultra_ps_e_0_S_AXI_HP2_FPD_imp_auto_us_df        |     6|
|8     |system_axi_ic_zynq_ultra_ps_e_0_S_AXI_HP2_FPD_imp_m00_data_fifo     |     1|
|9     |system_axi_ic_zynq_ultra_ps_e_0_S_AXI_HP2_FPD_imp_m00_regslice      |     1|
|10    |system_axi_ic_zynq_ultra_ps_e_0_S_AXI_HP2_FPD_imp_s00_regslice      |     1|
|11    |system_axi_ic_zynq_ultra_ps_e_0_S_AXI_HP2_FPD_imp_s01_regslice      |     1|
|12    |system_axi_ic_zynq_ultra_ps_e_0_S_AXI_HP2_FPD_imp_s02_regslice      |     1|
|13    |system_axi_ic_zynq_ultra_ps_e_0_S_AXI_HP2_FPD_imp_s03_regslice      |     1|
|14    |system_axi_ic_zynq_ultra_ps_e_0_S_AXI_HP2_FPD_imp_s04_regslice      |     1|
|15    |system_axi_ic_zynq_ultra_ps_e_0_S_AXI_HP2_FPD_imp_s05_regslice      |     1|
|16    |system_axi_ic_zynq_ultra_ps_e_0_S_AXI_HP2_FPD_upgraded_ipi_imp_xbar |     1|
|17    |system_axi_intc_0                                                   |     1|
|18    |system_clk_wiz_0                                                    |     1|
|19    |system_proc_sys_reset_1                                             |     1|
|20    |system_proc_sys_reset_2                                             |     1|
|21    |system_proc_sys_reset_3                                             |     1|
|22    |system_ps8_0_axi_periph_imp_auto_pc                                 |     1|
|23    |system_ps8_0_axi_periph_imp_m01_regslice                            |     1|
|24    |system_ps8_0_axi_periph_upgraded_ipi_imp_xbar                       |     1|
|25    |system_zynq_ultra_ps_e_0                                            |     1|
+------+--------------------------------------------------------------------+------+
---------------------------------------------------------------------------------
Finished Writing Synthesis Report : Time (s): cpu = 00:00:30 ; elapsed = 00:00:31 . Memory (MB): peak = 3410.324 ; gain = 1030.652 ; free physical = 7628 ; free virtual = 15895
---------------------------------------------------------------------------------
Synthesis finished with 0 errors, 0 critical warnings and 33 warnings.
Synthesis Optimization Runtime : Time (s): cpu = 00:00:25 ; elapsed = 00:00:25 . Memory (MB): peak = 3410.324 ; gain = 1027.684 ; free physical = 7618 ; free virtual = 15885
Synthesis Optimization Complete : Time (s): cpu = 00:00:31 ; elapsed = 00:00:31 . Memory (MB): peak = 3410.324 ; gain = 1030.652 ; free physical = 7618 ; free virtual = 15885
INFO: [Project 1-571] Translating synthesized netlist
Netlist sorting complete. Time (s): cpu = 00:00:00.03 ; elapsed = 00:00:00.03 . Memory (MB): peak = 3410.324 ; gain = 0.000 ; free physical = 7784 ; free virtual = 16051
INFO: [Project 1-570] Preparing netlist for logic optimization
INFO: [Opt 31-138] Pushed 0 inverter(s) to 0 load pin(s).
Netlist sorting complete. Time (s): cpu = 00:00:00 ; elapsed = 00:00:00 . Memory (MB): peak = 3410.324 ; gain = 0.000 ; free physical = 7777 ; free virtual = 16046
INFO: [Project 1-111] Unisim Transformation Summary:
No Unisim elements were transformed.

Synth Design complete | Checksum: b8c7cd1f
INFO: [Common 17-83] Releasing license: Synthesis
107 Infos, 222 Warnings, 0 Critical Warnings and 0 Errors encountered.
synth_design completed successfully
synth_design: Time (s): cpu = 00:00:41 ; elapsed = 00:00:40 . Memory (MB): peak = 3410.324 ; gain = 1929.602 ; free physical = 7777 ; free virtual = 16046
INFO: [Common 17-2834] synth_design peak Physical Memory [PSS] (MB): overall = 2794.771; main = 2576.791; forked = 266.269
INFO: [Common 17-2834] synth_design peak Virtual Memory [VSS] (MB): overall = 4292.629; main = 3375.516; forked = 917.113
INFO: [Common 17-1381] The checkpoint '/home/emanuel/workspace/mesh_vo/MultiPlatformDiffRenderer/src/backends/xrt/hls/build/xclbin/_x/link/vivado/vpl/prj/prj.runs/synth_1/system_wrapper.dcp' has been generated.
INFO: [Common 17-206] Exiting Vivado at Thu Jan 22 12:44:21 2026...
