
*** Running vivado
    with args -log system_ImageRenderHLS_1_0.vds -m64 -product Vivado -mode batch -messageDb vivado.pb -notrace -source system_ImageRenderHLS_1_0.tcl


****** Vivado v2024.2 (64-bit)
  **** SW Build 5239630 on Fri Nov 08 22:34:34 MST 2024
  **** IP Build 5239520 on Sun Nov 10 16:12:51 MST 2024
  **** SharedData Build 5239561 on Fri Nov 08 14:39:27 MST 2024
  **** Start of session at: Thu Jan 22 12:35:23 2026
    ** Copyright 1986-2022 Xilinx, Inc. All Rights Reserved.
    ** Copyright 2022-2024 Advanced Micro Devices, Inc. All Rights Reserved.

source system_ImageRenderHLS_1_0.tcl -notrace
INFO: Dispatch client connection id - 36697
INFO: [IP_Flow 19-234] Refreshing IP repositories
INFO: [IP_Flow 19-1700] Loaded user IP repository '/home/emanuel/workspace/mesh_vo/MultiPlatformDiffRenderer/src/backends/xrt/hls/build/xclbin/_x/link/int/xo/ip_repo/xilinx_com_hls_ImageRenderHLS_1_0'.
INFO: [IP_Flow 19-1700] Loaded user IP repository '/home/emanuel/workspace/mesh_vo/MultiPlatformDiffRenderer/src/backends/xrt/hls/build/xclbin/_x/link/vivado/vpl/.local/hw_platform/ipcache'.
INFO: [IP_Flow 19-1700] Loaded user IP repository '/tools/Xilinx/Vitis/2024.2/data/ip'.
INFO: [IP_Flow 19-2313] Loaded Vivado IP repository '/tools/Xilinx/Vivado/2024.2/data/ip'.
INFO: [IP_Flow 19-6924] IPCACHE: Running cache check for IP inst: system_ImageRenderHLS_1_0
Command: synth_design -top system_ImageRenderHLS_1_0 -part xck26-sfvc784-2LV-c -directive sdx_optimization_effort_high -incremental_mode off -mode out_of_context
Starting synth_design
Attempting to get a license for feature 'Synthesis' and/or device 'xck26'
INFO: [Common 17-349] Got license for feature 'Synthesis' and/or device 'xck26'
INFO: [Device 21-403] Loading part xck26-sfvc784-2LV-c
INFO: [Synth 8-7079] Multithreading enabled for synth_design using a maximum of 1 processes.
INFO: [Synth 8-7078] Launching helper process for spawning children vivado processes
INFO: [Synth 8-7075] Helper process launched with PID 999240
---------------------------------------------------------------------------------
Starting RTL Elaboration : Time (s): cpu = 00:00:06 ; elapsed = 00:00:07 . Memory (MB): peak = 2446.184 ; gain = 126.688 ; free physical = 5281 ; free virtual = 13156
---------------------------------------------------------------------------------
INFO: [Synth 8-6157] synthesizing module 'system_ImageRenderHLS_1_0' [/home/emanuel/workspace/mesh_vo/MultiPlatformDiffRenderer/src/backends/xrt/hls/build/xclbin/_x/link/vivado/vpl/prj/prj.gen/sources_1/bd/system/ip/system_ImageRenderHLS_1_0/synth/system_ImageRenderHLS_1_0.v:53]
INFO: [Synth 8-6157] synthesizing module 'ImageRenderHLS' [/home/emanuel/workspace/mesh_vo/MultiPlatformDiffRenderer/src/backends/xrt/hls/build/xclbin/_x/link/vivado/vpl/prj/prj.gen/sources_1/bd/system/ipshared/9917/hdl/verilog/ImageRenderHLS.v:9]
INFO: [Synth 8-6157] synthesizing module 'ImageRenderHLS_Render' [/home/emanuel/workspace/mesh_vo/MultiPlatformDiffRenderer/src/backends/xrt/hls/build/xclbin/_x/link/vivado/vpl/prj/prj.gen/sources_1/bd/system/ipshared/9917/hdl/verilog/ImageRenderHLS_Render.v:9]
INFO: [Synth 8-6157] synthesizing module 'ImageRenderHLS_Render_mat_RAM_AUTO_1R1W' [/home/emanuel/workspace/mesh_vo/MultiPlatformDiffRenderer/src/backends/xrt/hls/build/xclbin/_x/link/vivado/vpl/prj/prj.gen/sources_1/bd/system/ipshared/9917/hdl/verilog/ImageRenderHLS_Render_mat_RAM_AUTO_1R1W.v:7]
INFO: [Synth 8-6155] done synthesizing module 'ImageRenderHLS_Render_mat_RAM_AUTO_1R1W' (0#1) [/home/emanuel/workspace/mesh_vo/MultiPlatformDiffRenderer/src/backends/xrt/hls/build/xclbin/_x/link/vivado/vpl/prj/prj.gen/sources_1/bd/system/ipshared/9917/hdl/verilog/ImageRenderHLS_Render_mat_RAM_AUTO_1R1W.v:7]
INFO: [Synth 8-6157] synthesizing module 'ImageRenderHLS_Render_mat_6_RAM_AUTO_1R1W' [/home/emanuel/workspace/mesh_vo/MultiPlatformDiffRenderer/src/backends/xrt/hls/build/xclbin/_x/link/vivado/vpl/prj/prj.gen/sources_1/bd/system/ipshared/9917/hdl/verilog/ImageRenderHLS_Render_mat_6_RAM_AUTO_1R1W.v:7]
INFO: [Synth 8-6155] done synthesizing module 'ImageRenderHLS_Render_mat_6_RAM_AUTO_1R1W' (0#1) [/home/emanuel/workspace/mesh_vo/MultiPlatformDiffRenderer/src/backends/xrt/hls/build/xclbin/_x/link/vivado/vpl/prj/prj.gen/sources_1/bd/system/ipshared/9917/hdl/verilog/ImageRenderHLS_Render_mat_6_RAM_AUTO_1R1W.v:7]
INFO: [Synth 8-6157] synthesizing module 'ImageRenderHLS_Render_Pipeline_se3_matrix_loop_r' [/home/emanuel/workspace/mesh_vo/MultiPlatformDiffRenderer/src/backends/xrt/hls/build/xclbin/_x/link/vivado/vpl/prj/prj.gen/sources_1/bd/system/ipshared/9917/hdl/verilog/ImageRenderHLS_Render_Pipeline_se3_matrix_loop_r.v:9]
INFO: [Synth 8-6157] synthesizing module 'ImageRenderHLS_sparsemux_7_2_32_1_1' [/home/emanuel/workspace/mesh_vo/MultiPlatformDiffRenderer/src/backends/xrt/hls/build/xclbin/_x/link/vivado/vpl/prj/prj.gen/sources_1/bd/system/ipshared/9917/hdl/verilog/ImageRenderHLS_sparsemux_7_2_32_1_1.v:9]
INFO: [Synth 8-6155] done synthesizing module 'ImageRenderHLS_sparsemux_7_2_32_1_1' (0#1) [/home/emanuel/workspace/mesh_vo/MultiPlatformDiffRenderer/src/backends/xrt/hls/build/xclbin/_x/link/vivado/vpl/prj/prj.gen/sources_1/bd/system/ipshared/9917/hdl/verilog/ImageRenderHLS_sparsemux_7_2_32_1_1.v:9]
INFO: [Synth 8-6157] synthesizing module 'ImageRenderHLS_mul_4ns_6ns_9_1_1' [/home/emanuel/workspace/mesh_vo/MultiPlatformDiffRenderer/src/backends/xrt/hls/build/xclbin/_x/link/vivado/vpl/prj/prj.gen/sources_1/bd/system/ipshared/9917/hdl/verilog/ImageRenderHLS_mul_4ns_6ns_9_1_1.v:5]
INFO: [Synth 8-6155] done synthesizing module 'ImageRenderHLS_mul_4ns_6ns_9_1_1' (0#1) [/home/emanuel/workspace/mesh_vo/MultiPlatformDiffRenderer/src/backends/xrt/hls/build/xclbin/_x/link/vivado/vpl/prj/prj.gen/sources_1/bd/system/ipshared/9917/hdl/verilog/ImageRenderHLS_mul_4ns_6ns_9_1_1.v:5]
INFO: [Synth 8-6157] synthesizing module 'ImageRenderHLS_flow_control_loop_pipe_sequential_init' [/home/emanuel/workspace/mesh_vo/MultiPlatformDiffRenderer/src/backends/xrt/hls/build/xclbin/_x/link/vivado/vpl/prj/prj.gen/sources_1/bd/system/ipshared/9917/hdl/verilog/ImageRenderHLS_flow_control_loop_pipe_sequential_init.v:11]
INFO: [Synth 8-6155] done synthesizing module 'ImageRenderHLS_flow_control_loop_pipe_sequential_init' (0#1) [/home/emanuel/workspace/mesh_vo/MultiPlatformDiffRenderer/src/backends/xrt/hls/build/xclbin/_x/link/vivado/vpl/prj/prj.gen/sources_1/bd/system/ipshared/9917/hdl/verilog/ImageRenderHLS_flow_control_loop_pipe_sequential_init.v:11]
INFO: [Synth 8-6155] done synthesizing module 'ImageRenderHLS_Render_Pipeline_se3_matrix_loop_r' (0#1) [/home/emanuel/workspace/mesh_vo/MultiPlatformDiffRenderer/src/backends/xrt/hls/build/xclbin/_x/link/vivado/vpl/prj/prj.gen/sources_1/bd/system/ipshared/9917/hdl/verilog/ImageRenderHLS_Render_Pipeline_se3_matrix_loop_r.v:9]
INFO: [Synth 8-6157] synthesizing module 'ImageRenderHLS_RenderTiledFragBuff2_Uniforms_InTextures_OutTextures_s' [/home/emanuel/workspace/mesh_vo/MultiPlatformDiffRenderer/src/backends/xrt/hls/build/xclbin/_x/link/vivado/vpl/prj/prj.gen/sources_1/bd/system/ipshared/9917/hdl/verilog/ImageRenderHLS_RenderTiledFragBuff2_Uniforms_InTextures_OutTextures_s.v:9]
INFO: [Synth 8-6157] synthesizing module 'ImageRenderHLS_RenderTiledFragBuff2_Uniforms_InTextures_OutTextures_s_mask_table_ROM_AUTO_1R' [/home/emanuel/workspace/mesh_vo/MultiPlatformDiffRenderer/src/backends/xrt/hls/build/xclbin/_x/link/vivado/vpl/prj/prj.gen/sources_1/bd/system/ipshared/9917/hdl/verilog/ImageRenderHLS_RenderTiledFragBuff2_Uniforms_InTextures_OutTextures_s_mask_table_ROM_AUTO_1R.v:7]
INFO: [Synth 8-3876] $readmem data file './ImageRenderHLS_RenderTiledFragBuff2_Uniforms_InTextures_OutTextures_s_mask_table_ROM_AUTO_1R.dat' is read successfully [/home/emanuel/workspace/mesh_vo/MultiPlatformDiffRenderer/src/backends/xrt/hls/build/xclbin/_x/link/vivado/vpl/prj/prj.gen/sources_1/bd/system/ipshared/9917/hdl/verilog/ImageRenderHLS_RenderTiledFragBuff2_Uniforms_InTextures_OutTextures_s_mask_table_ROM_AUTO_1R.v:33]
INFO: [Synth 8-6155] done synthesizing module 'ImageRenderHLS_RenderTiledFragBuff2_Uniforms_InTextures_OutTextures_s_mask_table_ROM_AUTO_1R' (0#1) [/home/emanuel/workspace/mesh_vo/MultiPlatformDiffRenderer/src/backends/xrt/hls/build/xclbin/_x/link/vivado/vpl/prj/prj.gen/sources_1/bd/system/ipshared/9917/hdl/verilog/ImageRenderHLS_RenderTiledFragBuff2_Uniforms_InTextures_OutTextures_s_mask_table_ROM_AUTO_1R.v:7]
INFO: [Synth 8-6157] synthesizing module 'ImageRenderHLS_RenderTiledFragBuff2_Uniforms_InTextures_OutTextures_s_triangle_buffer_screenibs' [/home/emanuel/workspace/mesh_vo/MultiPlatformDiffRenderer/src/backends/xrt/hls/build/xclbin/_x/link/vivado/vpl/prj/prj.gen/sources_1/bd/system/ipshared/9917/hdl/verilog/ImageRenderHLS_RenderTiledFragBuff2_Uniforms_InTextures_OutTextures_s_triangle_buffer_screenibs.v:7]
INFO: [Synth 8-6155] done synthesizing module 'ImageRenderHLS_RenderTiledFragBuff2_Uniforms_InTextures_OutTextures_s_triangle_buffer_screenibs' (0#1) [/home/emanuel/workspace/mesh_vo/MultiPlatformDiffRenderer/src/backends/xrt/hls/build/xclbin/_x/link/vivado/vpl/prj/prj.gen/sources_1/bd/system/ipshared/9917/hdl/verilog/ImageRenderHLS_RenderTiledFragBuff2_Uniforms_InTextures_OutTextures_s_triangle_buffer_screenibs.v:7]
INFO: [Synth 8-6157] synthesizing module 'ImageRenderHLS_RenderTiledFragBuff2_Uniforms_InTextures_OutTextures_s_fragment_buffer_RAM_AUDeQ' [/home/emanuel/workspace/mesh_vo/MultiPlatformDiffRenderer/src/backends/xrt/hls/build/xclbin/_x/link/vivado/vpl/prj/prj.gen/sources_1/bd/system/ipshared/9917/hdl/verilog/ImageRenderHLS_RenderTiledFragBuff2_Uniforms_InTextures_OutTextures_s_fragment_buffer_RAM_AUDeQ.v:7]
INFO: [Synth 8-6155] done synthesizing module 'ImageRenderHLS_RenderTiledFragBuff2_Uniforms_InTextures_OutTextures_s_fragment_buffer_RAM_AUDeQ' (0#1) [/home/emanuel/workspace/mesh_vo/MultiPlatformDiffRenderer/src/backends/xrt/hls/build/xclbin/_x/link/vivado/vpl/prj/prj.gen/sources_1/bd/system/ipshared/9917/hdl/verilog/ImageRenderHLS_RenderTiledFragBuff2_Uniforms_InTextures_OutTextures_s_fragment_buffer_RAM_AUDeQ.v:7]
INFO: [Synth 8-6157] synthesizing module 'ImageRenderHLS_RenderTiledFragBuff2_Pipeline_renderbase_reset_depth_buffer_loop' [/home/emanuel/workspace/mesh_vo/MultiPlatformDiffRenderer/src/backends/xrt/hls/build/xclbin/_x/link/vivado/vpl/prj/prj.gen/sources_1/bd/system/ipshared/9917/hdl/verilog/ImageRenderHLS_RenderTiledFragBuff2_Pipeline_renderbase_reset_depth_buffer_loop.v:9]
INFO: [Synth 8-6155] done synthesizing module 'ImageRenderHLS_RenderTiledFragBuff2_Pipeline_renderbase_reset_depth_buffer_loop' (0#1) [/home/emanuel/workspace/mesh_vo/MultiPlatformDiffRenderer/src/backends/xrt/hls/build/xclbin/_x/link/vivado/vpl/prj/prj.gen/sources_1/bd/system/ipshared/9917/hdl/verilog/ImageRenderHLS_RenderTiledFragBuff2_Pipeline_renderbase_reset_depth_buffer_loop.v:9]
INFO: [Synth 8-6157] synthesizing module 'ImageRenderHLS_get_triangles_BufferViewBase_BufferViewBase_Uniforms_s' [/home/emanuel/workspace/mesh_vo/MultiPlatformDiffRenderer/src/backends/xrt/hls/build/xclbin/_x/link/vivado/vpl/prj/prj.gen/sources_1/bd/system/ipshared/9917/hdl/verilog/ImageRenderHLS_get_triangles_BufferViewBase_BufferViewBase_Uniforms_s.v:9]
INFO: [Synth 8-6157] synthesizing module 'ImageRenderHLS_get_triangles_BufferViewBase_BufferViewBase_Uniforms_s_vertexdata_RAM_AUTO_1R1W' [/home/emanuel/workspace/mesh_vo/MultiPlatformDiffRenderer/src/backends/xrt/hls/build/xclbin/_x/link/vivado/vpl/prj/prj.gen/sources_1/bd/system/ipshared/9917/hdl/verilog/ImageRenderHLS_get_triangles_BufferViewBase_BufferViewBase_Uniforms_s_vertexdata_RAM_AUTO_1R1W.v:7]
INFO: [Synth 8-6155] done synthesizing module 'ImageRenderHLS_get_triangles_BufferViewBase_BufferViewBase_Uniforms_s_vertexdata_RAM_AUTO_1R1W' (0#1) [/home/emanuel/workspace/mesh_vo/MultiPlatformDiffRenderer/src/backends/xrt/hls/build/xclbin/_x/link/vivado/vpl/prj/prj.gen/sources_1/bd/system/ipshared/9917/hdl/verilog/ImageRenderHLS_get_triangles_BufferViewBase_BufferViewBase_Uniforms_s_vertexdata_RAM_AUTO_1R1W.v:7]
INFO: [Synth 8-6157] synthesizing module 'ImageRenderHLS_get_triangles_BufferViewBase_BufferViewBase_Uniforms_s_triangle_screen_RAM_AUdEe' [/home/emanuel/workspace/mesh_vo/MultiPlatformDiffRenderer/src/backends/xrt/hls/build/xclbin/_x/link/vivado/vpl/prj/prj.gen/sources_1/bd/system/ipshared/9917/hdl/verilog/ImageRenderHLS_get_triangles_BufferViewBase_BufferViewBase_Uniforms_s_triangle_screen_RAM_AUdEe.v:7]
INFO: [Synth 8-6155] done synthesizing module 'ImageRenderHLS_get_triangles_BufferViewBase_BufferViewBase_Uniforms_s_triangle_screen_RAM_AUdEe' (0#1) [/home/emanuel/workspace/mesh_vo/MultiPlatformDiffRenderer/src/backends/xrt/hls/build/xclbin/_x/link/vivado/vpl/prj/prj.gen/sources_1/bd/system/ipshared/9917/hdl/verilog/ImageRenderHLS_get_triangles_BufferViewBase_BufferViewBase_Uniforms_s_triangle_screen_RAM_AUdEe.v:7]
INFO: [Synth 8-6157] synthesizing module 'ImageRenderHLS_create_triangle_VertexData_Uniforms_s' [/home/emanuel/workspace/mesh_vo/MultiPlatformDiffRenderer/src/backends/xrt/hls/build/xclbin/_x/link/vivado/vpl/prj/prj.gen/sources_1/bd/system/ipshared/9917/hdl/verilog/ImageRenderHLS_create_triangle_VertexData_Uniforms_s.v:9]
INFO: [Synth 8-6157] synthesizing module 'ImageRenderHLS_fadd_32ns_32ns_32_8_full_dsp_1' [/home/emanuel/workspace/mesh_vo/MultiPlatformDiffRenderer/src/backends/xrt/hls/build/xclbin/_x/link/vivado/vpl/prj/prj.gen/sources_1/bd/system/ipshared/9917/hdl/verilog/ImageRenderHLS_fadd_32ns_32ns_32_8_full_dsp_1.v:9]
INFO: [Synth 8-6157] synthesizing module 'ImageRenderHLS_fadd_32ns_32ns_32_8_full_dsp_1_ip' [/home/emanuel/workspace/mesh_vo/MultiPlatformDiffRenderer/src/backends/xrt/hls/build/xclbin/_x/link/vivado/vpl/prj/prj.gen/sources_1/bd/system/ipshared/9917/hdl/ip/ImageRenderHLS_fadd_32ns_32ns_32_8_full_dsp_1_ip.v:53]
INFO: [Synth 8-6157] synthesizing module 'LUT1' [/tools/Xilinx/Vivado/2024.2/scripts/rt/data/unisim_comp.v:84087]
INFO: [Synth 8-6155] done synthesizing module 'LUT1' (0#1) [/tools/Xilinx/Vivado/2024.2/scripts/rt/data/unisim_comp.v:84087]
INFO: [Synth 8-6155] done synthesizing module 'ImageRenderHLS_fadd_32ns_32ns_32_8_full_dsp_1_ip' (0#1) [/home/emanuel/workspace/mesh_vo/MultiPlatformDiffRenderer/src/backends/xrt/hls/build/xclbin/_x/link/vivado/vpl/prj/prj.gen/sources_1/bd/system/ipshared/9917/hdl/ip/ImageRenderHLS_fadd_32ns_32ns_32_8_full_dsp_1_ip.v:53]
INFO: [Synth 8-6155] done synthesizing module 'ImageRenderHLS_fadd_32ns_32ns_32_8_full_dsp_1' (0#1) [/home/emanuel/workspace/mesh_vo/MultiPlatformDiffRenderer/src/backends/xrt/hls/build/xclbin/_x/link/vivado/vpl/prj/prj.gen/sources_1/bd/system/ipshared/9917/hdl/verilog/ImageRenderHLS_fadd_32ns_32ns_32_8_full_dsp_1.v:9]
INFO: [Synth 8-6157] synthesizing module 'ImageRenderHLS_fmul_32ns_32ns_32_5_max_dsp_1' [/home/emanuel/workspace/mesh_vo/MultiPlatformDiffRenderer/src/backends/xrt/hls/build/xclbin/_x/link/vivado/vpl/prj/prj.gen/sources_1/bd/system/ipshared/9917/hdl/verilog/ImageRenderHLS_fmul_32ns_32ns_32_5_max_dsp_1.v:9]
INFO: [Synth 8-6157] synthesizing module 'ImageRenderHLS_fmul_32ns_32ns_32_5_max_dsp_1_ip' [/home/emanuel/workspace/mesh_vo/MultiPlatformDiffRenderer/src/backends/xrt/hls/build/xclbin/_x/link/vivado/vpl/prj/prj.gen/sources_1/bd/system/ipshared/9917/hdl/ip/ImageRenderHLS_fmul_32ns_32ns_32_5_max_dsp_1_ip.v:53]
INFO: [Synth 8-6155] done synthesizing module 'ImageRenderHLS_fmul_32ns_32ns_32_5_max_dsp_1_ip' (0#1) [/home/emanuel/workspace/mesh_vo/MultiPlatformDiffRenderer/src/backends/xrt/hls/build/xclbin/_x/link/vivado/vpl/prj/prj.gen/sources_1/bd/system/ipshared/9917/hdl/ip/ImageRenderHLS_fmul_32ns_32ns_32_5_max_dsp_1_ip.v:53]
INFO: [Synth 8-6155] done synthesizing module 'ImageRenderHLS_fmul_32ns_32ns_32_5_max_dsp_1' (0#1) [/home/emanuel/workspace/mesh_vo/MultiPlatformDiffRenderer/src/backends/xrt/hls/build/xclbin/_x/link/vivado/vpl/prj/prj.gen/sources_1/bd/system/ipshared/9917/hdl/verilog/ImageRenderHLS_fmul_32ns_32ns_32_5_max_dsp_1.v:9]
INFO: [Synth 8-6155] done synthesizing module 'ImageRenderHLS_create_triangle_VertexData_Uniforms_s' (0#1) [/home/emanuel/workspace/mesh_vo/MultiPlatformDiffRenderer/src/backends/xrt/hls/build/xclbin/_x/link/vivado/vpl/prj/prj.gen/sources_1/bd/system/ipshared/9917/hdl/verilog/ImageRenderHLS_create_triangle_VertexData_Uniforms_s.v:9]
INFO: [Synth 8-6157] synthesizing module 'ImageRenderHLS_sitofp_32ns_32_6_no_dsp_1' [/home/emanuel/workspace/mesh_vo/MultiPlatformDiffRenderer/src/backends/xrt/hls/build/xclbin/_x/link/vivado/vpl/prj/prj.gen/sources_1/bd/system/ipshared/9917/hdl/verilog/ImageRenderHLS_sitofp_32ns_32_6_no_dsp_1.v:9]
INFO: [Synth 8-6157] synthesizing module 'ImageRenderHLS_sitofp_32ns_32_6_no_dsp_1_ip' [/home/emanuel/workspace/mesh_vo/MultiPlatformDiffRenderer/src/backends/xrt/hls/build/xclbin/_x/link/vivado/vpl/prj/prj.gen/sources_1/bd/system/ipshared/9917/hdl/ip/ImageRenderHLS_sitofp_32ns_32_6_no_dsp_1_ip.v:53]
INFO: [Synth 8-6155] done synthesizing module 'ImageRenderHLS_sitofp_32ns_32_6_no_dsp_1_ip' (0#1) [/home/emanuel/workspace/mesh_vo/MultiPlatformDiffRenderer/src/backends/xrt/hls/build/xclbin/_x/link/vivado/vpl/prj/prj.gen/sources_1/bd/system/ipshared/9917/hdl/ip/ImageRenderHLS_sitofp_32ns_32_6_no_dsp_1_ip.v:53]
INFO: [Synth 8-6155] done synthesizing module 'ImageRenderHLS_sitofp_32ns_32_6_no_dsp_1' (0#1) [/home/emanuel/workspace/mesh_vo/MultiPlatformDiffRenderer/src/backends/xrt/hls/build/xclbin/_x/link/vivado/vpl/prj/prj.gen/sources_1/bd/system/ipshared/9917/hdl/verilog/ImageRenderHLS_sitofp_32ns_32_6_no_dsp_1.v:9]
INFO: [Synth 8-6155] done synthesizing module 'ImageRenderHLS_get_triangles_BufferViewBase_BufferViewBase_Uniforms_s' (0#1) [/home/emanuel/workspace/mesh_vo/MultiPlatformDiffRenderer/src/backends/xrt/hls/build/xclbin/_x/link/vivado/vpl/prj/prj.gen/sources_1/bd/system/ipshared/9917/hdl/verilog/ImageRenderHLS_get_triangles_BufferViewBase_BufferViewBase_Uniforms_s.v:9]
INFO: [Synth 8-6157] synthesizing module 'ImageRenderHLS_render_tile_Fragment_Uniforms_InTextures_s' [/home/emanuel/workspace/mesh_vo/MultiPlatformDiffRenderer/src/backends/xrt/hls/build/xclbin/_x/link/vivado/vpl/prj/prj.gen/sources_1/bd/system/ipshared/9917/hdl/verilog/ImageRenderHLS_render_tile_Fragment_Uniforms_InTextures_s.v:9]
INFO: [Synth 8-6157] synthesizing module 'ImageRenderHLS_draw_triangle_InTextures_Uniforms_Fragment_s' [/home/emanuel/workspace/mesh_vo/MultiPlatformDiffRenderer/src/backends/xrt/hls/build/xclbin/_x/link/vivado/vpl/prj/prj.gen/sources_1/bd/system/ipshared/9917/hdl/verilog/ImageRenderHLS_draw_triangle_InTextures_Uniforms_Fragment_s.v:9]
INFO: [Synth 8-6157] synthesizing module 'ImageRenderHLS_draw_triangle_Pipeline_draw_triangle_y_loop_draw_triangle_x_loop' [/home/emanuel/workspace/mesh_vo/MultiPlatformDiffRenderer/src/backends/xrt/hls/build/xclbin/_x/link/vivado/vpl/prj/prj.gen/sources_1/bd/system/ipshared/9917/hdl/verilog/ImageRenderHLS_draw_triangle_Pipeline_draw_triangle_y_loop_draw_triangle_x_loop.v:9]
WARNING: [Synth 8-5974] attribute "use_dsp48" has been deprecated, please use "use_dsp" instead 
INFO: [Synth 8-6157] synthesizing module 'ImageRenderHLS_fragment_shader' [/home/emanuel/workspace/mesh_vo/MultiPlatformDiffRenderer/src/backends/xrt/hls/build/xclbin/_x/link/vivado/vpl/prj/prj.gen/sources_1/bd/system/ipshared/9917/hdl/verilog/ImageRenderHLS_fragment_shader.v:9]
INFO: [Synth 8-6157] synthesizing module 'ImageRenderHLS_fadd_32ns_32ns_32_8_full_dsp_1_x' [/home/emanuel/workspace/mesh_vo/MultiPlatformDiffRenderer/src/backends/xrt/hls/build/xclbin/_x/link/vivado/vpl/prj/prj.gen/sources_1/bd/system/ipshared/9917/hdl/verilog/ImageRenderHLS_fadd_32ns_32ns_32_8_full_dsp_1_x.v:9]
INFO: [Synth 8-6157] synthesizing module 'ImageRenderHLS_fadd_32ns_32ns_32_8_full_dsp_1_x_ip' [/home/emanuel/workspace/mesh_vo/MultiPlatformDiffRenderer/src/backends/xrt/hls/build/xclbin/_x/link/vivado/vpl/prj/prj.gen/sources_1/bd/system/ipshared/9917/hdl/ip/ImageRenderHLS_fadd_32ns_32ns_32_8_full_dsp_1_x_ip.v:53]
INFO: [Synth 8-6155] done synthesizing module 'ImageRenderHLS_fadd_32ns_32ns_32_8_full_dsp_1_x_ip' (0#1) [/home/emanuel/workspace/mesh_vo/MultiPlatformDiffRenderer/src/backends/xrt/hls/build/xclbin/_x/link/vivado/vpl/prj/prj.gen/sources_1/bd/system/ipshared/9917/hdl/ip/ImageRenderHLS_fadd_32ns_32ns_32_8_full_dsp_1_x_ip.v:53]
INFO: [Synth 8-6155] done synthesizing module 'ImageRenderHLS_fadd_32ns_32ns_32_8_full_dsp_1_x' (0#1) [/home/emanuel/workspace/mesh_vo/MultiPlatformDiffRenderer/src/backends/xrt/hls/build/xclbin/_x/link/vivado/vpl/prj/prj.gen/sources_1/bd/system/ipshared/9917/hdl/verilog/ImageRenderHLS_fadd_32ns_32ns_32_8_full_dsp_1_x.v:9]
INFO: [Synth 8-6157] synthesizing module 'ImageRenderHLS_fmul_32ns_32ns_32_5_max_dsp_1_x' [/home/emanuel/workspace/mesh_vo/MultiPlatformDiffRenderer/src/backends/xrt/hls/build/xclbin/_x/link/vivado/vpl/prj/prj.gen/sources_1/bd/system/ipshared/9917/hdl/verilog/ImageRenderHLS_fmul_32ns_32ns_32_5_max_dsp_1_x.v:9]
INFO: [Synth 8-6157] synthesizing module 'ImageRenderHLS_fmul_32ns_32ns_32_5_max_dsp_1_x_ip' [/home/emanuel/workspace/mesh_vo/MultiPlatformDiffRenderer/src/backends/xrt/hls/build/xclbin/_x/link/vivado/vpl/prj/prj.gen/sources_1/bd/system/ipshared/9917/hdl/ip/ImageRenderHLS_fmul_32ns_32ns_32_5_max_dsp_1_x_ip.v:53]
INFO: [Synth 8-6155] done synthesizing module 'ImageRenderHLS_fmul_32ns_32ns_32_5_max_dsp_1_x_ip' (0#1) [/home/emanuel/workspace/mesh_vo/MultiPlatformDiffRenderer/src/backends/xrt/hls/build/xclbin/_x/link/vivado/vpl/prj/prj.gen/sources_1/bd/system/ipshared/9917/hdl/ip/ImageRenderHLS_fmul_32ns_32ns_32_5_max_dsp_1_x_ip.v:53]
INFO: [Synth 8-6155] done synthesizing module 'ImageRenderHLS_fmul_32ns_32ns_32_5_max_dsp_1_x' (0#1) [/home/emanuel/workspace/mesh_vo/MultiPlatformDiffRenderer/src/backends/xrt/hls/build/xclbin/_x/link/vivado/vpl/prj/prj.gen/sources_1/bd/system/ipshared/9917/hdl/verilog/ImageRenderHLS_fmul_32ns_32ns_32_5_max_dsp_1_x.v:9]
INFO: [Synth 8-6157] synthesizing module 'ImageRenderHLS_fdiv_32ns_32ns_32_16_no_dsp_1_x' [/home/emanuel/workspace/mesh_vo/MultiPlatformDiffRenderer/src/backends/xrt/hls/build/xclbin/_x/link/vivado/vpl/prj/prj.gen/sources_1/bd/system/ipshared/9917/hdl/verilog/ImageRenderHLS_fdiv_32ns_32ns_32_16_no_dsp_1_x.v:9]
INFO: [Synth 8-6157] synthesizing module 'ImageRenderHLS_fdiv_32ns_32ns_32_16_no_dsp_1_x_ip' [/home/emanuel/workspace/mesh_vo/MultiPlatformDiffRenderer/src/backends/xrt/hls/build/xclbin/_x/link/vivado/vpl/prj/prj.gen/sources_1/bd/system/ipshared/9917/hdl/ip/ImageRenderHLS_fdiv_32ns_32ns_32_16_no_dsp_1_x_ip.v:53]
INFO: [Synth 8-6155] done synthesizing module 'ImageRenderHLS_fdiv_32ns_32ns_32_16_no_dsp_1_x_ip' (0#1) [/home/emanuel/workspace/mesh_vo/MultiPlatformDiffRenderer/src/backends/xrt/hls/build/xclbin/_x/link/vivado/vpl/prj/prj.gen/sources_1/bd/system/ipshared/9917/hdl/ip/ImageRenderHLS_fdiv_32ns_32ns_32_16_no_dsp_1_x_ip.v:53]
INFO: [Synth 8-6155] done synthesizing module 'ImageRenderHLS_fdiv_32ns_32ns_32_16_no_dsp_1_x' (0#1) [/home/emanuel/workspace/mesh_vo/MultiPlatformDiffRenderer/src/backends/xrt/hls/build/xclbin/_x/link/vivado/vpl/prj/prj.gen/sources_1/bd/system/ipshared/9917/hdl/verilog/ImageRenderHLS_fdiv_32ns_32ns_32_16_no_dsp_1_x.v:9]
INFO: [Synth 8-6157] synthesizing module 'ImageRenderHLS_uitofp_32ns_32_6_no_dsp_1' [/home/emanuel/workspace/mesh_vo/MultiPlatformDiffRenderer/src/backends/xrt/hls/build/xclbin/_x/link/vivado/vpl/prj/prj.gen/sources_1/bd/system/ipshared/9917/hdl/verilog/ImageRenderHLS_uitofp_32ns_32_6_no_dsp_1.v:9]
INFO: [Synth 8-6157] synthesizing module 'ImageRenderHLS_uitofp_32ns_32_6_no_dsp_1_ip' [/home/emanuel/workspace/mesh_vo/MultiPlatformDiffRenderer/src/backends/xrt/hls/build/xclbin/_x/link/vivado/vpl/prj/prj.gen/sources_1/bd/system/ipshared/9917/hdl/ip/ImageRenderHLS_uitofp_32ns_32_6_no_dsp_1_ip.v:53]
INFO: [Synth 8-6155] done synthesizing module 'ImageRenderHLS_uitofp_32ns_32_6_no_dsp_1_ip' (0#1) [/home/emanuel/workspace/mesh_vo/MultiPlatformDiffRenderer/src/backends/xrt/hls/build/xclbin/_x/link/vivado/vpl/prj/prj.gen/sources_1/bd/system/ipshared/9917/hdl/ip/ImageRenderHLS_uitofp_32ns_32_6_no_dsp_1_ip.v:53]
INFO: [Synth 8-6155] done synthesizing module 'ImageRenderHLS_uitofp_32ns_32_6_no_dsp_1' (0#1) [/home/emanuel/workspace/mesh_vo/MultiPlatformDiffRenderer/src/backends/xrt/hls/build/xclbin/_x/link/vivado/vpl/prj/prj.gen/sources_1/bd/system/ipshared/9917/hdl/verilog/ImageRenderHLS_uitofp_32ns_32_6_no_dsp_1.v:9]
INFO: [Synth 8-6157] synthesizing module 'ImageRenderHLS_sitofp_64ns_32_6_no_dsp_1' [/home/emanuel/workspace/mesh_vo/MultiPlatformDiffRenderer/src/backends/xrt/hls/build/xclbin/_x/link/vivado/vpl/prj/prj.gen/sources_1/bd/system/ipshared/9917/hdl/verilog/ImageRenderHLS_sitofp_64ns_32_6_no_dsp_1.v:9]
INFO: [Synth 8-6157] synthesizing module 'ImageRenderHLS_sitofp_64ns_32_6_no_dsp_1_ip' [/home/emanuel/workspace/mesh_vo/MultiPlatformDiffRenderer/src/backends/xrt/hls/build/xclbin/_x/link/vivado/vpl/prj/prj.gen/sources_1/bd/system/ipshared/9917/hdl/ip/ImageRenderHLS_sitofp_64ns_32_6_no_dsp_1_ip.v:53]
INFO: [Synth 8-6155] done synthesizing module 'ImageRenderHLS_sitofp_64ns_32_6_no_dsp_1_ip' (0#1) [/home/emanuel/workspace/mesh_vo/MultiPlatformDiffRenderer/src/backends/xrt/hls/build/xclbin/_x/link/vivado/vpl/prj/prj.gen/sources_1/bd/system/ipshared/9917/hdl/ip/ImageRenderHLS_sitofp_64ns_32_6_no_dsp_1_ip.v:53]
INFO: [Synth 8-6155] done synthesizing module 'ImageRenderHLS_sitofp_64ns_32_6_no_dsp_1' (0#1) [/home/emanuel/workspace/mesh_vo/MultiPlatformDiffRenderer/src/backends/xrt/hls/build/xclbin/_x/link/vivado/vpl/prj/prj.gen/sources_1/bd/system/ipshared/9917/hdl/verilog/ImageRenderHLS_sitofp_64ns_32_6_no_dsp_1.v:9]
INFO: [Synth 8-6157] synthesizing module 'ImageRenderHLS_fcmp_32ns_32ns_1_2_no_dsp_1_x' [/home/emanuel/workspace/mesh_vo/MultiPlatformDiffRenderer/src/backends/xrt/hls/build/xclbin/_x/link/vivado/vpl/prj/prj.gen/sources_1/bd/system/ipshared/9917/hdl/verilog/ImageRenderHLS_fcmp_32ns_32ns_1_2_no_dsp_1_x.v:9]
INFO: [Synth 8-6157] synthesizing module 'ImageRenderHLS_fcmp_32ns_32ns_1_2_no_dsp_1_x_ip' [/home/emanuel/workspace/mesh_vo/MultiPlatformDiffRenderer/src/backends/xrt/hls/build/xclbin/_x/link/vivado/vpl/prj/prj.gen/sources_1/bd/system/ipshared/9917/hdl/ip/ImageRenderHLS_fcmp_32ns_32ns_1_2_no_dsp_1_x_ip.v:53]
INFO: [Synth 8-6155] done synthesizing module 'ImageRenderHLS_fcmp_32ns_32ns_1_2_no_dsp_1_x_ip' (0#1) [/home/emanuel/workspace/mesh_vo/MultiPlatformDiffRenderer/src/backends/xrt/hls/build/xclbin/_x/link/vivado/vpl/prj/prj.gen/sources_1/bd/system/ipshared/9917/hdl/ip/ImageRenderHLS_fcmp_32ns_32ns_1_2_no_dsp_1_x_ip.v:53]
INFO: [Synth 8-6155] done synthesizing module 'ImageRenderHLS_fcmp_32ns_32ns_1_2_no_dsp_1_x' (0#1) [/home/emanuel/workspace/mesh_vo/MultiPlatformDiffRenderer/src/backends/xrt/hls/build/xclbin/_x/link/vivado/vpl/prj/prj.gen/sources_1/bd/system/ipshared/9917/hdl/verilog/ImageRenderHLS_fcmp_32ns_32ns_1_2_no_dsp_1_x.v:9]
INFO: [Synth 8-6157] synthesizing module 'ImageRenderHLS_fexp_32ns_32ns_32_13_full_dsp_1' [/home/emanuel/workspace/mesh_vo/MultiPlatformDiffRenderer/src/backends/xrt/hls/build/xclbin/_x/link/vivado/vpl/prj/prj.gen/sources_1/bd/system/ipshared/9917/hdl/verilog/ImageRenderHLS_fexp_32ns_32ns_32_13_full_dsp_1.v:9]
INFO: [Synth 8-6157] synthesizing module 'ImageRenderHLS_fexp_32ns_32ns_32_13_full_dsp_1_ip' [/home/emanuel/workspace/mesh_vo/MultiPlatformDiffRenderer/src/backends/xrt/hls/build/xclbin/_x/link/vivado/vpl/prj/prj.gen/sources_1/bd/system/ipshared/9917/hdl/ip/ImageRenderHLS_fexp_32ns_32ns_32_13_full_dsp_1_ip.v:53]
WARNING: [Synth 8-5974] attribute "use_dsp48" has been deprecated, please use "use_dsp" instead 
INFO: [Synth 8-6155] done synthesizing module 'ImageRenderHLS_fexp_32ns_32ns_32_13_full_dsp_1_ip' (0#1) [/home/emanuel/workspace/mesh_vo/MultiPlatformDiffRenderer/src/backends/xrt/hls/build/xclbin/_x/link/vivado/vpl/prj/prj.gen/sources_1/bd/system/ipshared/9917/hdl/ip/ImageRenderHLS_fexp_32ns_32ns_32_13_full_dsp_1_ip.v:53]
INFO: [Synth 8-6155] done synthesizing module 'ImageRenderHLS_fexp_32ns_32ns_32_13_full_dsp_1' (0#1) [/home/emanuel/workspace/mesh_vo/MultiPlatformDiffRenderer/src/backends/xrt/hls/build/xclbin/_x/link/vivado/vpl/prj/prj.gen/sources_1/bd/system/ipshared/9917/hdl/verilog/ImageRenderHLS_fexp_32ns_32ns_32_13_full_dsp_1.v:9]
INFO: [Synth 8-6157] synthesizing module 'ImageRenderHLS_mul_31ns_32ns_62_1_1' [/home/emanuel/workspace/mesh_vo/MultiPlatformDiffRenderer/src/backends/xrt/hls/build/xclbin/_x/link/vivado/vpl/prj/prj.gen/sources_1/bd/system/ipshared/9917/hdl/verilog/ImageRenderHLS_mul_31ns_32ns_62_1_1.v:5]
INFO: [Synth 8-6155] done synthesizing module 'ImageRenderHLS_mul_31ns_32ns_62_1_1' (0#1) [/home/emanuel/workspace/mesh_vo/MultiPlatformDiffRenderer/src/backends/xrt/hls/build/xclbin/_x/link/vivado/vpl/prj/prj.gen/sources_1/bd/system/ipshared/9917/hdl/verilog/ImageRenderHLS_mul_31ns_32ns_62_1_1.v:5]
INFO: [Synth 8-6155] done synthesizing module 'ImageRenderHLS_fragment_shader' (0#1) [/home/emanuel/workspace/mesh_vo/MultiPlatformDiffRenderer/src/backends/xrt/hls/build/xclbin/_x/link/vivado/vpl/prj/prj.gen/sources_1/bd/system/ipshared/9917/hdl/verilog/ImageRenderHLS_fragment_shader.v:9]
INFO: [Synth 8-6157] synthesizing module 'ImageRenderHLS_ama_submuladd_13ns_13ns_13s_13ns_13_4_1' [/home/emanuel/workspace/mesh_vo/MultiPlatformDiffRenderer/src/backends/xrt/hls/build/xclbin/_x/link/vivado/vpl/prj/prj.gen/sources_1/bd/system/ipshared/9917/hdl/verilog/ImageRenderHLS_ama_submuladd_13ns_13ns_13s_13ns_13_4_1.v:61]
INFO: [Synth 8-6157] synthesizing module 'ImageRenderHLS_ama_submuladd_13ns_13ns_13s_13ns_13_4_1_DSP48_0' [/home/emanuel/workspace/mesh_vo/MultiPlatformDiffRenderer/src/backends/xrt/hls/build/xclbin/_x/link/vivado/vpl/prj/prj.gen/sources_1/bd/system/ipshared/9917/hdl/verilog/ImageRenderHLS_ama_submuladd_13ns_13ns_13s_13ns_13_4_1.v:12]
INFO: [Synth 8-6155] done synthesizing module 'ImageRenderHLS_ama_submuladd_13ns_13ns_13s_13ns_13_4_1_DSP48_0' (0#1) [/home/emanuel/workspace/mesh_vo/MultiPlatformDiffRenderer/src/backends/xrt/hls/build/xclbin/_x/link/vivado/vpl/prj/prj.gen/sources_1/bd/system/ipshared/9917/hdl/verilog/ImageRenderHLS_ama_submuladd_13ns_13ns_13s_13ns_13_4_1.v:12]
INFO: [Synth 8-6155] done synthesizing module 'ImageRenderHLS_ama_submuladd_13ns_13ns_13s_13ns_13_4_1' (0#1) [/home/emanuel/workspace/mesh_vo/MultiPlatformDiffRenderer/src/backends/xrt/hls/build/xclbin/_x/link/vivado/vpl/prj/prj.gen/sources_1/bd/system/ipshared/9917/hdl/verilog/ImageRenderHLS_ama_submuladd_13ns_13ns_13s_13ns_13_4_1.v:61]
INFO: [Synth 8-6155] done synthesizing module 'ImageRenderHLS_draw_triangle_Pipeline_draw_triangle_y_loop_draw_triangle_x_loop' (0#1) [/home/emanuel/workspace/mesh_vo/MultiPlatformDiffRenderer/src/backends/xrt/hls/build/xclbin/_x/link/vivado/vpl/prj/prj.gen/sources_1/bd/system/ipshared/9917/hdl/verilog/ImageRenderHLS_draw_triangle_Pipeline_draw_triangle_y_loop_draw_triangle_x_loop.v:9]
INFO: [Synth 8-6157] synthesizing module 'ImageRenderHLS_fcmp_32ns_32ns_1_2_no_dsp_1' [/home/emanuel/workspace/mesh_vo/MultiPlatformDiffRenderer/src/backends/xrt/hls/build/xclbin/_x/link/vivado/vpl/prj/prj.gen/sources_1/bd/system/ipshared/9917/hdl/verilog/ImageRenderHLS_fcmp_32ns_32ns_1_2_no_dsp_1.v:9]
INFO: [Synth 8-6157] synthesizing module 'ImageRenderHLS_fcmp_32ns_32ns_1_2_no_dsp_1_ip' [/home/emanuel/workspace/mesh_vo/MultiPlatformDiffRenderer/src/backends/xrt/hls/build/xclbin/_x/link/vivado/vpl/prj/prj.gen/sources_1/bd/system/ipshared/9917/hdl/ip/ImageRenderHLS_fcmp_32ns_32ns_1_2_no_dsp_1_ip.v:53]
INFO: [Synth 8-6155] done synthesizing module 'ImageRenderHLS_fcmp_32ns_32ns_1_2_no_dsp_1_ip' (0#1) [/home/emanuel/workspace/mesh_vo/MultiPlatformDiffRenderer/src/backends/xrt/hls/build/xclbin/_x/link/vivado/vpl/prj/prj.gen/sources_1/bd/system/ipshared/9917/hdl/ip/ImageRenderHLS_fcmp_32ns_32ns_1_2_no_dsp_1_ip.v:53]
INFO: [Synth 8-6155] done synthesizing module 'ImageRenderHLS_fcmp_32ns_32ns_1_2_no_dsp_1' (0#1) [/home/emanuel/workspace/mesh_vo/MultiPlatformDiffRenderer/src/backends/xrt/hls/build/xclbin/_x/link/vivado/vpl/prj/prj.gen/sources_1/bd/system/ipshared/9917/hdl/verilog/ImageRenderHLS_fcmp_32ns_32ns_1_2_no_dsp_1.v:9]
INFO: [Synth 8-6157] synthesizing module 'ImageRenderHLS_mul_31ns_31ns_62_1_1' [/home/emanuel/workspace/mesh_vo/MultiPlatformDiffRenderer/src/backends/xrt/hls/build/xclbin/_x/link/vivado/vpl/prj/prj.gen/sources_1/bd/system/ipshared/9917/hdl/verilog/ImageRenderHLS_mul_31ns_31ns_62_1_1.v:5]
INFO: [Synth 8-6155] done synthesizing module 'ImageRenderHLS_mul_31ns_31ns_62_1_1' (0#1) [/home/emanuel/workspace/mesh_vo/MultiPlatformDiffRenderer/src/backends/xrt/hls/build/xclbin/_x/link/vivado/vpl/prj/prj.gen/sources_1/bd/system/ipshared/9917/hdl/verilog/ImageRenderHLS_mul_31ns_31ns_62_1_1.v:5]
INFO: [Synth 8-6157] synthesizing module 'ImageRenderHLS_sparsemux_7_2_1_1_1' [/home/emanuel/workspace/mesh_vo/MultiPlatformDiffRenderer/src/backends/xrt/hls/build/xclbin/_x/link/vivado/vpl/prj/prj.gen/sources_1/bd/system/ipshared/9917/hdl/verilog/ImageRenderHLS_sparsemux_7_2_1_1_1.v:9]
INFO: [Synth 8-6155] done synthesizing module 'ImageRenderHLS_sparsemux_7_2_1_1_1' (0#1) [/home/emanuel/workspace/mesh_vo/MultiPlatformDiffRenderer/src/backends/xrt/hls/build/xclbin/_x/link/vivado/vpl/prj/prj.gen/sources_1/bd/system/ipshared/9917/hdl/verilog/ImageRenderHLS_sparsemux_7_2_1_1_1.v:9]
INFO: [Synth 8-6155] done synthesizing module 'ImageRenderHLS_draw_triangle_InTextures_Uniforms_Fragment_s' (0#1) [/home/emanuel/workspace/mesh_vo/MultiPlatformDiffRenderer/src/backends/xrt/hls/build/xclbin/_x/link/vivado/vpl/prj/prj.gen/sources_1/bd/system/ipshared/9917/hdl/verilog/ImageRenderHLS_draw_triangle_InTextures_Uniforms_Fragment_s.v:9]
INFO: [Synth 8-6155] done synthesizing module 'ImageRenderHLS_render_tile_Fragment_Uniforms_InTextures_s' (0#1) [/home/emanuel/workspace/mesh_vo/MultiPlatformDiffRenderer/src/backends/xrt/hls/build/xclbin/_x/link/vivado/vpl/prj/prj.gen/sources_1/bd/system/ipshared/9917/hdl/verilog/ImageRenderHLS_render_tile_Fragment_Uniforms_InTextures_s.v:9]
INFO: [Synth 8-6157] synthesizing module 'ImageRenderHLS_RenderTiledFragBuff2_Pipeline_depthrendererbase_sync_outtexture_y_loop_depthrend' [/home/emanuel/workspace/mesh_vo/MultiPlatformDiffRenderer/src/backends/xrt/hls/build/xclbin/_x/link/vivado/vpl/prj/prj.gen/sources_1/bd/system/ipshared/9917/hdl/verilog/ImageRenderHLS_RenderTiledFragBuff2_Pipeline_depthrendererbase_sync_outtexture_y_loop_depthrend.v:9]
INFO: [Synth 8-6157] synthesizing module 'ImageRenderHLS_mul_32ns_32ns_62_1_1' [/home/emanuel/workspace/mesh_vo/MultiPlatformDiffRenderer/src/backends/xrt/hls/build/xclbin/_x/link/vivado/vpl/prj/prj.gen/sources_1/bd/system/ipshared/9917/hdl/verilog/ImageRenderHLS_mul_32ns_32ns_62_1_1.v:5]
INFO: [Synth 8-6155] done synthesizing module 'ImageRenderHLS_mul_32ns_32ns_62_1_1' (0#1) [/home/emanuel/workspace/mesh_vo/MultiPlatformDiffRenderer/src/backends/xrt/hls/build/xclbin/_x/link/vivado/vpl/prj/prj.gen/sources_1/bd/system/ipshared/9917/hdl/verilog/ImageRenderHLS_mul_32ns_32ns_62_1_1.v:5]
INFO: [Synth 8-6157] synthesizing module 'ImageRenderHLS_mac_muladd_13s_13s_13ns_13_4_1' [/home/emanuel/workspace/mesh_vo/MultiPlatformDiffRenderer/src/backends/xrt/hls/build/xclbin/_x/link/vivado/vpl/prj/prj.gen/sources_1/bd/system/ipshared/9917/hdl/verilog/ImageRenderHLS_mac_muladd_13s_13s_13ns_13_4_1.v:54]
INFO: [Synth 8-6157] synthesizing module 'ImageRenderHLS_mac_muladd_13s_13s_13ns_13_4_1_DSP48_0' [/home/emanuel/workspace/mesh_vo/MultiPlatformDiffRenderer/src/backends/xrt/hls/build/xclbin/_x/link/vivado/vpl/prj/prj.gen/sources_1/bd/system/ipshared/9917/hdl/verilog/ImageRenderHLS_mac_muladd_13s_13s_13ns_13_4_1.v:11]
INFO: [Synth 8-6155] done synthesizing module 'ImageRenderHLS_mac_muladd_13s_13s_13ns_13_4_1_DSP48_0' (0#1) [/home/emanuel/workspace/mesh_vo/MultiPlatformDiffRenderer/src/backends/xrt/hls/build/xclbin/_x/link/vivado/vpl/prj/prj.gen/sources_1/bd/system/ipshared/9917/hdl/verilog/ImageRenderHLS_mac_muladd_13s_13s_13ns_13_4_1.v:11]
INFO: [Synth 8-6155] done synthesizing module 'ImageRenderHLS_mac_muladd_13s_13s_13ns_13_4_1' (0#1) [/home/emanuel/workspace/mesh_vo/MultiPlatformDiffRenderer/src/backends/xrt/hls/build/xclbin/_x/link/vivado/vpl/prj/prj.gen/sources_1/bd/system/ipshared/9917/hdl/verilog/ImageRenderHLS_mac_muladd_13s_13s_13ns_13_4_1.v:54]
INFO: [Synth 8-6155] done synthesizing module 'ImageRenderHLS_RenderTiledFragBuff2_Pipeline_depthrendererbase_sync_outtexture_y_loop_depthrend' (0#1) [/home/emanuel/workspace/mesh_vo/MultiPlatformDiffRenderer/src/backends/xrt/hls/build/xclbin/_x/link/vivado/vpl/prj/prj.gen/sources_1/bd/system/ipshared/9917/hdl/verilog/ImageRenderHLS_RenderTiledFragBuff2_Pipeline_depthrendererbase_sync_outtexture_y_loop_depthrend.v:9]
INFO: [Synth 8-6157] synthesizing module 'ImageRenderHLS_fdiv_32ns_32ns_32_16_no_dsp_1' [/home/emanuel/workspace/mesh_vo/MultiPlatformDiffRenderer/src/backends/xrt/hls/build/xclbin/_x/link/vivado/vpl/prj/prj.gen/sources_1/bd/system/ipshared/9917/hdl/verilog/ImageRenderHLS_fdiv_32ns_32ns_32_16_no_dsp_1.v:9]
INFO: [Synth 8-6157] synthesizing module 'ImageRenderHLS_fdiv_32ns_32ns_32_16_no_dsp_1_ip' [/home/emanuel/workspace/mesh_vo/MultiPlatformDiffRenderer/src/backends/xrt/hls/build/xclbin/_x/link/vivado/vpl/prj/prj.gen/sources_1/bd/system/ipshared/9917/hdl/ip/ImageRenderHLS_fdiv_32ns_32ns_32_16_no_dsp_1_ip.v:53]
INFO: [Synth 8-6155] done synthesizing module 'ImageRenderHLS_fdiv_32ns_32ns_32_16_no_dsp_1_ip' (0#1) [/home/emanuel/workspace/mesh_vo/MultiPlatformDiffRenderer/src/backends/xrt/hls/build/xclbin/_x/link/vivado/vpl/prj/prj.gen/sources_1/bd/system/ipshared/9917/hdl/ip/ImageRenderHLS_fdiv_32ns_32ns_32_16_no_dsp_1_ip.v:53]
INFO: [Synth 8-6155] done synthesizing module 'ImageRenderHLS_fdiv_32ns_32ns_32_16_no_dsp_1' (0#1) [/home/emanuel/workspace/mesh_vo/MultiPlatformDiffRenderer/src/backends/xrt/hls/build/xclbin/_x/link/vivado/vpl/prj/prj.gen/sources_1/bd/system/ipshared/9917/hdl/verilog/ImageRenderHLS_fdiv_32ns_32ns_32_16_no_dsp_1.v:9]
INFO: [Synth 8-6157] synthesizing module 'ImageRenderHLS_sparsemux_9_3_32_1_1' [/home/emanuel/workspace/mesh_vo/MultiPlatformDiffRenderer/src/backends/xrt/hls/build/xclbin/_x/link/vivado/vpl/prj/prj.gen/sources_1/bd/system/ipshared/9917/hdl/verilog/ImageRenderHLS_sparsemux_9_3_32_1_1.v:9]
INFO: [Synth 8-6155] done synthesizing module 'ImageRenderHLS_sparsemux_9_3_32_1_1' (0#1) [/home/emanuel/workspace/mesh_vo/MultiPlatformDiffRenderer/src/backends/xrt/hls/build/xclbin/_x/link/vivado/vpl/prj/prj.gen/sources_1/bd/system/ipshared/9917/hdl/verilog/ImageRenderHLS_sparsemux_9_3_32_1_1.v:9]
INFO: [Synth 8-6155] done synthesizing module 'ImageRenderHLS_RenderTiledFragBuff2_Uniforms_InTextures_OutTextures_s' (0#1) [/home/emanuel/workspace/mesh_vo/MultiPlatformDiffRenderer/src/backends/xrt/hls/build/xclbin/_x/link/vivado/vpl/prj/prj.gen/sources_1/bd/system/ipshared/9917/hdl/verilog/ImageRenderHLS_RenderTiledFragBuff2_Uniforms_InTextures_OutTextures_s.v:9]
INFO: [Synth 8-6157] synthesizing module 'ImageRenderHLS_faddfsub_32ns_32ns_32_8_full_dsp_1' [/home/emanuel/workspace/mesh_vo/MultiPlatformDiffRenderer/src/backends/xrt/hls/build/xclbin/_x/link/vivado/vpl/prj/prj.gen/sources_1/bd/system/ipshared/9917/hdl/verilog/ImageRenderHLS_faddfsub_32ns_32ns_32_8_full_dsp_1.v:9]
INFO: [Synth 8-6157] synthesizing module 'ImageRenderHLS_faddfsub_32ns_32ns_32_8_full_dsp_1_ip' [/home/emanuel/workspace/mesh_vo/MultiPlatformDiffRenderer/src/backends/xrt/hls/build/xclbin/_x/link/vivado/vpl/prj/prj.gen/sources_1/bd/system/ipshared/9917/hdl/ip/ImageRenderHLS_faddfsub_32ns_32ns_32_8_full_dsp_1_ip.v:53]
INFO: [Synth 8-6155] done synthesizing module 'ImageRenderHLS_faddfsub_32ns_32ns_32_8_full_dsp_1_ip' (0#1) [/home/emanuel/workspace/mesh_vo/MultiPlatformDiffRenderer/src/backends/xrt/hls/build/xclbin/_x/link/vivado/vpl/prj/prj.gen/sources_1/bd/system/ipshared/9917/hdl/ip/ImageRenderHLS_faddfsub_32ns_32ns_32_8_full_dsp_1_ip.v:53]
INFO: [Synth 8-6155] done synthesizing module 'ImageRenderHLS_faddfsub_32ns_32ns_32_8_full_dsp_1' (0#1) [/home/emanuel/workspace/mesh_vo/MultiPlatformDiffRenderer/src/backends/xrt/hls/build/xclbin/_x/link/vivado/vpl/prj/prj.gen/sources_1/bd/system/ipshared/9917/hdl/verilog/ImageRenderHLS_faddfsub_32ns_32ns_32_8_full_dsp_1.v:9]
INFO: [Synth 8-6155] done synthesizing module 'ImageRenderHLS_Render' (0#1) [/home/emanuel/workspace/mesh_vo/MultiPlatformDiffRenderer/src/backends/xrt/hls/build/xclbin/_x/link/vivado/vpl/prj/prj.gen/sources_1/bd/system/ipshared/9917/hdl/verilog/ImageRenderHLS_Render.v:9]
INFO: [Synth 8-6157] synthesizing module 'ImageRenderHLS_control_s_axi' [/home/emanuel/workspace/mesh_vo/MultiPlatformDiffRenderer/src/backends/xrt/hls/build/xclbin/_x/link/vivado/vpl/prj/prj.gen/sources_1/bd/system/ipshared/9917/hdl/verilog/ImageRenderHLS_control_s_axi.v:9]
INFO: [Synth 8-155] case statement is not full and has no default [/home/emanuel/workspace/mesh_vo/MultiPlatformDiffRenderer/src/backends/xrt/hls/build/xclbin/_x/link/vivado/vpl/prj/prj.gen/sources_1/bd/system/ipshared/9917/hdl/verilog/ImageRenderHLS_control_s_axi.v:431]
INFO: [Synth 8-6155] done synthesizing module 'ImageRenderHLS_control_s_axi' (0#1) [/home/emanuel/workspace/mesh_vo/MultiPlatformDiffRenderer/src/backends/xrt/hls/build/xclbin/_x/link/vivado/vpl/prj/prj.gen/sources_1/bd/system/ipshared/9917/hdl/verilog/ImageRenderHLS_control_s_axi.v:9]
INFO: [Synth 8-6157] synthesizing module 'ImageRenderHLS_gmem0_m_axi' [/home/emanuel/workspace/mesh_vo/MultiPlatformDiffRenderer/src/backends/xrt/hls/build/xclbin/_x/link/vivado/vpl/prj/prj.gen/sources_1/bd/system/ipshared/9917/hdl/verilog/ImageRenderHLS_gmem0_m_axi.v:12]
INFO: [Synth 8-6157] synthesizing module 'ImageRenderHLS_gmem0_m_axi_load' [/home/emanuel/workspace/mesh_vo/MultiPlatformDiffRenderer/src/backends/xrt/hls/build/xclbin/_x/link/vivado/vpl/prj/prj.gen/sources_1/bd/system/ipshared/9917/hdl/verilog/ImageRenderHLS_gmem0_m_axi.v:245]
INFO: [Synth 8-6157] synthesizing module 'ImageRenderHLS_gmem0_m_axi_fifo' [/home/emanuel/workspace/mesh_vo/MultiPlatformDiffRenderer/src/backends/xrt/hls/build/xclbin/_x/link/vivado/vpl/prj/prj.gen/sources_1/bd/system/ipshared/9917/hdl/verilog/ImageRenderHLS_gmem0_m_axi.v:2501]
INFO: [Synth 8-6157] synthesizing module 'ImageRenderHLS_gmem0_m_axi_srl' [/home/emanuel/workspace/mesh_vo/MultiPlatformDiffRenderer/src/backends/xrt/hls/build/xclbin/_x/link/vivado/vpl/prj/prj.gen/sources_1/bd/system/ipshared/9917/hdl/verilog/ImageRenderHLS_gmem0_m_axi.v:2679]
INFO: [Synth 8-6155] done synthesizing module 'ImageRenderHLS_gmem0_m_axi_srl' (0#1) [/home/emanuel/workspace/mesh_vo/MultiPlatformDiffRenderer/src/backends/xrt/hls/build/xclbin/_x/link/vivado/vpl/prj/prj.gen/sources_1/bd/system/ipshared/9917/hdl/verilog/ImageRenderHLS_gmem0_m_axi.v:2679]
INFO: [Synth 8-6155] done synthesizing module 'ImageRenderHLS_gmem0_m_axi_fifo' (0#1) [/home/emanuel/workspace/mesh_vo/MultiPlatformDiffRenderer/src/backends/xrt/hls/build/xclbin/_x/link/vivado/vpl/prj/prj.gen/sources_1/bd/system/ipshared/9917/hdl/verilog/ImageRenderHLS_gmem0_m_axi.v:2501]
INFO: [Synth 8-6157] synthesizing module 'ImageRenderHLS_gmem0_m_axi_fifo__parameterized0' [/home/emanuel/workspace/mesh_vo/MultiPlatformDiffRenderer/src/backends/xrt/hls/build/xclbin/_x/link/vivado/vpl/prj/prj.gen/sources_1/bd/system/ipshared/9917/hdl/verilog/ImageRenderHLS_gmem0_m_axi.v:2501]
INFO: [Synth 8-6157] synthesizing module 'ImageRenderHLS_gmem0_m_axi_mem' [/home/emanuel/workspace/mesh_vo/MultiPlatformDiffRenderer/src/backends/xrt/hls/build/xclbin/_x/link/vivado/vpl/prj/prj.gen/sources_1/bd/system/ipshared/9917/hdl/verilog/ImageRenderHLS_gmem0_m_axi.v:2733]
INFO: [Synth 8-6155] done synthesizing module 'ImageRenderHLS_gmem0_m_axi_mem' (0#1) [/home/emanuel/workspace/mesh_vo/MultiPlatformDiffRenderer/src/backends/xrt/hls/build/xclbin/_x/link/vivado/vpl/prj/prj.gen/sources_1/bd/system/ipshared/9917/hdl/verilog/ImageRenderHLS_gmem0_m_axi.v:2733]
INFO: [Synth 8-6155] done synthesizing module 'ImageRenderHLS_gmem0_m_axi_fifo__parameterized0' (0#1) [/home/emanuel/workspace/mesh_vo/MultiPlatformDiffRenderer/src/backends/xrt/hls/build/xclbin/_x/link/vivado/vpl/prj/prj.gen/sources_1/bd/system/ipshared/9917/hdl/verilog/ImageRenderHLS_gmem0_m_axi.v:2501]
INFO: [Synth 8-6155] done synthesizing module 'ImageRenderHLS_gmem0_m_axi_load' (0#1) [/home/emanuel/workspace/mesh_vo/MultiPlatformDiffRenderer/src/backends/xrt/hls/build/xclbin/_x/link/vivado/vpl/prj/prj.gen/sources_1/bd/system/ipshared/9917/hdl/verilog/ImageRenderHLS_gmem0_m_axi.v:245]
INFO: [Synth 8-6157] synthesizing module 'ImageRenderHLS_gmem0_m_axi_read' [/home/emanuel/workspace/mesh_vo/MultiPlatformDiffRenderer/src/backends/xrt/hls/build/xclbin/_x/link/vivado/vpl/prj/prj.gen/sources_1/bd/system/ipshared/9917/hdl/verilog/ImageRenderHLS_gmem0_m_axi.v:1355]
INFO: [Synth 8-6157] synthesizing module 'ImageRenderHLS_gmem0_m_axi_burst_converter' [/home/emanuel/workspace/mesh_vo/MultiPlatformDiffRenderer/src/backends/xrt/hls/build/xclbin/_x/link/vivado/vpl/prj/prj.gen/sources_1/bd/system/ipshared/9917/hdl/verilog/ImageRenderHLS_gmem0_m_axi.v:1867]
INFO: [Synth 8-6157] synthesizing module 'ImageRenderHLS_gmem0_m_axi_reg_slice' [/home/emanuel/workspace/mesh_vo/MultiPlatformDiffRenderer/src/backends/xrt/hls/build/xclbin/_x/link/vivado/vpl/prj/prj.gen/sources_1/bd/system/ipshared/9917/hdl/verilog/ImageRenderHLS_gmem0_m_axi.v:2399]
INFO: [Synth 8-6155] done synthesizing module 'ImageRenderHLS_gmem0_m_axi_reg_slice' (0#1) [/home/emanuel/workspace/mesh_vo/MultiPlatformDiffRenderer/src/backends/xrt/hls/build/xclbin/_x/link/vivado/vpl/prj/prj.gen/sources_1/bd/system/ipshared/9917/hdl/verilog/ImageRenderHLS_gmem0_m_axi.v:2399]
INFO: [Synth 8-6155] done synthesizing module 'ImageRenderHLS_gmem0_m_axi_burst_converter' (0#1) [/home/emanuel/workspace/mesh_vo/MultiPlatformDiffRenderer/src/backends/xrt/hls/build/xclbin/_x/link/vivado/vpl/prj/prj.gen/sources_1/bd/system/ipshared/9917/hdl/verilog/ImageRenderHLS_gmem0_m_axi.v:1867]
INFO: [Synth 8-6157] synthesizing module 'ImageRenderHLS_gmem0_m_axi_reg_slice__parameterized0' [/home/emanuel/workspace/mesh_vo/MultiPlatformDiffRenderer/src/backends/xrt/hls/build/xclbin/_x/link/vivado/vpl/prj/prj.gen/sources_1/bd/system/ipshared/9917/hdl/verilog/ImageRenderHLS_gmem0_m_axi.v:2399]
INFO: [Synth 8-6155] done synthesizing module 'ImageRenderHLS_gmem0_m_axi_reg_slice__parameterized0' (0#1) [/home/emanuel/workspace/mesh_vo/MultiPlatformDiffRenderer/src/backends/xrt/hls/build/xclbin/_x/link/vivado/vpl/prj/prj.gen/sources_1/bd/system/ipshared/9917/hdl/verilog/ImageRenderHLS_gmem0_m_axi.v:2399]
INFO: [Synth 8-6157] synthesizing module 'ImageRenderHLS_gmem0_m_axi_fifo__parameterized1' [/home/emanuel/workspace/mesh_vo/MultiPlatformDiffRenderer/src/backends/xrt/hls/build/xclbin/_x/link/vivado/vpl/prj/prj.gen/sources_1/bd/system/ipshared/9917/hdl/verilog/ImageRenderHLS_gmem0_m_axi.v:2501]
INFO: [Synth 8-6157] synthesizing module 'ImageRenderHLS_gmem0_m_axi_srl__parameterized0' [/home/emanuel/workspace/mesh_vo/MultiPlatformDiffRenderer/src/backends/xrt/hls/build/xclbin/_x/link/vivado/vpl/prj/prj.gen/sources_1/bd/system/ipshared/9917/hdl/verilog/ImageRenderHLS_gmem0_m_axi.v:2679]
INFO: [Synth 8-6155] done synthesizing module 'ImageRenderHLS_gmem0_m_axi_srl__parameterized0' (0#1) [/home/emanuel/workspace/mesh_vo/MultiPlatformDiffRenderer/src/backends/xrt/hls/build/xclbin/_x/link/vivado/vpl/prj/prj.gen/sources_1/bd/system/ipshared/9917/hdl/verilog/ImageRenderHLS_gmem0_m_axi.v:2679]
INFO: [Synth 8-6155] done synthesizing module 'ImageRenderHLS_gmem0_m_axi_fifo__parameterized1' (0#1) [/home/emanuel/workspace/mesh_vo/MultiPlatformDiffRenderer/src/backends/xrt/hls/build/xclbin/_x/link/vivado/vpl/prj/prj.gen/sources_1/bd/system/ipshared/9917/hdl/verilog/ImageRenderHLS_gmem0_m_axi.v:2501]
WARNING: [Synth 8-589] replacing case/wildcard equality operator === with logical equality operator == [/home/emanuel/workspace/mesh_vo/MultiPlatformDiffRenderer/src/backends/xrt/hls/build/xclbin/_x/link/vivado/vpl/prj/prj.gen/sources_1/bd/system/ipshared/9917/hdl/verilog/ImageRenderHLS_gmem0_m_axi.v:1539]
INFO: [Synth 8-6155] done synthesizing module 'ImageRenderHLS_gmem0_m_axi_read' (0#1) [/home/emanuel/workspace/mesh_vo/MultiPlatformDiffRenderer/src/backends/xrt/hls/build/xclbin/_x/link/vivado/vpl/prj/prj.gen/sources_1/bd/system/ipshared/9917/hdl/verilog/ImageRenderHLS_gmem0_m_axi.v:1355]
INFO: [Synth 8-6155] done synthesizing module 'ImageRenderHLS_gmem0_m_axi' (0#1) [/home/emanuel/workspace/mesh_vo/MultiPlatformDiffRenderer/src/backends/xrt/hls/build/xclbin/_x/link/vivado/vpl/prj/prj.gen/sources_1/bd/system/ipshared/9917/hdl/verilog/ImageRenderHLS_gmem0_m_axi.v:12]
INFO: [Synth 8-6157] synthesizing module 'ImageRenderHLS_gmem1_m_axi' [/home/emanuel/workspace/mesh_vo/MultiPlatformDiffRenderer/src/backends/xrt/hls/build/xclbin/_x/link/vivado/vpl/prj/prj.gen/sources_1/bd/system/ipshared/9917/hdl/verilog/ImageRenderHLS_gmem1_m_axi.v:12]
INFO: [Synth 8-6157] synthesizing module 'ImageRenderHLS_gmem1_m_axi_load' [/home/emanuel/workspace/mesh_vo/MultiPlatformDiffRenderer/src/backends/xrt/hls/build/xclbin/_x/link/vivado/vpl/prj/prj.gen/sources_1/bd/system/ipshared/9917/hdl/verilog/ImageRenderHLS_gmem1_m_axi.v:245]
INFO: [Synth 8-6157] synthesizing module 'ImageRenderHLS_gmem1_m_axi_fifo' [/home/emanuel/workspace/mesh_vo/MultiPlatformDiffRenderer/src/backends/xrt/hls/build/xclbin/_x/link/vivado/vpl/prj/prj.gen/sources_1/bd/system/ipshared/9917/hdl/verilog/ImageRenderHLS_gmem1_m_axi.v:2501]
INFO: [Synth 8-6157] synthesizing module 'ImageRenderHLS_gmem1_m_axi_srl' [/home/emanuel/workspace/mesh_vo/MultiPlatformDiffRenderer/src/backends/xrt/hls/build/xclbin/_x/link/vivado/vpl/prj/prj.gen/sources_1/bd/system/ipshared/9917/hdl/verilog/ImageRenderHLS_gmem1_m_axi.v:2679]
INFO: [Synth 8-6155] done synthesizing module 'ImageRenderHLS_gmem1_m_axi_srl' (0#1) [/home/emanuel/workspace/mesh_vo/MultiPlatformDiffRenderer/src/backends/xrt/hls/build/xclbin/_x/link/vivado/vpl/prj/prj.gen/sources_1/bd/system/ipshared/9917/hdl/verilog/ImageRenderHLS_gmem1_m_axi.v:2679]
INFO: [Synth 8-6155] done synthesizing module 'ImageRenderHLS_gmem1_m_axi_fifo' (0#1) [/home/emanuel/workspace/mesh_vo/MultiPlatformDiffRenderer/src/backends/xrt/hls/build/xclbin/_x/link/vivado/vpl/prj/prj.gen/sources_1/bd/system/ipshared/9917/hdl/verilog/ImageRenderHLS_gmem1_m_axi.v:2501]
INFO: [Synth 8-6157] synthesizing module 'ImageRenderHLS_gmem1_m_axi_fifo__parameterized0' [/home/emanuel/workspace/mesh_vo/MultiPlatformDiffRenderer/src/backends/xrt/hls/build/xclbin/_x/link/vivado/vpl/prj/prj.gen/sources_1/bd/system/ipshared/9917/hdl/verilog/ImageRenderHLS_gmem1_m_axi.v:2501]
INFO: [Synth 8-6157] synthesizing module 'ImageRenderHLS_gmem1_m_axi_mem' [/home/emanuel/workspace/mesh_vo/MultiPlatformDiffRenderer/src/backends/xrt/hls/build/xclbin/_x/link/vivado/vpl/prj/prj.gen/sources_1/bd/system/ipshared/9917/hdl/verilog/ImageRenderHLS_gmem1_m_axi.v:2733]
INFO: [Synth 8-6155] done synthesizing module 'ImageRenderHLS_gmem1_m_axi_mem' (0#1) [/home/emanuel/workspace/mesh_vo/MultiPlatformDiffRenderer/src/backends/xrt/hls/build/xclbin/_x/link/vivado/vpl/prj/prj.gen/sources_1/bd/system/ipshared/9917/hdl/verilog/ImageRenderHLS_gmem1_m_axi.v:2733]
INFO: [Synth 8-6155] done synthesizing module 'ImageRenderHLS_gmem1_m_axi_fifo__parameterized0' (0#1) [/home/emanuel/workspace/mesh_vo/MultiPlatformDiffRenderer/src/backends/xrt/hls/build/xclbin/_x/link/vivado/vpl/prj/prj.gen/sources_1/bd/system/ipshared/9917/hdl/verilog/ImageRenderHLS_gmem1_m_axi.v:2501]
INFO: [Synth 8-6155] done synthesizing module 'ImageRenderHLS_gmem1_m_axi_load' (0#1) [/home/emanuel/workspace/mesh_vo/MultiPlatformDiffRenderer/src/backends/xrt/hls/build/xclbin/_x/link/vivado/vpl/prj/prj.gen/sources_1/bd/system/ipshared/9917/hdl/verilog/ImageRenderHLS_gmem1_m_axi.v:245]
INFO: [Synth 8-6157] synthesizing module 'ImageRenderHLS_gmem1_m_axi_read' [/home/emanuel/workspace/mesh_vo/MultiPlatformDiffRenderer/src/backends/xrt/hls/build/xclbin/_x/link/vivado/vpl/prj/prj.gen/sources_1/bd/system/ipshared/9917/hdl/verilog/ImageRenderHLS_gmem1_m_axi.v:1355]
INFO: [Synth 8-6157] synthesizing module 'ImageRenderHLS_gmem1_m_axi_burst_converter' [/home/emanuel/workspace/mesh_vo/MultiPlatformDiffRenderer/src/backends/xrt/hls/build/xclbin/_x/link/vivado/vpl/prj/prj.gen/sources_1/bd/system/ipshared/9917/hdl/verilog/ImageRenderHLS_gmem1_m_axi.v:1867]
INFO: [Synth 8-6157] synthesizing module 'ImageRenderHLS_gmem1_m_axi_reg_slice' [/home/emanuel/workspace/mesh_vo/MultiPlatformDiffRenderer/src/backends/xrt/hls/build/xclbin/_x/link/vivado/vpl/prj/prj.gen/sources_1/bd/system/ipshared/9917/hdl/verilog/ImageRenderHLS_gmem1_m_axi.v:2399]
INFO: [Synth 8-6155] done synthesizing module 'ImageRenderHLS_gmem1_m_axi_reg_slice' (0#1) [/home/emanuel/workspace/mesh_vo/MultiPlatformDiffRenderer/src/backends/xrt/hls/build/xclbin/_x/link/vivado/vpl/prj/prj.gen/sources_1/bd/system/ipshared/9917/hdl/verilog/ImageRenderHLS_gmem1_m_axi.v:2399]
INFO: [Synth 8-6155] done synthesizing module 'ImageRenderHLS_gmem1_m_axi_burst_converter' (0#1) [/home/emanuel/workspace/mesh_vo/MultiPlatformDiffRenderer/src/backends/xrt/hls/build/xclbin/_x/link/vivado/vpl/prj/prj.gen/sources_1/bd/system/ipshared/9917/hdl/verilog/ImageRenderHLS_gmem1_m_axi.v:1867]
INFO: [Synth 8-6157] synthesizing module 'ImageRenderHLS_gmem1_m_axi_reg_slice__parameterized0' [/home/emanuel/workspace/mesh_vo/MultiPlatformDiffRenderer/src/backends/xrt/hls/build/xclbin/_x/link/vivado/vpl/prj/prj.gen/sources_1/bd/system/ipshared/9917/hdl/verilog/ImageRenderHLS_gmem1_m_axi.v:2399]
INFO: [Synth 8-6155] done synthesizing module 'ImageRenderHLS_gmem1_m_axi_reg_slice__parameterized0' (0#1) [/home/emanuel/workspace/mesh_vo/MultiPlatformDiffRenderer/src/backends/xrt/hls/build/xclbin/_x/link/vivado/vpl/prj/prj.gen/sources_1/bd/system/ipshared/9917/hdl/verilog/ImageRenderHLS_gmem1_m_axi.v:2399]
INFO: [Synth 8-6157] synthesizing module 'ImageRenderHLS_gmem1_m_axi_fifo__parameterized1' [/home/emanuel/workspace/mesh_vo/MultiPlatformDiffRenderer/src/backends/xrt/hls/build/xclbin/_x/link/vivado/vpl/prj/prj.gen/sources_1/bd/system/ipshared/9917/hdl/verilog/ImageRenderHLS_gmem1_m_axi.v:2501]
INFO: [Synth 8-6157] synthesizing module 'ImageRenderHLS_gmem1_m_axi_srl__parameterized0' [/home/emanuel/workspace/mesh_vo/MultiPlatformDiffRenderer/src/backends/xrt/hls/build/xclbin/_x/link/vivado/vpl/prj/prj.gen/sources_1/bd/system/ipshared/9917/hdl/verilog/ImageRenderHLS_gmem1_m_axi.v:2679]
INFO: [Synth 8-6155] done synthesizing module 'ImageRenderHLS_gmem1_m_axi_srl__parameterized0' (0#1) [/home/emanuel/workspace/mesh_vo/MultiPlatformDiffRenderer/src/backends/xrt/hls/build/xclbin/_x/link/vivado/vpl/prj/prj.gen/sources_1/bd/system/ipshared/9917/hdl/verilog/ImageRenderHLS_gmem1_m_axi.v:2679]
INFO: [Synth 8-6155] done synthesizing module 'ImageRenderHLS_gmem1_m_axi_fifo__parameterized1' (0#1) [/home/emanuel/workspace/mesh_vo/MultiPlatformDiffRenderer/src/backends/xrt/hls/build/xclbin/_x/link/vivado/vpl/prj/prj.gen/sources_1/bd/system/ipshared/9917/hdl/verilog/ImageRenderHLS_gmem1_m_axi.v:2501]
WARNING: [Synth 8-589] replacing case/wildcard equality operator === with logical equality operator == [/home/emanuel/workspace/mesh_vo/MultiPlatformDiffRenderer/src/backends/xrt/hls/build/xclbin/_x/link/vivado/vpl/prj/prj.gen/sources_1/bd/system/ipshared/9917/hdl/verilog/ImageRenderHLS_gmem1_m_axi.v:1539]
INFO: [Synth 8-6155] done synthesizing module 'ImageRenderHLS_gmem1_m_axi_read' (0#1) [/home/emanuel/workspace/mesh_vo/MultiPlatformDiffRenderer/src/backends/xrt/hls/build/xclbin/_x/link/vivado/vpl/prj/prj.gen/sources_1/bd/system/ipshared/9917/hdl/verilog/ImageRenderHLS_gmem1_m_axi.v:1355]
INFO: [Synth 8-6155] done synthesizing module 'ImageRenderHLS_gmem1_m_axi' (0#1) [/home/emanuel/workspace/mesh_vo/MultiPlatformDiffRenderer/src/backends/xrt/hls/build/xclbin/_x/link/vivado/vpl/prj/prj.gen/sources_1/bd/system/ipshared/9917/hdl/verilog/ImageRenderHLS_gmem1_m_axi.v:12]
INFO: [Synth 8-6157] synthesizing module 'ImageRenderHLS_gmem5_m_axi' [/home/emanuel/workspace/mesh_vo/MultiPlatformDiffRenderer/src/backends/xrt/hls/build/xclbin/_x/link/vivado/vpl/prj/prj.gen/sources_1/bd/system/ipshared/9917/hdl/verilog/ImageRenderHLS_gmem5_m_axi.v:12]
INFO: [Synth 8-6157] synthesizing module 'ImageRenderHLS_gmem5_m_axi_store' [/home/emanuel/workspace/mesh_vo/MultiPlatformDiffRenderer/src/backends/xrt/hls/build/xclbin/_x/link/vivado/vpl/prj/prj.gen/sources_1/bd/system/ipshared/9917/hdl/verilog/ImageRenderHLS_gmem5_m_axi.v:743]
INFO: [Synth 8-6157] synthesizing module 'ImageRenderHLS_gmem5_m_axi_fifo' [/home/emanuel/workspace/mesh_vo/MultiPlatformDiffRenderer/src/backends/xrt/hls/build/xclbin/_x/link/vivado/vpl/prj/prj.gen/sources_1/bd/system/ipshared/9917/hdl/verilog/ImageRenderHLS_gmem5_m_axi.v:2507]
INFO: [Synth 8-6157] synthesizing module 'ImageRenderHLS_gmem5_m_axi_srl' [/home/emanuel/workspace/mesh_vo/MultiPlatformDiffRenderer/src/backends/xrt/hls/build/xclbin/_x/link/vivado/vpl/prj/prj.gen/sources_1/bd/system/ipshared/9917/hdl/verilog/ImageRenderHLS_gmem5_m_axi.v:2685]
INFO: [Synth 8-6155] done synthesizing module 'ImageRenderHLS_gmem5_m_axi_srl' (0#1) [/home/emanuel/workspace/mesh_vo/MultiPlatformDiffRenderer/src/backends/xrt/hls/build/xclbin/_x/link/vivado/vpl/prj/prj.gen/sources_1/bd/system/ipshared/9917/hdl/verilog/ImageRenderHLS_gmem5_m_axi.v:2685]
INFO: [Synth 8-6155] done synthesizing module 'ImageRenderHLS_gmem5_m_axi_fifo' (0#1) [/home/emanuel/workspace/mesh_vo/MultiPlatformDiffRenderer/src/backends/xrt/hls/build/xclbin/_x/link/vivado/vpl/prj/prj.gen/sources_1/bd/system/ipshared/9917/hdl/verilog/ImageRenderHLS_gmem5_m_axi.v:2507]
INFO: [Synth 8-6157] synthesizing module 'ImageRenderHLS_gmem5_m_axi_fifo__parameterized0' [/home/emanuel/workspace/mesh_vo/MultiPlatformDiffRenderer/src/backends/xrt/hls/build/xclbin/_x/link/vivado/vpl/prj/prj.gen/sources_1/bd/system/ipshared/9917/hdl/verilog/ImageRenderHLS_gmem5_m_axi.v:2507]
INFO: [Synth 8-6157] synthesizing module 'ImageRenderHLS_gmem5_m_axi_mem' [/home/emanuel/workspace/mesh_vo/MultiPlatformDiffRenderer/src/backends/xrt/hls/build/xclbin/_x/link/vivado/vpl/prj/prj.gen/sources_1/bd/system/ipshared/9917/hdl/verilog/ImageRenderHLS_gmem5_m_axi.v:2739]
INFO: [Synth 8-6155] done synthesizing module 'ImageRenderHLS_gmem5_m_axi_mem' (0#1) [/home/emanuel/workspace/mesh_vo/MultiPlatformDiffRenderer/src/backends/xrt/hls/build/xclbin/_x/link/vivado/vpl/prj/prj.gen/sources_1/bd/system/ipshared/9917/hdl/verilog/ImageRenderHLS_gmem5_m_axi.v:2739]
INFO: [Synth 8-6155] done synthesizing module 'ImageRenderHLS_gmem5_m_axi_fifo__parameterized0' (0#1) [/home/emanuel/workspace/mesh_vo/MultiPlatformDiffRenderer/src/backends/xrt/hls/build/xclbin/_x/link/vivado/vpl/prj/prj.gen/sources_1/bd/system/ipshared/9917/hdl/verilog/ImageRenderHLS_gmem5_m_axi.v:2507]
INFO: [Synth 8-6157] synthesizing module 'ImageRenderHLS_gmem5_m_axi_fifo__parameterized1' [/home/emanuel/workspace/mesh_vo/MultiPlatformDiffRenderer/src/backends/xrt/hls/build/xclbin/_x/link/vivado/vpl/prj/prj.gen/sources_1/bd/system/ipshared/9917/hdl/verilog/ImageRenderHLS_gmem5_m_axi.v:2507]
INFO: [Synth 8-6157] synthesizing module 'ImageRenderHLS_gmem5_m_axi_srl__parameterized0' [/home/emanuel/workspace/mesh_vo/MultiPlatformDiffRenderer/src/backends/xrt/hls/build/xclbin/_x/link/vivado/vpl/prj/prj.gen/sources_1/bd/system/ipshared/9917/hdl/verilog/ImageRenderHLS_gmem5_m_axi.v:2685]
INFO: [Synth 8-6155] done synthesizing module 'ImageRenderHLS_gmem5_m_axi_srl__parameterized0' (0#1) [/home/emanuel/workspace/mesh_vo/MultiPlatformDiffRenderer/src/backends/xrt/hls/build/xclbin/_x/link/vivado/vpl/prj/prj.gen/sources_1/bd/system/ipshared/9917/hdl/verilog/ImageRenderHLS_gmem5_m_axi.v:2685]
INFO: [Synth 8-6155] done synthesizing module 'ImageRenderHLS_gmem5_m_axi_fifo__parameterized1' (0#1) [/home/emanuel/workspace/mesh_vo/MultiPlatformDiffRenderer/src/backends/xrt/hls/build/xclbin/_x/link/vivado/vpl/prj/prj.gen/sources_1/bd/system/ipshared/9917/hdl/verilog/ImageRenderHLS_gmem5_m_axi.v:2507]
INFO: [Synth 8-6157] synthesizing module 'ImageRenderHLS_gmem5_m_axi_fifo__parameterized2' [/home/emanuel/workspace/mesh_vo/MultiPlatformDiffRenderer/src/backends/xrt/hls/build/xclbin/_x/link/vivado/vpl/prj/prj.gen/sources_1/bd/system/ipshared/9917/hdl/verilog/ImageRenderHLS_gmem5_m_axi.v:2507]
INFO: [Synth 8-6157] synthesizing module 'ImageRenderHLS_gmem5_m_axi_srl__parameterized1' [/home/emanuel/workspace/mesh_vo/MultiPlatformDiffRenderer/src/backends/xrt/hls/build/xclbin/_x/link/vivado/vpl/prj/prj.gen/sources_1/bd/system/ipshared/9917/hdl/verilog/ImageRenderHLS_gmem5_m_axi.v:2685]
INFO: [Synth 8-6155] done synthesizing module 'ImageRenderHLS_gmem5_m_axi_srl__parameterized1' (0#1) [/home/emanuel/workspace/mesh_vo/MultiPlatformDiffRenderer/src/backends/xrt/hls/build/xclbin/_x/link/vivado/vpl/prj/prj.gen/sources_1/bd/system/ipshared/9917/hdl/verilog/ImageRenderHLS_gmem5_m_axi.v:2685]
INFO: [Synth 8-6155] done synthesizing module 'ImageRenderHLS_gmem5_m_axi_fifo__parameterized2' (0#1) [/home/emanuel/workspace/mesh_vo/MultiPlatformDiffRenderer/src/backends/xrt/hls/build/xclbin/_x/link/vivado/vpl/prj/prj.gen/sources_1/bd/system/ipshared/9917/hdl/verilog/ImageRenderHLS_gmem5_m_axi.v:2507]
INFO: [Synth 8-6155] done synthesizing module 'ImageRenderHLS_gmem5_m_axi_store' (0#1) [/home/emanuel/workspace/mesh_vo/MultiPlatformDiffRenderer/src/backends/xrt/hls/build/xclbin/_x/link/vivado/vpl/prj/prj.gen/sources_1/bd/system/ipshared/9917/hdl/verilog/ImageRenderHLS_gmem5_m_axi.v:743]
INFO: [Synth 8-6157] synthesizing module 'ImageRenderHLS_gmem5_m_axi_write' [/home/emanuel/workspace/mesh_vo/MultiPlatformDiffRenderer/src/backends/xrt/hls/build/xclbin/_x/link/vivado/vpl/prj/prj.gen/sources_1/bd/system/ipshared/9917/hdl/verilog/ImageRenderHLS_gmem5_m_axi.v:1553]
INFO: [Synth 8-6157] synthesizing module 'ImageRenderHLS_gmem5_m_axi_burst_converter' [/home/emanuel/workspace/mesh_vo/MultiPlatformDiffRenderer/src/backends/xrt/hls/build/xclbin/_x/link/vivado/vpl/prj/prj.gen/sources_1/bd/system/ipshared/9917/hdl/verilog/ImageRenderHLS_gmem5_m_axi.v:1873]
INFO: [Synth 8-6157] synthesizing module 'ImageRenderHLS_gmem5_m_axi_reg_slice' [/home/emanuel/workspace/mesh_vo/MultiPlatformDiffRenderer/src/backends/xrt/hls/build/xclbin/_x/link/vivado/vpl/prj/prj.gen/sources_1/bd/system/ipshared/9917/hdl/verilog/ImageRenderHLS_gmem5_m_axi.v:2405]
INFO: [Synth 8-6155] done synthesizing module 'ImageRenderHLS_gmem5_m_axi_reg_slice' (0#1) [/home/emanuel/workspace/mesh_vo/MultiPlatformDiffRenderer/src/backends/xrt/hls/build/xclbin/_x/link/vivado/vpl/prj/prj.gen/sources_1/bd/system/ipshared/9917/hdl/verilog/ImageRenderHLS_gmem5_m_axi.v:2405]
INFO: [Synth 8-6155] done synthesizing module 'ImageRenderHLS_gmem5_m_axi_burst_converter' (0#1) [/home/emanuel/workspace/mesh_vo/MultiPlatformDiffRenderer/src/backends/xrt/hls/build/xclbin/_x/link/vivado/vpl/prj/prj.gen/sources_1/bd/system/ipshared/9917/hdl/verilog/ImageRenderHLS_gmem5_m_axi.v:1873]
INFO: [Synth 8-6157] synthesizing module 'ImageRenderHLS_gmem5_m_axi_fifo__parameterized3' [/home/emanuel/workspace/mesh_vo/MultiPlatformDiffRenderer/src/backends/xrt/hls/build/xclbin/_x/link/vivado/vpl/prj/prj.gen/sources_1/bd/system/ipshared/9917/hdl/verilog/ImageRenderHLS_gmem5_m_axi.v:2507]
INFO: [Synth 8-6157] synthesizing module 'ImageRenderHLS_gmem5_m_axi_srl__parameterized2' [/home/emanuel/workspace/mesh_vo/MultiPlatformDiffRenderer/src/backends/xrt/hls/build/xclbin/_x/link/vivado/vpl/prj/prj.gen/sources_1/bd/system/ipshared/9917/hdl/verilog/ImageRenderHLS_gmem5_m_axi.v:2685]
INFO: [Synth 8-6155] done synthesizing module 'ImageRenderHLS_gmem5_m_axi_srl__parameterized2' (0#1) [/home/emanuel/workspace/mesh_vo/MultiPlatformDiffRenderer/src/backends/xrt/hls/build/xclbin/_x/link/vivado/vpl/prj/prj.gen/sources_1/bd/system/ipshared/9917/hdl/verilog/ImageRenderHLS_gmem5_m_axi.v:2685]
INFO: [Synth 8-6155] done synthesizing module 'ImageRenderHLS_gmem5_m_axi_fifo__parameterized3' (0#1) [/home/emanuel/workspace/mesh_vo/MultiPlatformDiffRenderer/src/backends/xrt/hls/build/xclbin/_x/link/vivado/vpl/prj/prj.gen/sources_1/bd/system/ipshared/9917/hdl/verilog/ImageRenderHLS_gmem5_m_axi.v:2507]
INFO: [Synth 8-6157] synthesizing module 'ImageRenderHLS_gmem5_m_axi_throttle' [/home/emanuel/workspace/mesh_vo/MultiPlatformDiffRenderer/src/backends/xrt/hls/build/xclbin/_x/link/vivado/vpl/prj/prj.gen/sources_1/bd/system/ipshared/9917/hdl/verilog/ImageRenderHLS_gmem5_m_axi.v:2179]
INFO: [Common 17-14] Message 'Synth 8-6157' appears 100 times and further instances of the messages will be disabled. Use the Tcl command set_msg_config to change the current settings.
INFO: [Synth 8-6155] done synthesizing module 'ImageRenderHLS_gmem5_m_axi_reg_slice__parameterized0' (0#1) [/home/emanuel/workspace/mesh_vo/MultiPlatformDiffRenderer/src/backends/xrt/hls/build/xclbin/_x/link/vivado/vpl/prj/prj.gen/sources_1/bd/system/ipshared/9917/hdl/verilog/ImageRenderHLS_gmem5_m_axi.v:2405]
INFO: [Synth 8-6155] done synthesizing module 'ImageRenderHLS_gmem5_m_axi_srl__parameterized3' (0#1) [/home/emanuel/workspace/mesh_vo/MultiPlatformDiffRenderer/src/backends/xrt/hls/build/xclbin/_x/link/vivado/vpl/prj/prj.gen/sources_1/bd/system/ipshared/9917/hdl/verilog/ImageRenderHLS_gmem5_m_axi.v:2685]
INFO: [Synth 8-6155] done synthesizing module 'ImageRenderHLS_gmem5_m_axi_fifo__parameterized4' (0#1) [/home/emanuel/workspace/mesh_vo/MultiPlatformDiffRenderer/src/backends/xrt/hls/build/xclbin/_x/link/vivado/vpl/prj/prj.gen/sources_1/bd/system/ipshared/9917/hdl/verilog/ImageRenderHLS_gmem5_m_axi.v:2507]
INFO: [Synth 8-6155] done synthesizing module 'ImageRenderHLS_gmem5_m_axi_srl__parameterized4' (0#1) [/home/emanuel/workspace/mesh_vo/MultiPlatformDiffRenderer/src/backends/xrt/hls/build/xclbin/_x/link/vivado/vpl/prj/prj.gen/sources_1/bd/system/ipshared/9917/hdl/verilog/ImageRenderHLS_gmem5_m_axi.v:2685]
INFO: [Synth 8-6155] done synthesizing module 'ImageRenderHLS_gmem5_m_axi_fifo__parameterized5' (0#1) [/home/emanuel/workspace/mesh_vo/MultiPlatformDiffRenderer/src/backends/xrt/hls/build/xclbin/_x/link/vivado/vpl/prj/prj.gen/sources_1/bd/system/ipshared/9917/hdl/verilog/ImageRenderHLS_gmem5_m_axi.v:2507]
INFO: [Common 17-14] Message 'Synth 8-6155' appears 100 times and further instances of the messages will be disabled. Use the Tcl command set_msg_config to change the current settings.
WARNING: [Synth 8-589] replacing case/wildcard equality operator === with logical equality operator == [/home/emanuel/workspace/mesh_vo/MultiPlatformDiffRenderer/src/backends/xrt/hls/build/xclbin/_x/link/vivado/vpl/prj/prj.gen/sources_1/bd/system/ipshared/9917/hdl/verilog/ImageRenderHLS_gmem5_m_axi.v:1864]
WARNING: [Synth 8-589] replacing case/wildcard equality operator === with logical equality operator == [/home/emanuel/workspace/mesh_vo/MultiPlatformDiffRenderer/src/backends/xrt/hls/build/xclbin/_x/link/vivado/vpl/prj/prj.gen/sources_1/bd/system/ipshared/9917/hdl/verilog/ImageRenderHLS_gmem5_m_axi.v:1867]
INFO: [Synth 8-4490] FSM extraction disabled for register 'ap_CS_fsm_reg' through user attribute
INFO: [Synth 8-4490] FSM extraction disabled for register 'ap_CS_fsm_reg' through user attribute
WARNING: [Synth 8-6014] Unused sequential element ap_predicate_pred358_state177_reg was removed.  [/home/emanuel/workspace/mesh_vo/MultiPlatformDiffRenderer/src/backends/xrt/hls/build/xclbin/_x/link/vivado/vpl/prj/prj.gen/sources_1/bd/system/ipshared/9917/hdl/verilog/ImageRenderHLS_draw_triangle_Pipeline_draw_triangle_y_loop_draw_triangle_x_loop.v:1595]
WARNING: [Synth 8-6014] Unused sequential element ap_predicate_pred394_state248_reg was removed.  [/home/emanuel/workspace/mesh_vo/MultiPlatformDiffRenderer/src/backends/xrt/hls/build/xclbin/_x/link/vivado/vpl/prj/prj.gen/sources_1/bd/system/ipshared/9917/hdl/verilog/ImageRenderHLS_draw_triangle_Pipeline_draw_triangle_y_loop_draw_triangle_x_loop.v:1601]
INFO: [Synth 8-4490] FSM extraction disabled for register 'ap_CS_fsm_reg' through user attribute
INFO: [Synth 8-4490] FSM extraction disabled for register 'ap_CS_fsm_reg' through user attribute
INFO: [Synth 8-4490] FSM extraction disabled for register 'ap_CS_fsm_reg' through user attribute
INFO: [Synth 8-4490] FSM extraction disabled for register 'ap_CS_fsm_reg' through user attribute
INFO: [Synth 8-4490] FSM extraction disabled for register 'ap_CS_fsm_reg' through user attribute
WARNING: [Synth 8-6014] Unused sequential element int_ap_done_reg was removed.  [/home/emanuel/workspace/mesh_vo/MultiPlatformDiffRenderer/src/backends/xrt/hls/build/xclbin/_x/link/vivado/vpl/prj/prj.gen/sources_1/bd/system/ipshared/9917/hdl/verilog/ImageRenderHLS_control_s_axi.v:630]
INFO: [Synth 8-4490] FSM extraction disabled for register 'ap_CS_fsm_reg' through user attribute
WARNING: [Synth 8-7129] Port in_BUS_BID[0] in module ImageRenderHLS_gmem5_m_axi_write is either unconnected or has no load
WARNING: [Synth 8-7129] Port in_BUS_BRESP[1] in module ImageRenderHLS_gmem5_m_axi_write is either unconnected or has no load
WARNING: [Synth 8-7129] Port in_BUS_BRESP[0] in module ImageRenderHLS_gmem5_m_axi_write is either unconnected or has no load
WARNING: [Synth 8-7129] Port in_BUS_BUSER[0] in module ImageRenderHLS_gmem5_m_axi_write is either unconnected or has no load
WARNING: [Synth 8-7129] Port ARREADY in module ImageRenderHLS_gmem5_m_axi is either unconnected or has no load
WARNING: [Synth 8-7129] Port RID[0] in module ImageRenderHLS_gmem5_m_axi is either unconnected or has no load
WARNING: [Synth 8-7129] Port RDATA[31] in module ImageRenderHLS_gmem5_m_axi is either unconnected or has no load
WARNING: [Synth 8-7129] Port RDATA[30] in module ImageRenderHLS_gmem5_m_axi is either unconnected or has no load
WARNING: [Synth 8-7129] Port RDATA[29] in module ImageRenderHLS_gmem5_m_axi is either unconnected or has no load
WARNING: [Synth 8-7129] Port RDATA[28] in module ImageRenderHLS_gmem5_m_axi is either unconnected or has no load
WARNING: [Synth 8-7129] Port RDATA[27] in module ImageRenderHLS_gmem5_m_axi is either unconnected or has no load
WARNING: [Synth 8-7129] Port RDATA[26] in module ImageRenderHLS_gmem5_m_axi is either unconnected or has no load
WARNING: [Synth 8-7129] Port RDATA[25] in module ImageRenderHLS_gmem5_m_axi is either unconnected or has no load
WARNING: [Synth 8-7129] Port RDATA[24] in module ImageRenderHLS_gmem5_m_axi is either unconnected or has no load
WARNING: [Synth 8-7129] Port RDATA[23] in module ImageRenderHLS_gmem5_m_axi is either unconnected or has no load
WARNING: [Synth 8-7129] Port RDATA[22] in module ImageRenderHLS_gmem5_m_axi is either unconnected or has no load
WARNING: [Synth 8-7129] Port RDATA[21] in module ImageRenderHLS_gmem5_m_axi is either unconnected or has no load
WARNING: [Synth 8-7129] Port RDATA[20] in module ImageRenderHLS_gmem5_m_axi is either unconnected or has no load
WARNING: [Synth 8-7129] Port RDATA[19] in module ImageRenderHLS_gmem5_m_axi is either unconnected or has no load
WARNING: [Synth 8-7129] Port RDATA[18] in module ImageRenderHLS_gmem5_m_axi is either unconnected or has no load
WARNING: [Synth 8-7129] Port RDATA[17] in module ImageRenderHLS_gmem5_m_axi is either unconnected or has no load
WARNING: [Synth 8-7129] Port RDATA[16] in module ImageRenderHLS_gmem5_m_axi is either unconnected or has no load
WARNING: [Synth 8-7129] Port RDATA[15] in module ImageRenderHLS_gmem5_m_axi is either unconnected or has no load
WARNING: [Synth 8-7129] Port RDATA[14] in module ImageRenderHLS_gmem5_m_axi is either unconnected or has no load
WARNING: [Synth 8-7129] Port RDATA[13] in module ImageRenderHLS_gmem5_m_axi is either unconnected or has no load
WARNING: [Synth 8-7129] Port RDATA[12] in module ImageRenderHLS_gmem5_m_axi is either unconnected or has no load
WARNING: [Synth 8-7129] Port RDATA[11] in module ImageRenderHLS_gmem5_m_axi is either unconnected or has no load
WARNING: [Synth 8-7129] Port RDATA[10] in module ImageRenderHLS_gmem5_m_axi is either unconnected or has no load
WARNING: [Synth 8-7129] Port RDATA[9] in module ImageRenderHLS_gmem5_m_axi is either unconnected or has no load
WARNING: [Synth 8-7129] Port RDATA[8] in module ImageRenderHLS_gmem5_m_axi is either unconnected or has no load
WARNING: [Synth 8-7129] Port RDATA[7] in module ImageRenderHLS_gmem5_m_axi is either unconnected or has no load
WARNING: [Synth 8-7129] Port RDATA[6] in module ImageRenderHLS_gmem5_m_axi is either unconnected or has no load
WARNING: [Synth 8-7129] Port RDATA[5] in module ImageRenderHLS_gmem5_m_axi is either unconnected or has no load
WARNING: [Synth 8-7129] Port RDATA[4] in module ImageRenderHLS_gmem5_m_axi is either unconnected or has no load
WARNING: [Synth 8-7129] Port RDATA[3] in module ImageRenderHLS_gmem5_m_axi is either unconnected or has no load
WARNING: [Synth 8-7129] Port RDATA[2] in module ImageRenderHLS_gmem5_m_axi is either unconnected or has no load
WARNING: [Synth 8-7129] Port RDATA[1] in module ImageRenderHLS_gmem5_m_axi is either unconnected or has no load
WARNING: [Synth 8-7129] Port RDATA[0] in module ImageRenderHLS_gmem5_m_axi is either unconnected or has no load
WARNING: [Synth 8-7129] Port RRESP[1] in module ImageRenderHLS_gmem5_m_axi is either unconnected or has no load
WARNING: [Synth 8-7129] Port RRESP[0] in module ImageRenderHLS_gmem5_m_axi is either unconnected or has no load
WARNING: [Synth 8-7129] Port RLAST in module ImageRenderHLS_gmem5_m_axi is either unconnected or has no load
WARNING: [Synth 8-7129] Port RUSER[0] in module ImageRenderHLS_gmem5_m_axi is either unconnected or has no load
WARNING: [Synth 8-7129] Port RVALID in module ImageRenderHLS_gmem5_m_axi is either unconnected or has no load
WARNING: [Synth 8-7129] Port I_CH0_ARADDR[63] in module ImageRenderHLS_gmem5_m_axi is either unconnected or has no load
WARNING: [Synth 8-7129] Port I_CH0_ARADDR[62] in module ImageRenderHLS_gmem5_m_axi is either unconnected or has no load
WARNING: [Synth 8-7129] Port I_CH0_ARADDR[61] in module ImageRenderHLS_gmem5_m_axi is either unconnected or has no load
WARNING: [Synth 8-7129] Port I_CH0_ARADDR[60] in module ImageRenderHLS_gmem5_m_axi is either unconnected or has no load
WARNING: [Synth 8-7129] Port I_CH0_ARADDR[59] in module ImageRenderHLS_gmem5_m_axi is either unconnected or has no load
WARNING: [Synth 8-7129] Port I_CH0_ARADDR[58] in module ImageRenderHLS_gmem5_m_axi is either unconnected or has no load
WARNING: [Synth 8-7129] Port I_CH0_ARADDR[57] in module ImageRenderHLS_gmem5_m_axi is either unconnected or has no load
WARNING: [Synth 8-7129] Port I_CH0_ARADDR[56] in module ImageRenderHLS_gmem5_m_axi is either unconnected or has no load
WARNING: [Synth 8-7129] Port I_CH0_ARADDR[55] in module ImageRenderHLS_gmem5_m_axi is either unconnected or has no load
WARNING: [Synth 8-7129] Port I_CH0_ARADDR[54] in module ImageRenderHLS_gmem5_m_axi is either unconnected or has no load
WARNING: [Synth 8-7129] Port I_CH0_ARADDR[53] in module ImageRenderHLS_gmem5_m_axi is either unconnected or has no load
WARNING: [Synth 8-7129] Port I_CH0_ARADDR[52] in module ImageRenderHLS_gmem5_m_axi is either unconnected or has no load
WARNING: [Synth 8-7129] Port I_CH0_ARADDR[51] in module ImageRenderHLS_gmem5_m_axi is either unconnected or has no load
WARNING: [Synth 8-7129] Port I_CH0_ARADDR[50] in module ImageRenderHLS_gmem5_m_axi is either unconnected or has no load
WARNING: [Synth 8-7129] Port I_CH0_ARADDR[49] in module ImageRenderHLS_gmem5_m_axi is either unconnected or has no load
WARNING: [Synth 8-7129] Port I_CH0_ARADDR[48] in module ImageRenderHLS_gmem5_m_axi is either unconnected or has no load
WARNING: [Synth 8-7129] Port I_CH0_ARADDR[47] in module ImageRenderHLS_gmem5_m_axi is either unconnected or has no load
WARNING: [Synth 8-7129] Port I_CH0_ARADDR[46] in module ImageRenderHLS_gmem5_m_axi is either unconnected or has no load
WARNING: [Synth 8-7129] Port I_CH0_ARADDR[45] in module ImageRenderHLS_gmem5_m_axi is either unconnected or has no load
WARNING: [Synth 8-7129] Port I_CH0_ARADDR[44] in module ImageRenderHLS_gmem5_m_axi is either unconnected or has no load
WARNING: [Synth 8-7129] Port I_CH0_ARADDR[43] in module ImageRenderHLS_gmem5_m_axi is either unconnected or has no load
WARNING: [Synth 8-7129] Port I_CH0_ARADDR[42] in module ImageRenderHLS_gmem5_m_axi is either unconnected or has no load
WARNING: [Synth 8-7129] Port I_CH0_ARADDR[41] in module ImageRenderHLS_gmem5_m_axi is either unconnected or has no load
WARNING: [Synth 8-7129] Port I_CH0_ARADDR[40] in module ImageRenderHLS_gmem5_m_axi is either unconnected or has no load
WARNING: [Synth 8-7129] Port I_CH0_ARADDR[39] in module ImageRenderHLS_gmem5_m_axi is either unconnected or has no load
WARNING: [Synth 8-7129] Port I_CH0_ARADDR[38] in module ImageRenderHLS_gmem5_m_axi is either unconnected or has no load
WARNING: [Synth 8-7129] Port I_CH0_ARADDR[37] in module ImageRenderHLS_gmem5_m_axi is either unconnected or has no load
WARNING: [Synth 8-7129] Port I_CH0_ARADDR[36] in module ImageRenderHLS_gmem5_m_axi is either unconnected or has no load
WARNING: [Synth 8-7129] Port I_CH0_ARADDR[35] in module ImageRenderHLS_gmem5_m_axi is either unconnected or has no load
WARNING: [Synth 8-7129] Port I_CH0_ARADDR[34] in module ImageRenderHLS_gmem5_m_axi is either unconnected or has no load
WARNING: [Synth 8-7129] Port I_CH0_ARADDR[33] in module ImageRenderHLS_gmem5_m_axi is either unconnected or has no load
WARNING: [Synth 8-7129] Port I_CH0_ARADDR[32] in module ImageRenderHLS_gmem5_m_axi is either unconnected or has no load
WARNING: [Synth 8-7129] Port I_CH0_ARADDR[31] in module ImageRenderHLS_gmem5_m_axi is either unconnected or has no load
WARNING: [Synth 8-7129] Port I_CH0_ARADDR[30] in module ImageRenderHLS_gmem5_m_axi is either unconnected or has no load
WARNING: [Synth 8-7129] Port I_CH0_ARADDR[29] in module ImageRenderHLS_gmem5_m_axi is either unconnected or has no load
WARNING: [Synth 8-7129] Port I_CH0_ARADDR[28] in module ImageRenderHLS_gmem5_m_axi is either unconnected or has no load
WARNING: [Synth 8-7129] Port I_CH0_ARADDR[27] in module ImageRenderHLS_gmem5_m_axi is either unconnected or has no load
WARNING: [Synth 8-7129] Port I_CH0_ARADDR[26] in module ImageRenderHLS_gmem5_m_axi is either unconnected or has no load
WARNING: [Synth 8-7129] Port I_CH0_ARADDR[25] in module ImageRenderHLS_gmem5_m_axi is either unconnected or has no load
WARNING: [Synth 8-7129] Port I_CH0_ARADDR[24] in module ImageRenderHLS_gmem5_m_axi is either unconnected or has no load
WARNING: [Synth 8-7129] Port I_CH0_ARADDR[23] in module ImageRenderHLS_gmem5_m_axi is either unconnected or has no load
WARNING: [Synth 8-7129] Port I_CH0_ARADDR[22] in module ImageRenderHLS_gmem5_m_axi is either unconnected or has no load
WARNING: [Synth 8-7129] Port I_CH0_ARADDR[21] in module ImageRenderHLS_gmem5_m_axi is either unconnected or has no load
WARNING: [Synth 8-7129] Port I_CH0_ARADDR[20] in module ImageRenderHLS_gmem5_m_axi is either unconnected or has no load
WARNING: [Synth 8-7129] Port I_CH0_ARADDR[19] in module ImageRenderHLS_gmem5_m_axi is either unconnected or has no load
WARNING: [Synth 8-7129] Port I_CH0_ARADDR[18] in module ImageRenderHLS_gmem5_m_axi is either unconnected or has no load
WARNING: [Synth 8-7129] Port I_CH0_ARADDR[17] in module ImageRenderHLS_gmem5_m_axi is either unconnected or has no load
WARNING: [Synth 8-7129] Port I_CH0_ARADDR[16] in module ImageRenderHLS_gmem5_m_axi is either unconnected or has no load
WARNING: [Synth 8-7129] Port I_CH0_ARADDR[15] in module ImageRenderHLS_gmem5_m_axi is either unconnected or has no load
WARNING: [Synth 8-7129] Port I_CH0_ARADDR[14] in module ImageRenderHLS_gmem5_m_axi is either unconnected or has no load
WARNING: [Synth 8-7129] Port I_CH0_ARADDR[13] in module ImageRenderHLS_gmem5_m_axi is either unconnected or has no load
WARNING: [Synth 8-7129] Port I_CH0_ARADDR[12] in module ImageRenderHLS_gmem5_m_axi is either unconnected or has no load
WARNING: [Synth 8-7129] Port I_CH0_ARADDR[11] in module ImageRenderHLS_gmem5_m_axi is either unconnected or has no load
WARNING: [Synth 8-7129] Port I_CH0_ARADDR[10] in module ImageRenderHLS_gmem5_m_axi is either unconnected or has no load
WARNING: [Synth 8-7129] Port I_CH0_ARADDR[9] in module ImageRenderHLS_gmem5_m_axi is either unconnected or has no load
WARNING: [Synth 8-7129] Port I_CH0_ARADDR[8] in module ImageRenderHLS_gmem5_m_axi is either unconnected or has no load
WARNING: [Synth 8-7129] Port I_CH0_ARADDR[7] in module ImageRenderHLS_gmem5_m_axi is either unconnected or has no load
INFO: [Common 17-14] Message 'Synth 8-7129' appears 100 times and further instances of the messages will be disabled. Use the Tcl command set_msg_config to change the current settings.
---------------------------------------------------------------------------------
Finished RTL Elaboration : Time (s): cpu = 00:00:25 ; elapsed = 00:00:26 . Memory (MB): peak = 2813.660 ; gain = 494.164 ; free physical = 4376 ; free virtual = 12261
---------------------------------------------------------------------------------
---------------------------------------------------------------------------------
Start Handling Custom Attributes
---------------------------------------------------------------------------------
---------------------------------------------------------------------------------
Finished Handling Custom Attributes : Time (s): cpu = 00:00:26 ; elapsed = 00:00:27 . Memory (MB): peak = 2813.660 ; gain = 494.164 ; free physical = 4377 ; free virtual = 12262
---------------------------------------------------------------------------------
---------------------------------------------------------------------------------
Finished RTL Optimization Phase 1 : Time (s): cpu = 00:00:26 ; elapsed = 00:00:27 . Memory (MB): peak = 2813.660 ; gain = 494.164 ; free physical = 4377 ; free virtual = 12262
---------------------------------------------------------------------------------
Netlist sorting complete. Time (s): cpu = 00:00:03 ; elapsed = 00:00:03 . Memory (MB): peak = 2830.137 ; gain = 0.000 ; free physical = 3210 ; free virtual = 11099
INFO: [Netlist 29-17] Analyzing 11515 Unisim elements for replacement
INFO: [Netlist 29-28] Unisim Transformation completed in 3 CPU seconds
INFO: [Project 1-570] Preparing netlist for logic optimization

Processing XDC Constraints
Initializing timing engine
Parsing XDC File [/home/emanuel/workspace/mesh_vo/MultiPlatformDiffRenderer/src/backends/xrt/hls/build/xclbin/_x/link/vivado/vpl/prj/prj.gen/sources_1/bd/system/ip/system_ImageRenderHLS_1_0/constraints/ImageRenderHLS_ooc.xdc] for cell 'inst'
create_clock: Time (s): cpu = 00:00:05 ; elapsed = 00:00:05 . Memory (MB): peak = 3401.004 ; gain = 29.781 ; free physical = 1123 ; free virtual = 9020
Finished Parsing XDC File [/home/emanuel/workspace/mesh_vo/MultiPlatformDiffRenderer/src/backends/xrt/hls/build/xclbin/_x/link/vivado/vpl/prj/prj.gen/sources_1/bd/system/ip/system_ImageRenderHLS_1_0/constraints/ImageRenderHLS_ooc.xdc] for cell 'inst'
Parsing XDC File [/home/emanuel/workspace/mesh_vo/MultiPlatformDiffRenderer/src/backends/xrt/hls/build/xclbin/_x/link/vivado/vpl/prj/prj.runs/system_ImageRenderHLS_1_0_synth_1/dont_touch.xdc]
Finished Parsing XDC File [/home/emanuel/workspace/mesh_vo/MultiPlatformDiffRenderer/src/backends/xrt/hls/build/xclbin/_x/link/vivado/vpl/prj/prj.runs/system_ImageRenderHLS_1_0_synth_1/dont_touch.xdc]
Completed Processing XDC Constraints

Netlist sorting complete. Time (s): cpu = 00:00:00.05 ; elapsed = 00:00:00.05 . Memory (MB): peak = 3401.004 ; gain = 0.000 ; free physical = 1124 ; free virtual = 9021
INFO: [Project 1-111] Unisim Transformation Summary:
  A total of 427 instances were transformed.
  DSP48E1 => DSP48E2 (DSP_ALU, DSP_A_B_DATA, DSP_C_DATA, DSP_MULTIPLIER, DSP_M_DATA, DSP_OUTPUT, DSP_PREADD, DSP_PREADD_DATA): 182 instances
  FDE => FDRE: 245 instances

Constraint Validation Runtime : Time (s): cpu = 00:00:03 ; elapsed = 00:00:03 . Memory (MB): peak = 3448.926 ; gain = 36.000 ; free physical = 1011 ; free virtual = 8909
INFO: [Designutils 20-5008] Incremental synthesis strategy off
---------------------------------------------------------------------------------
Finished Constraint Validation : Time (s): cpu = 00:01:16 ; elapsed = 00:01:18 . Memory (MB): peak = 3453.012 ; gain = 1133.516 ; free physical = 2271 ; free virtual = 10168
---------------------------------------------------------------------------------
---------------------------------------------------------------------------------
Start Loading Part and Timing Information
---------------------------------------------------------------------------------
Loading part: xck26-sfvc784-2LV-c
INFO: [Synth 8-6742] Reading net delay rules and data
---------------------------------------------------------------------------------
Finished Loading Part and Timing Information : Time (s): cpu = 00:01:16 ; elapsed = 00:01:18 . Memory (MB): peak = 3461.016 ; gain = 1141.520 ; free physical = 2271 ; free virtual = 10168
---------------------------------------------------------------------------------
---------------------------------------------------------------------------------
Start Applying 'set_property' XDC Constraints
---------------------------------------------------------------------------------
Applied set_property KEEP_HIERARCHY = SOFT for inst. (constraint file  /home/emanuel/workspace/mesh_vo/MultiPlatformDiffRenderer/src/backends/xrt/hls/build/xclbin/_x/link/vivado/vpl/prj/prj.runs/system_ImageRenderHLS_1_0_synth_1/dont_touch.xdc, line 9).
---------------------------------------------------------------------------------
Finished applying 'set_property' XDC Constraints : Time (s): cpu = 00:01:16 ; elapsed = 00:01:18 . Memory (MB): peak = 3461.016 ; gain = 1141.520 ; free physical = 2271 ; free virtual = 10168
---------------------------------------------------------------------------------
INFO: [Synth 8-4490] FSM extraction disabled for register 'ap_CS_fsm_reg' through user attribute
INFO: [Synth 8-4490] FSM extraction disabled for register 'ap_CS_fsm_reg' through user attribute
WARNING: [Synth 8-3936] Found unconnected internal register 'zext_ln260_reg_3250_reg' and it is trimmed from '32' to '8' bits. [/home/emanuel/workspace/mesh_vo/MultiPlatformDiffRenderer/src/backends/xrt/hls/build/xclbin/_x/link/vivado/vpl/prj/prj.gen/sources_1/bd/system/ipshared/9917/hdl/verilog/ImageRenderHLS_get_triangles_BufferViewBase_BufferViewBase_Uniforms_s.v:2027]
WARNING: [Synth 8-3936] Found unconnected internal register 'bitcast_ln243_1_reg_2890_reg' and it is trimmed from '32' to '31' bits. [/home/emanuel/workspace/mesh_vo/MultiPlatformDiffRenderer/src/backends/xrt/hls/build/xclbin/_x/link/vivado/vpl/prj/prj.gen/sources_1/bd/system/ipshared/9917/hdl/verilog/ImageRenderHLS_get_triangles_BufferViewBase_BufferViewBase_Uniforms_s.v:1952]
WARNING: [Synth 8-3936] Found unconnected internal register 'bitcast_ln244_1_reg_2900_reg' and it is trimmed from '32' to '31' bits. [/home/emanuel/workspace/mesh_vo/MultiPlatformDiffRenderer/src/backends/xrt/hls/build/xclbin/_x/link/vivado/vpl/prj/prj.gen/sources_1/bd/system/ipshared/9917/hdl/verilog/ImageRenderHLS_get_triangles_BufferViewBase_BufferViewBase_Uniforms_s.v:1953]
WARNING: [Synth 8-3936] Found unconnected internal register 'reg_1185_reg' and it is trimmed from '32' to '31' bits. [/home/emanuel/workspace/mesh_vo/MultiPlatformDiffRenderer/src/backends/xrt/hls/build/xclbin/_x/link/vivado/vpl/prj/prj.gen/sources_1/bd/system/ipshared/9917/hdl/verilog/ImageRenderHLS_get_triangles_BufferViewBase_BufferViewBase_Uniforms_s.v:2052]
WARNING: [Synth 8-3936] Found unconnected internal register 'bitcast_ln242_1_reg_2880_reg' and it is trimmed from '32' to '31' bits. [/home/emanuel/workspace/mesh_vo/MultiPlatformDiffRenderer/src/backends/xrt/hls/build/xclbin/_x/link/vivado/vpl/prj/prj.gen/sources_1/bd/system/ipshared/9917/hdl/verilog/ImageRenderHLS_get_triangles_BufferViewBase_BufferViewBase_Uniforms_s.v:1951]
WARNING: [Synth 8-3936] Found unconnected internal register 'bitcast_ln241_reg_2870_reg' and it is trimmed from '32' to '31' bits. [/home/emanuel/workspace/mesh_vo/MultiPlatformDiffRenderer/src/backends/xrt/hls/build/xclbin/_x/link/vivado/vpl/prj/prj.gen/sources_1/bd/system/ipshared/9917/hdl/verilog/ImageRenderHLS_get_triangles_BufferViewBase_BufferViewBase_Uniforms_s.v:1950]
INFO: [Synth 8-4490] FSM extraction disabled for register 'ap_CS_fsm_reg' through user attribute
INFO: [Synth 8-4490] FSM extraction disabled for register 'ap_CS_fsm_reg' through user attribute
INFO: [Synth 8-4490] FSM extraction disabled for register 'ap_CS_fsm_reg' through user attribute
INFO: [Synth 8-4490] FSM extraction disabled for register 'ap_CS_fsm_reg' through user attribute
INFO: [Synth 8-4490] FSM extraction disabled for register 'ap_CS_fsm_reg' through user attribute
INFO: [Synth 8-4490] FSM extraction disabled for register 'ap_CS_fsm_reg' through user attribute
INFO: [Synth 8-4490] FSM extraction disabled for register 'ap_CS_fsm_reg' through user attribute
INFO: [Synth 8-4490] FSM extraction disabled for register 'ap_CS_fsm_reg' through user attribute
INFO: [Synth 8-4490] FSM extraction disabled for register 'ap_CS_fsm_reg' through user attribute
INFO: [Synth 8-4490] FSM extraction disabled for register 'ap_CS_fsm_reg' through user attribute
INFO: [Synth 8-4490] FSM extraction disabled for register 'ap_CS_fsm_reg' through user attribute
INFO: [Synth 8-4490] FSM extraction disabled for register 'ap_CS_fsm_reg' through user attribute
INFO: [Synth 8-4490] FSM extraction disabled for register 'ap_CS_fsm_reg' through user attribute
INFO: [Synth 8-802] inferred FSM for state register 'wstate_reg' in module 'ImageRenderHLS_control_s_axi'
INFO: [Synth 8-802] inferred FSM for state register 'rstate_reg' in module 'ImageRenderHLS_control_s_axi'
INFO: [Synth 8-802] inferred FSM for state register 'state_reg' in module 'ImageRenderHLS_gmem0_m_axi_reg_slice'
INFO: [Synth 8-802] inferred FSM for state register 'state_reg' in module 'ImageRenderHLS_gmem0_m_axi_reg_slice__parameterized0'
INFO: [Synth 8-802] inferred FSM for state register 'state_reg' in module 'ImageRenderHLS_gmem1_m_axi_reg_slice'
INFO: [Synth 8-802] inferred FSM for state register 'state_reg' in module 'ImageRenderHLS_gmem1_m_axi_reg_slice__parameterized0'
INFO: [Synth 8-802] inferred FSM for state register 'state_reg' in module 'ImageRenderHLS_gmem5_m_axi_reg_slice'
INFO: [Synth 8-802] inferred FSM for state register 'state_reg' in module 'ImageRenderHLS_gmem5_m_axi_reg_slice__parameterized0'
INFO: [Synth 8-802] inferred FSM for state register 'state_reg' in module 'ImageRenderHLS_gmem5_m_axi_reg_slice__parameterized1'
INFO: [Synth 8-4490] FSM extraction disabled for register 'ap_CS_fsm_reg' through user attribute
INFO: [Synth 8-4490] FSM extraction disabled for register 'ap_CS_fsm_reg' through user attribute
INFO: [Synth 8-3971] The signal "ImageRenderHLS_Render_mat_RAM_AUTO_1R1W:/ram_reg" was recognized as a true dual port RAM template.
INFO: [Synth 8-6904] The RAM "ImageRenderHLS_Render_mat_6_RAM_AUTO_1R1W:/ram_reg" of size (depth=4 x width=32) is automatically implemented using LUTRAM. BRAM implementation would be inefficient 
INFO: [Synth 8-6793] RAM ("ImageRenderHLS_RenderTiledFragBuff2_Uniforms_InTextures_OutTextures_s_fragment_buffer_RAM_AUDeQ:/ram_reg") is implemented using BRAM instead of URAM due to insufficient pipeline registers. Available pipeline stages = 0, Minimum required pipeline stages = 1 
INFO: [Synth 8-5800] Cascade chain of height 4 reduced to 3 because memory depth for RAM "ImageRenderHLS_RenderTiledFragBuff2_Uniforms_InTextures_OutTextures_s_fragment_buffer_RAM_AUDeQ:/ram_reg" is not power of 2. 
INFO: [Synth 8-6904] The RAM "ImageRenderHLS_get_triangles_BufferViewBase_BufferViewBase_Uniforms_s_vertexdata_RAM_AUTO_1R1W:/ram_reg" of size (depth=3 x width=32) is automatically implemented using LUTRAM. BRAM implementation would be inefficient 
INFO: [Synth 8-6904] The RAM "ImageRenderHLS_get_triangles_BufferViewBase_BufferViewBase_Uniforms_s_triangle_screen_RAM_AUdEe:/ram_reg" of size (depth=3 x width=32) is automatically implemented using LUTRAM. BRAM implementation would be inefficient 
---------------------------------------------------------------------------------------------------
                   State |                     New Encoding |                Previous Encoding 
---------------------------------------------------------------------------------------------------
                  iSTATE |                             0001 |                               11
*
                  WRIDLE |                             0010 |                               00
                  WRDATA |                             0100 |                               01
                  WRRESP |                             1000 |                               10
---------------------------------------------------------------------------------------------------
INFO: [Synth 8-3354] encoded FSM with state register 'wstate_reg' using encoding 'one-hot' in module 'ImageRenderHLS_control_s_axi'
---------------------------------------------------------------------------------------------------
                   State |                     New Encoding |                Previous Encoding 
---------------------------------------------------------------------------------------------------
                  iSTATE |                              001 |                               10
*
                  RDIDLE |                              010 |                               00
                  RDDATA |                              100 |                               01
---------------------------------------------------------------------------------------------------
INFO: [Synth 8-3354] encoded FSM with state register 'rstate_reg' using encoding 'one-hot' in module 'ImageRenderHLS_control_s_axi'
---------------------------------------------------------------------------------------------------
                   State |                     New Encoding |                Previous Encoding 
---------------------------------------------------------------------------------------------------
                    ZERO |                               00 |                               10
                     ONE |                               10 |                               11
                     TWO |                               01 |                               01
---------------------------------------------------------------------------------------------------
INFO: [Synth 8-3354] encoded FSM with state register 'state_reg' using encoding 'sequential' in module 'ImageRenderHLS_gmem0_m_axi_reg_slice'
---------------------------------------------------------------------------------------------------
                   State |                     New Encoding |                Previous Encoding 
---------------------------------------------------------------------------------------------------
                    ZERO |                               00 |                               10
                     ONE |                               10 |                               11
                     TWO |                               01 |                               01
---------------------------------------------------------------------------------------------------
INFO: [Synth 8-3354] encoded FSM with state register 'state_reg' using encoding 'sequential' in module 'ImageRenderHLS_gmem0_m_axi_reg_slice__parameterized0'
---------------------------------------------------------------------------------------------------
                   State |                     New Encoding |                Previous Encoding 
---------------------------------------------------------------------------------------------------
                    ZERO |                               00 |                               10
                     ONE |                               10 |                               11
                     TWO |                               01 |                               01
---------------------------------------------------------------------------------------------------
INFO: [Synth 8-3354] encoded FSM with state register 'state_reg' using encoding 'sequential' in module 'ImageRenderHLS_gmem1_m_axi_reg_slice'
---------------------------------------------------------------------------------------------------
                   State |                     New Encoding |                Previous Encoding 
---------------------------------------------------------------------------------------------------
                    ZERO |                               00 |                               10
                     ONE |                               10 |                               11
                     TWO |                               01 |                               01
---------------------------------------------------------------------------------------------------
INFO: [Synth 8-3354] encoded FSM with state register 'state_reg' using encoding 'sequential' in module 'ImageRenderHLS_gmem1_m_axi_reg_slice__parameterized0'
INFO: [Synth 8-7082] The signal mem_reg is implemented as Block RAM but is better mapped onto distributed LUT RAM for the following reason(s): The depth (4 address bits) is shallow. Please use attribute (* ram_style = "distributed" *) to instruct Vivado to infer distributed LUT RAM.
---------------------------------------------------------------------------------------------------
                   State |                     New Encoding |                Previous Encoding 
---------------------------------------------------------------------------------------------------
                    ZERO |                               00 |                               10
                     ONE |                               10 |                               11
                     TWO |                               01 |                               01
---------------------------------------------------------------------------------------------------
INFO: [Synth 8-3354] encoded FSM with state register 'state_reg' using encoding 'sequential' in module 'ImageRenderHLS_gmem5_m_axi_reg_slice'
---------------------------------------------------------------------------------------------------
                   State |                     New Encoding |                Previous Encoding 
---------------------------------------------------------------------------------------------------
                    ZERO |                               00 |                               10
                     ONE |                               10 |                               11
                     TWO |                               01 |                               01
---------------------------------------------------------------------------------------------------
INFO: [Synth 8-3354] encoded FSM with state register 'state_reg' using encoding 'sequential' in module 'ImageRenderHLS_gmem5_m_axi_reg_slice__parameterized0'
---------------------------------------------------------------------------------------------------
                   State |                     New Encoding |                Previous Encoding 
---------------------------------------------------------------------------------------------------
                    ZERO |                               00 |                               10
                     ONE |                               10 |                               11
                     TWO |                               01 |                               01
---------------------------------------------------------------------------------------------------
INFO: [Synth 8-3354] encoded FSM with state register 'state_reg' using encoding 'sequential' in module 'ImageRenderHLS_gmem5_m_axi_reg_slice__parameterized1'
---------------------------------------------------------------------------------
Finished RTL Optimization Phase 2 : Time (s): cpu = 00:01:31 ; elapsed = 00:01:33 . Memory (MB): peak = 3461.016 ; gain = 1141.520 ; free physical = 2439 ; free virtual = 10354
---------------------------------------------------------------------------------
INFO: [Synth 8-223] decloning instance 'flt_add_dsp:/DSP48E1_BODY.ALIGN_ADD/SUB_DELAY' (delay__parameterized0) to 'flt_add_dsp:/DSP48E1_BODY.ALIGN_ADD/SUB_ADD_IP_DELAY'
INFO: [Synth 8-223] decloning instance 'floating_point_v7_1_19:/i_synth/DELAY_DIVIDE_BY_ZERO' (delay__parameterized0) to 'floating_point_v7_1_19:/i_synth/DELAY_ACCUM_OVERFLOW'
INFO: [Synth 8-223] decloning instance 'floating_point_v7_1_19:/i_synth/DELAY_DIVIDE_BY_ZERO' (delay__parameterized0) to 'floating_point_v7_1_19:/i_synth/DELAY_ACCUM_INPUT_OVERFLOW'
INFO: [Synth 8-223] decloning instance 'floating_point_v7_1_19__parameterized0:/i_synth/DELAY_DIVIDE_BY_ZERO' (delay__parameterized0) to 'floating_point_v7_1_19__parameterized0:/i_synth/DELAY_ACCUM_OVERFLOW'
INFO: [Synth 8-223] decloning instance 'floating_point_v7_1_19__parameterized0:/i_synth/DELAY_DIVIDE_BY_ZERO' (delay__parameterized0) to 'floating_point_v7_1_19__parameterized0:/i_synth/DELAY_ACCUM_INPUT_OVERFLOW'
INFO: [Synth 8-223] decloning instance 'ImageRenderHLS_sitofp_32ns_32_6_no_dsp_1:/ImageRenderHLS_sitofp_32ns_32_6_no_dsp_1_ip_u/inst/i_synth/FIX_TO_FLT_OP.SPD.OP/ROUND/EXTRA_LSB_BIT_DEL' (delay__parameterized0) to 'ImageRenderHLS_sitofp_32ns_32_6_no_dsp_1:/ImageRenderHLS_sitofp_32ns_32_6_no_dsp_1_ip_u/inst/i_synth/FIX_TO_FLT_OP.SPD.OP/ROUND/EXTRA_LSB_RND1_DEL'
INFO: [Synth 8-223] decloning instance 'ImageRenderHLS_sitofp_32ns_32_6_no_dsp_1:/ImageRenderHLS_sitofp_32ns_32_6_no_dsp_1_ip_u/inst/i_synth/FIX_TO_FLT_OP.SPD.OP/ROUND/EXP_INC_DELAY' (delay__parameterized0) to 'ImageRenderHLS_sitofp_32ns_32_6_no_dsp_1:/ImageRenderHLS_sitofp_32ns_32_6_no_dsp_1_ip_u/inst/i_synth/FIX_TO_FLT_OP.SPD.OP/ROUND/EXP_INC_RND1_DELAY'
INFO: [Synth 8-223] decloning instance 'ImageRenderHLS_sitofp_32ns_32_6_no_dsp_1:/ImageRenderHLS_sitofp_32ns_32_6_no_dsp_1_ip_u/inst/i_synth/FIX_TO_FLT_OP.SPD.OP/ROUND/EXP_IN_DELAY.EXP_IN_DEL' (delay__parameterized30) to 'ImageRenderHLS_sitofp_32ns_32_6_no_dsp_1:/ImageRenderHLS_sitofp_32ns_32_6_no_dsp_1_ip_u/inst/i_synth/FIX_TO_FLT_OP.SPD.OP/ROUND/EXP_RND2_DELAY.EXP_RND_DEL'
INFO: [Synth 8-223] decloning instance 'ImageRenderHLS_sitofp_32ns_32_6_no_dsp_1:/ImageRenderHLS_sitofp_32ns_32_6_no_dsp_1_ip_u/inst/i_synth/FIX_TO_FLT_OP.SPD.OP/ROUND/EXP_IN_DELAY.EXP_OFF_OP_DEL' (delay__parameterized30) to 'ImageRenderHLS_sitofp_32ns_32_6_no_dsp_1:/ImageRenderHLS_sitofp_32ns_32_6_no_dsp_1_ip_u/inst/i_synth/FIX_TO_FLT_OP.SPD.OP/ROUND/EXP_RND2_DELAY.EXP_OFF_RND_DEL'
INFO: [Synth 8-223] decloning instance 'ImageRenderHLS_sitofp_32ns_32_6_no_dsp_1:/ImageRenderHLS_sitofp_32ns_32_6_no_dsp_1_ip_u/inst/i_synth/DELAY_INVALID_OP' (delay__parameterized0) to 'ImageRenderHLS_sitofp_32ns_32_6_no_dsp_1:/ImageRenderHLS_sitofp_32ns_32_6_no_dsp_1_ip_u/inst/i_synth/DELAY_DIVIDE_BY_ZERO'
INFO: [Synth 8-223] decloning instance 'ImageRenderHLS_sitofp_32ns_32_6_no_dsp_1:/ImageRenderHLS_sitofp_32ns_32_6_no_dsp_1_ip_u/inst/i_synth/DELAY_INVALID_OP' (delay__parameterized0) to 'ImageRenderHLS_sitofp_32ns_32_6_no_dsp_1:/ImageRenderHLS_sitofp_32ns_32_6_no_dsp_1_ip_u/inst/i_synth/DELAY_OVERFLOW'
INFO: [Synth 8-223] decloning instance 'ImageRenderHLS_sitofp_32ns_32_6_no_dsp_1:/ImageRenderHLS_sitofp_32ns_32_6_no_dsp_1_ip_u/inst/i_synth/DELAY_INVALID_OP' (delay__parameterized0) to 'ImageRenderHLS_sitofp_32ns_32_6_no_dsp_1:/ImageRenderHLS_sitofp_32ns_32_6_no_dsp_1_ip_u/inst/i_synth/DELAY_UNDERFLOW'
INFO: [Synth 8-223] decloning instance 'ImageRenderHLS_sitofp_32ns_32_6_no_dsp_1:/ImageRenderHLS_sitofp_32ns_32_6_no_dsp_1_ip_u/inst/i_synth/DELAY_INVALID_OP' (delay__parameterized0) to 'ImageRenderHLS_sitofp_32ns_32_6_no_dsp_1:/ImageRenderHLS_sitofp_32ns_32_6_no_dsp_1_ip_u/inst/i_synth/DELAY_ACCUM_OVERFLOW'
INFO: [Synth 8-223] decloning instance 'ImageRenderHLS_sitofp_32ns_32_6_no_dsp_1:/ImageRenderHLS_sitofp_32ns_32_6_no_dsp_1_ip_u/inst/i_synth/DELAY_INVALID_OP' (delay__parameterized0) to 'ImageRenderHLS_sitofp_32ns_32_6_no_dsp_1:/ImageRenderHLS_sitofp_32ns_32_6_no_dsp_1_ip_u/inst/i_synth/DELAY_ACCUM_INPUT_OVERFLOW'
INFO: [Synth 8-223] decloning instance 'floating_point_v7_1_19__parameterized2:/i_synth/DIV_OP.SPD.OP/ROUND/EXTRA_LSB_BIT_DEL' (delay__parameterized0) to 'floating_point_v7_1_19__parameterized2:/i_synth/DIV_OP.SPD.OP/ROUND/EXTRA_LSB_RND1_DEL'
INFO: [Synth 8-223] decloning instance 'floating_point_v7_1_19__parameterized2:/i_synth/DIV_OP.SPD.OP/ROUND/EXP_INC_DELAY' (delay__parameterized0) to 'floating_point_v7_1_19__parameterized2:/i_synth/DIV_OP.SPD.OP/ROUND/EXP_INC_RND1_DELAY'
INFO: [Synth 8-223] decloning instance 'floating_point_v7_1_19__parameterized2:/i_synth/DIV_OP.SPD.OP/ROUND/EXP_IN_DELAY.EXP_IN_DEL' (delay__parameterized30) to 'floating_point_v7_1_19__parameterized2:/i_synth/DIV_OP.SPD.OP/ROUND/EXP_RND2_DELAY.EXP_RND_DEL'
INFO: [Synth 8-223] decloning instance 'floating_point_v7_1_19__parameterized2:/i_synth/DIV_OP.SPD.OP/ROUND/EXP_IN_DELAY.EXP_OFF_OP_DEL' (delay__parameterized30) to 'floating_point_v7_1_19__parameterized2:/i_synth/DIV_OP.SPD.OP/ROUND/EXP_RND2_DELAY.EXP_OFF_RND_DEL'
INFO: [Synth 8-223] decloning instance 'floating_point_v7_1_19__parameterized2:/i_synth/DELAY_ACCUM_OVERFLOW' (delay__parameterized0) to 'floating_point_v7_1_19__parameterized2:/i_synth/DELAY_ACCUM_INPUT_OVERFLOW'
INFO: [Synth 8-223] decloning instance 'ImageRenderHLS_uitofp_32ns_32_6_no_dsp_1:/ImageRenderHLS_uitofp_32ns_32_6_no_dsp_1_ip_u/inst/i_synth/FIX_TO_FLT_OP.SPD.OP/ROUND/EXTRA_LSB_BIT_DEL' (delay__parameterized0) to 'ImageRenderHLS_uitofp_32ns_32_6_no_dsp_1:/ImageRenderHLS_uitofp_32ns_32_6_no_dsp_1_ip_u/inst/i_synth/FIX_TO_FLT_OP.SPD.OP/ROUND/EXTRA_LSB_RND1_DEL'
INFO: [Synth 8-223] decloning instance 'ImageRenderHLS_uitofp_32ns_32_6_no_dsp_1:/ImageRenderHLS_uitofp_32ns_32_6_no_dsp_1_ip_u/inst/i_synth/FIX_TO_FLT_OP.SPD.OP/ROUND/EXP_INC_DELAY' (delay__parameterized0) to 'ImageRenderHLS_uitofp_32ns_32_6_no_dsp_1:/ImageRenderHLS_uitofp_32ns_32_6_no_dsp_1_ip_u/inst/i_synth/FIX_TO_FLT_OP.SPD.OP/ROUND/EXP_INC_RND1_DELAY'
INFO: [Synth 8-223] decloning instance 'ImageRenderHLS_uitofp_32ns_32_6_no_dsp_1:/ImageRenderHLS_uitofp_32ns_32_6_no_dsp_1_ip_u/inst/i_synth/DELAY_INVALID_OP' (delay__parameterized0) to 'ImageRenderHLS_uitofp_32ns_32_6_no_dsp_1:/ImageRenderHLS_uitofp_32ns_32_6_no_dsp_1_ip_u/inst/i_synth/DELAY_DIVIDE_BY_ZERO'
INFO: [Synth 8-223] decloning instance 'ImageRenderHLS_uitofp_32ns_32_6_no_dsp_1:/ImageRenderHLS_uitofp_32ns_32_6_no_dsp_1_ip_u/inst/i_synth/DELAY_INVALID_OP' (delay__parameterized0) to 'ImageRenderHLS_uitofp_32ns_32_6_no_dsp_1:/ImageRenderHLS_uitofp_32ns_32_6_no_dsp_1_ip_u/inst/i_synth/DELAY_OVERFLOW'
INFO: [Synth 8-223] decloning instance 'ImageRenderHLS_uitofp_32ns_32_6_no_dsp_1:/ImageRenderHLS_uitofp_32ns_32_6_no_dsp_1_ip_u/inst/i_synth/DELAY_INVALID_OP' (delay__parameterized0) to 'ImageRenderHLS_uitofp_32ns_32_6_no_dsp_1:/ImageRenderHLS_uitofp_32ns_32_6_no_dsp_1_ip_u/inst/i_synth/DELAY_UNDERFLOW'
INFO: [Synth 8-223] decloning instance 'ImageRenderHLS_uitofp_32ns_32_6_no_dsp_1:/ImageRenderHLS_uitofp_32ns_32_6_no_dsp_1_ip_u/inst/i_synth/DELAY_INVALID_OP' (delay__parameterized0) to 'ImageRenderHLS_uitofp_32ns_32_6_no_dsp_1:/ImageRenderHLS_uitofp_32ns_32_6_no_dsp_1_ip_u/inst/i_synth/DELAY_ACCUM_OVERFLOW'
INFO: [Synth 8-223] decloning instance 'ImageRenderHLS_uitofp_32ns_32_6_no_dsp_1:/ImageRenderHLS_uitofp_32ns_32_6_no_dsp_1_ip_u/inst/i_synth/DELAY_INVALID_OP' (delay__parameterized0) to 'ImageRenderHLS_uitofp_32ns_32_6_no_dsp_1:/ImageRenderHLS_uitofp_32ns_32_6_no_dsp_1_ip_u/inst/i_synth/DELAY_ACCUM_INPUT_OVERFLOW'
INFO: [Synth 8-223] decloning instance 'ImageRenderHLS_sitofp_64ns_32_6_no_dsp_1:/ImageRenderHLS_sitofp_64ns_32_6_no_dsp_1_ip_u/inst/i_synth/FIX_TO_FLT_OP.SPD.OP/ROUND/EXTRA_LSB_BIT_DEL' (delay__parameterized0) to 'ImageRenderHLS_sitofp_64ns_32_6_no_dsp_1:/ImageRenderHLS_sitofp_64ns_32_6_no_dsp_1_ip_u/inst/i_synth/FIX_TO_FLT_OP.SPD.OP/ROUND/EXTRA_LSB_RND1_DEL'
INFO: [Synth 8-223] decloning instance 'ImageRenderHLS_sitofp_64ns_32_6_no_dsp_1:/ImageRenderHLS_sitofp_64ns_32_6_no_dsp_1_ip_u/inst/i_synth/FIX_TO_FLT_OP.SPD.OP/ROUND/EXP_INC_DELAY' (delay__parameterized0) to 'ImageRenderHLS_sitofp_64ns_32_6_no_dsp_1:/ImageRenderHLS_sitofp_64ns_32_6_no_dsp_1_ip_u/inst/i_synth/FIX_TO_FLT_OP.SPD.OP/ROUND/EXP_INC_RND1_DELAY'
INFO: [Synth 8-223] decloning instance 'ImageRenderHLS_sitofp_64ns_32_6_no_dsp_1:/ImageRenderHLS_sitofp_64ns_32_6_no_dsp_1_ip_u/inst/i_synth/FIX_TO_FLT_OP.SPD.OP/ROUND/EXP_IN_DELAY.EXP_IN_DEL' (delay__parameterized30) to 'ImageRenderHLS_sitofp_64ns_32_6_no_dsp_1:/ImageRenderHLS_sitofp_64ns_32_6_no_dsp_1_ip_u/inst/i_synth/FIX_TO_FLT_OP.SPD.OP/ROUND/EXP_RND2_DELAY.EXP_RND_DEL'
INFO: [Synth 8-223] decloning instance 'ImageRenderHLS_sitofp_64ns_32_6_no_dsp_1:/ImageRenderHLS_sitofp_64ns_32_6_no_dsp_1_ip_u/inst/i_synth/FIX_TO_FLT_OP.SPD.OP/ROUND/EXP_IN_DELAY.EXP_OFF_OP_DEL' (delay__parameterized30) to 'ImageRenderHLS_sitofp_64ns_32_6_no_dsp_1:/ImageRenderHLS_sitofp_64ns_32_6_no_dsp_1_ip_u/inst/i_synth/FIX_TO_FLT_OP.SPD.OP/ROUND/EXP_RND2_DELAY.EXP_OFF_RND_DEL'
INFO: [Synth 8-223] decloning instance 'ImageRenderHLS_sitofp_64ns_32_6_no_dsp_1:/ImageRenderHLS_sitofp_64ns_32_6_no_dsp_1_ip_u/inst/i_synth/DELAY_INVALID_OP' (delay__parameterized0) to 'ImageRenderHLS_sitofp_64ns_32_6_no_dsp_1:/ImageRenderHLS_sitofp_64ns_32_6_no_dsp_1_ip_u/inst/i_synth/DELAY_DIVIDE_BY_ZERO'
INFO: [Synth 8-223] decloning instance 'ImageRenderHLS_sitofp_64ns_32_6_no_dsp_1:/ImageRenderHLS_sitofp_64ns_32_6_no_dsp_1_ip_u/inst/i_synth/DELAY_INVALID_OP' (delay__parameterized0) to 'ImageRenderHLS_sitofp_64ns_32_6_no_dsp_1:/ImageRenderHLS_sitofp_64ns_32_6_no_dsp_1_ip_u/inst/i_synth/DELAY_OVERFLOW'
INFO: [Synth 8-223] decloning instance 'ImageRenderHLS_sitofp_64ns_32_6_no_dsp_1:/ImageRenderHLS_sitofp_64ns_32_6_no_dsp_1_ip_u/inst/i_synth/DELAY_INVALID_OP' (delay__parameterized0) to 'ImageRenderHLS_sitofp_64ns_32_6_no_dsp_1:/ImageRenderHLS_sitofp_64ns_32_6_no_dsp_1_ip_u/inst/i_synth/DELAY_UNDERFLOW'
INFO: [Synth 8-223] decloning instance 'ImageRenderHLS_sitofp_64ns_32_6_no_dsp_1:/ImageRenderHLS_sitofp_64ns_32_6_no_dsp_1_ip_u/inst/i_synth/DELAY_INVALID_OP' (delay__parameterized0) to 'ImageRenderHLS_sitofp_64ns_32_6_no_dsp_1:/ImageRenderHLS_sitofp_64ns_32_6_no_dsp_1_ip_u/inst/i_synth/DELAY_ACCUM_OVERFLOW'
INFO: [Synth 8-223] decloning instance 'ImageRenderHLS_sitofp_64ns_32_6_no_dsp_1:/ImageRenderHLS_sitofp_64ns_32_6_no_dsp_1_ip_u/inst/i_synth/DELAY_INVALID_OP' (delay__parameterized0) to 'ImageRenderHLS_sitofp_64ns_32_6_no_dsp_1:/ImageRenderHLS_sitofp_64ns_32_6_no_dsp_1_ip_u/inst/i_synth/DELAY_ACCUM_INPUT_OVERFLOW'
INFO: [Synth 8-223] decloning instance 'floating_point_v7_1_19__parameterized5:/i_synth/DELAY_DIVIDE_BY_ZERO' (delay__parameterized0) to 'floating_point_v7_1_19__parameterized5:/i_synth/DELAY_OVERFLOW'
INFO: [Synth 8-223] decloning instance 'floating_point_v7_1_19__parameterized5:/i_synth/DELAY_DIVIDE_BY_ZERO' (delay__parameterized0) to 'floating_point_v7_1_19__parameterized5:/i_synth/DELAY_UNDERFLOW'
INFO: [Synth 8-223] decloning instance 'floating_point_v7_1_19__parameterized5:/i_synth/DELAY_DIVIDE_BY_ZERO' (delay__parameterized0) to 'floating_point_v7_1_19__parameterized5:/i_synth/DELAY_ACCUM_OVERFLOW'
INFO: [Synth 8-223] decloning instance 'floating_point_v7_1_19__parameterized5:/i_synth/DELAY_DIVIDE_BY_ZERO' (delay__parameterized0) to 'floating_point_v7_1_19__parameterized5:/i_synth/DELAY_ACCUM_INPUT_OVERFLOW'
INFO: [Synth 8-223] decloning instance 'inst/grp_Render_fu_346/grp_RenderTiledFragBuff2_Uniforms_InTextures_OutTextures_s_fu_482/grp_render_tile_Fragment_Uniforms_InTextures_s_fu_661/grp_draw_triangle_InTextures_Uniforms_Fragment_s_fu_499/grp_draw_triangle_Pipeline_draw_triangle_y_loop_draw_triangle_x_loop_fu_378/grp_fragment_shader_fu_501/fexp_32ns_32ns_32_13_full_dsp_1_U232/ImageRenderHLS_fexp_32ns_32ns_32_13_full_dsp_1_ip_u/inst/i_synth/EXP_OP.i_sp_or_dp.OP/i_renorm_and_round/EXTRA_LSB_BIT_DEL' (delay__parameterized0) to 'inst/grp_Render_fu_346/grp_RenderTiledFragBuff2_Uniforms_InTextures_OutTextures_s_fu_482/grp_render_tile_Fragment_Uniforms_InTextures_s_fu_661/grp_draw_triangle_InTextures_Uniforms_Fragment_s_fu_499/grp_draw_triangle_Pipeline_draw_triangle_y_loop_draw_triangle_x_loop_fu_378/grp_fragment_shader_fu_501/fexp_32ns_32ns_32_13_full_dsp_1_U232/ImageRenderHLS_fexp_32ns_32ns_32_13_full_dsp_1_ip_u/inst/i_synth/EXP_OP.i_sp_or_dp.OP/i_renorm_and_round/EXTRA_LSB_RND1_DEL'
INFO: [Synth 8-223] decloning instance 'inst/grp_Render_fu_346/grp_RenderTiledFragBuff2_Uniforms_InTextures_OutTextures_s_fu_482/grp_render_tile_Fragment_Uniforms_InTextures_s_fu_661/grp_draw_triangle_InTextures_Uniforms_Fragment_s_fu_499/grp_draw_triangle_Pipeline_draw_triangle_y_loop_draw_triangle_x_loop_fu_378/grp_fragment_shader_fu_501/fexp_32ns_32ns_32_13_full_dsp_1_U232/ImageRenderHLS_fexp_32ns_32ns_32_13_full_dsp_1_ip_u/inst/i_synth/DELAY_INVALID_OP' (delay__parameterized0) to 'inst/grp_Render_fu_346/grp_RenderTiledFragBuff2_Uniforms_InTextures_OutTextures_s_fu_482/grp_render_tile_Fragment_Uniforms_InTextures_s_fu_661/grp_draw_triangle_InTextures_Uniforms_Fragment_s_fu_499/grp_draw_triangle_Pipeline_draw_triangle_y_loop_draw_triangle_x_loop_fu_378/grp_fragment_shader_fu_501/fexp_32ns_32ns_32_13_full_dsp_1_U232/ImageRenderHLS_fexp_32ns_32ns_32_13_full_dsp_1_ip_u/inst/i_synth/DELAY_DIVIDE_BY_ZERO'
INFO: [Synth 8-223] decloning instance 'inst/grp_Render_fu_346/grp_RenderTiledFragBuff2_Uniforms_InTextures_OutTextures_s_fu_482/grp_render_tile_Fragment_Uniforms_InTextures_s_fu_661/grp_draw_triangle_InTextures_Uniforms_Fragment_s_fu_499/grp_draw_triangle_Pipeline_draw_triangle_y_loop_draw_triangle_x_loop_fu_378/grp_fragment_shader_fu_501/fexp_32ns_32ns_32_13_full_dsp_1_U232/ImageRenderHLS_fexp_32ns_32ns_32_13_full_dsp_1_ip_u/inst/i_synth/DELAY_INVALID_OP' (delay__parameterized0) to 'inst/grp_Render_fu_346/grp_RenderTiledFragBuff2_Uniforms_InTextures_OutTextures_s_fu_482/grp_render_tile_Fragment_Uniforms_InTextures_s_fu_661/grp_draw_triangle_InTextures_Uniforms_Fragment_s_fu_499/grp_draw_triangle_Pipeline_draw_triangle_y_loop_draw_triangle_x_loop_fu_378/grp_fragment_shader_fu_501/fexp_32ns_32ns_32_13_full_dsp_1_U232/ImageRenderHLS_fexp_32ns_32ns_32_13_full_dsp_1_ip_u/inst/i_synth/DELAY_ACCUM_OVERFLOW'
INFO: [Synth 8-223] decloning instance 'inst/grp_Render_fu_346/grp_RenderTiledFragBuff2_Uniforms_InTextures_OutTextures_s_fu_482/grp_render_tile_Fragment_Uniforms_InTextures_s_fu_661/grp_draw_triangle_InTextures_Uniforms_Fragment_s_fu_499/grp_draw_triangle_Pipeline_draw_triangle_y_loop_draw_triangle_x_loop_fu_378/grp_fragment_shader_fu_501/fexp_32ns_32ns_32_13_full_dsp_1_U232/ImageRenderHLS_fexp_32ns_32ns_32_13_full_dsp_1_ip_u/inst/i_synth/DELAY_INVALID_OP' (delay__parameterized0) to 'inst/grp_Render_fu_346/grp_RenderTiledFragBuff2_Uniforms_InTextures_OutTextures_s_fu_482/grp_render_tile_Fragment_Uniforms_InTextures_s_fu_661/grp_draw_triangle_InTextures_Uniforms_Fragment_s_fu_499/grp_draw_triangle_Pipeline_draw_triangle_y_loop_draw_triangle_x_loop_fu_378/grp_fragment_shader_fu_501/fexp_32ns_32ns_32_13_full_dsp_1_U232/ImageRenderHLS_fexp_32ns_32ns_32_13_full_dsp_1_ip_u/inst/i_synth/DELAY_ACCUM_INPUT_OVERFLOW'
INFO: [Synth 8-223] decloning instance 'ImageRenderHLS_faddfsub_32ns_32ns_32_8_full_dsp_1:/ImageRenderHLS_faddfsub_32ns_32ns_32_8_full_dsp_1_ip_u/inst/i_synth/DELAY_DIVIDE_BY_ZERO' (delay__parameterized0) to 'ImageRenderHLS_faddfsub_32ns_32ns_32_8_full_dsp_1:/ImageRenderHLS_faddfsub_32ns_32ns_32_8_full_dsp_1_ip_u/inst/i_synth/DELAY_ACCUM_OVERFLOW'
INFO: [Synth 8-223] decloning instance 'ImageRenderHLS_faddfsub_32ns_32ns_32_8_full_dsp_1:/ImageRenderHLS_faddfsub_32ns_32ns_32_8_full_dsp_1_ip_u/inst/i_synth/DELAY_DIVIDE_BY_ZERO' (delay__parameterized0) to 'ImageRenderHLS_faddfsub_32ns_32ns_32_8_full_dsp_1:/ImageRenderHLS_faddfsub_32ns_32ns_32_8_full_dsp_1_ip_u/inst/i_synth/DELAY_ACCUM_INPUT_OVERFLOW'
---------------------------------------------------------------------------------
Start RTL Component Statistics 
---------------------------------------------------------------------------------
---------------------------------------------------------------------------------
Finished RTL Component Statistics 
---------------------------------------------------------------------------------
---------------------------------------------------------------------------------
Start Part Resource Summary
---------------------------------------------------------------------------------
Part Resources:
DSPs: 1248 (col length:96)
BRAMs: 288 (col length: RAMB18 96 RAMB36 48)
---------------------------------------------------------------------------------
Finished Part Resource Summary
---------------------------------------------------------------------------------
---------------------------------------------------------------------------------
Start Cross Boundary and Area Optimization
---------------------------------------------------------------------------------
INFO: [Synth 8-6904] The RAM "inst/vertexdata_U/ram_reg" of size (depth=3 x width=32) is automatically implemented using LUTRAM. BRAM implementation would be inefficient 
INFO: [Synth 8-6904] The RAM "inst/vertexdata_1_U/ram_reg" of size (depth=3 x width=32) is automatically implemented using LUTRAM. BRAM implementation would be inefficient 
INFO: [Synth 8-6904] The RAM "inst/vertexdata_2_U/ram_reg" of size (depth=3 x width=32) is automatically implemented using LUTRAM. BRAM implementation would be inefficient 
INFO: [Synth 8-6904] The RAM "inst/triangle_var_U/ram_reg" of size (depth=3 x width=32) is automatically implemented using LUTRAM. BRAM implementation would be inefficient 
INFO: [Synth 8-6904] The RAM "inst/triangle_var_1_U/ram_reg" of size (depth=3 x width=32) is automatically implemented using LUTRAM. BRAM implementation would be inefficient 
INFO: [Synth 8-6904] The RAM "inst/triangle_var_2_U/ram_reg" of size (depth=3 x width=32) is automatically implemented using LUTRAM. BRAM implementation would be inefficient 
INFO: [Synth 8-6904] The RAM "inst/triangle_screen_7_U/ram_reg" of size (depth=3 x width=32) is automatically implemented using LUTRAM. BRAM implementation would be inefficient 
INFO: [Synth 8-6904] The RAM "inst/triangle_screen_U/ram_reg" of size (depth=3 x width=32) is automatically implemented using LUTRAM. BRAM implementation would be inefficient 
INFO: [Synth 8-6904] The RAM "inst/vertexdata_U/ram_reg" of size (depth=3 x width=32) is automatically implemented using LUTRAM. BRAM implementation would be inefficient 
INFO: [Synth 8-6904] The RAM "inst/vertexdata_1_U/ram_reg" of size (depth=3 x width=32) is automatically implemented using LUTRAM. BRAM implementation would be inefficient 
INFO: [Synth 8-6904] The RAM "inst/vertexdata_2_U/ram_reg" of size (depth=3 x width=32) is automatically implemented using LUTRAM. BRAM implementation would be inefficient 
INFO: [Synth 8-6904] The RAM "inst/triangle_var_U/ram_reg" of size (depth=3 x width=32) is automatically implemented using LUTRAM. BRAM implementation would be inefficient 
INFO: [Synth 8-6904] The RAM "inst/triangle_var_1_U/ram_reg" of size (depth=3 x width=32) is automatically implemented using LUTRAM. BRAM implementation would be inefficient 
INFO: [Synth 8-6904] The RAM "inst/triangle_var_2_U/ram_reg" of size (depth=3 x width=32) is automatically implemented using LUTRAM. BRAM implementation would be inefficient 
INFO: [Synth 8-6904] The RAM "inst/triangle_screen_7_U/ram_reg" of size (depth=3 x width=32) is automatically implemented using LUTRAM. BRAM implementation would be inefficient 
INFO: [Synth 8-6904] The RAM "inst/triangle_screen_U/ram_reg" of size (depth=3 x width=32) is automatically implemented using LUTRAM. BRAM implementation would be inefficient 
INFO: [Synth 8-3936] Found unconnected internal register 'ADDSUB_OP.ADDSUB/DSP.OP/DSP48E1_BODY.EXP/EXP_OFF.LRG_EXP_DELAY/i_pipe/opt_has_pipe.i_pipe[3].pipe_reg[3]' and it is trimmed from '9' to '8' bits. [/home/emanuel/workspace/mesh_vo/MultiPlatformDiffRenderer/src/backends/xrt/hls/build/xclbin/_x/link/vivado/vpl/prj/prj.gen/sources_1/bd/system/ipshared/d531/hdl/xbip_pipe_v3_0_vh_rfs.vhd:379]
INFO: [Synth 8-3936] Found unconnected internal register 'ADDSUB_OP.ADDSUB/DSP.OP/DSP48E1_BODY.EXP/EXP_OFF.LRG_EXP_DELAY/i_pipe/opt_has_pipe.i_pipe[2].pipe_reg[2]' and it is trimmed from '9' to '8' bits. [/home/emanuel/workspace/mesh_vo/MultiPlatformDiffRenderer/src/backends/xrt/hls/build/xclbin/_x/link/vivado/vpl/prj/prj.gen/sources_1/bd/system/ipshared/d531/hdl/xbip_pipe_v3_0_vh_rfs.vhd:366]
INFO: [Synth 8-3936] Found unconnected internal register 'ADDSUB_OP.ADDSUB/DSP.OP/DSP48E1_BODY.EXP/EXP_OFF.LRG_EXP_DELAY/i_pipe/opt_has_pipe.first_q_reg' and it is trimmed from '9' to '8' bits. [/home/emanuel/workspace/mesh_vo/MultiPlatformDiffRenderer/src/backends/xrt/hls/build/xclbin/_x/link/vivado/vpl/prj/prj.gen/sources_1/bd/system/ipshared/d531/hdl/xbip_pipe_v3_0_vh_rfs.vhd:361]
INFO: [Synth 8-5544] ROM "ADDSUB_OP.ADDSUB/DSP.OP/DSP48E1_BODY.ALIGN_ADD/SHIFT_TABLE[0]" won't be mapped to Block RAM because address size (6) smaller than threshold (8)
INFO: [Synth 8-3936] Found unconnected internal register 'ADDSUB_OP.ADDSUB/DSP.OP/DSP48E1_BODY.EXP/EXP_OFF.LRG_EXP_DELAY/i_pipe/opt_has_pipe.i_pipe[3].pipe_reg[3]' and it is trimmed from '9' to '8' bits. [/home/emanuel/workspace/mesh_vo/MultiPlatformDiffRenderer/src/backends/xrt/hls/build/xclbin/_x/link/vivado/vpl/prj/prj.gen/sources_1/bd/system/ipshared/d531/hdl/xbip_pipe_v3_0_vh_rfs.vhd:379]
INFO: [Synth 8-3936] Found unconnected internal register 'ADDSUB_OP.ADDSUB/DSP.OP/DSP48E1_BODY.EXP/EXP_OFF.LRG_EXP_DELAY/i_pipe/opt_has_pipe.i_pipe[2].pipe_reg[2]' and it is trimmed from '9' to '8' bits. [/home/emanuel/workspace/mesh_vo/MultiPlatformDiffRenderer/src/backends/xrt/hls/build/xclbin/_x/link/vivado/vpl/prj/prj.gen/sources_1/bd/system/ipshared/d531/hdl/xbip_pipe_v3_0_vh_rfs.vhd:366]
INFO: [Synth 8-3936] Found unconnected internal register 'ADDSUB_OP.ADDSUB/DSP.OP/DSP48E1_BODY.EXP/EXP_OFF.LRG_EXP_DELAY/i_pipe/opt_has_pipe.first_q_reg' and it is trimmed from '9' to '8' bits. [/home/emanuel/workspace/mesh_vo/MultiPlatformDiffRenderer/src/backends/xrt/hls/build/xclbin/_x/link/vivado/vpl/prj/prj.gen/sources_1/bd/system/ipshared/d531/hdl/xbip_pipe_v3_0_vh_rfs.vhd:361]
INFO: [Synth 8-5544] ROM "ADDSUB_OP.ADDSUB/DSP.OP/DSP48E1_BODY.ALIGN_ADD/SHIFT_TABLE[0]" won't be mapped to Block RAM because address size (6) smaller than threshold (8)
INFO: [Synth 8-3936] Found unconnected internal register 'ADDSUB_OP.ADDSUB/DSP.OP/DSP48E1_BODY.EXP/EXP_OFF.LRG_EXP_DELAY/i_pipe/opt_has_pipe.i_pipe[3].pipe_reg[3]' and it is trimmed from '9' to '8' bits. [/home/emanuel/workspace/mesh_vo/MultiPlatformDiffRenderer/src/backends/xrt/hls/build/xclbin/_x/link/vivado/vpl/prj/prj.gen/sources_1/bd/system/ipshared/d531/hdl/xbip_pipe_v3_0_vh_rfs.vhd:379]
INFO: [Synth 8-3936] Found unconnected internal register 'ADDSUB_OP.ADDSUB/DSP.OP/DSP48E1_BODY.EXP/EXP_OFF.LRG_EXP_DELAY/i_pipe/opt_has_pipe.i_pipe[2].pipe_reg[2]' and it is trimmed from '9' to '8' bits. [/home/emanuel/workspace/mesh_vo/MultiPlatformDiffRenderer/src/backends/xrt/hls/build/xclbin/_x/link/vivado/vpl/prj/prj.gen/sources_1/bd/system/ipshared/d531/hdl/xbip_pipe_v3_0_vh_rfs.vhd:366]
INFO: [Synth 8-3936] Found unconnected internal register 'ADDSUB_OP.ADDSUB/DSP.OP/DSP48E1_BODY.EXP/EXP_OFF.LRG_EXP_DELAY/i_pipe/opt_has_pipe.first_q_reg' and it is trimmed from '9' to '8' bits. [/home/emanuel/workspace/mesh_vo/MultiPlatformDiffRenderer/src/backends/xrt/hls/build/xclbin/_x/link/vivado/vpl/prj/prj.gen/sources_1/bd/system/ipshared/d531/hdl/xbip_pipe_v3_0_vh_rfs.vhd:361]
INFO: [Synth 8-5544] ROM "ADDSUB_OP.ADDSUB/DSP.OP/DSP48E1_BODY.ALIGN_ADD/SHIFT_TABLE[0]" won't be mapped to Block RAM because address size (6) smaller than threshold (8)
INFO: [Synth 8-3936] Found unconnected internal register 'ADDSUB_OP.ADDSUB/DSP.OP/DSP48E1_BODY.EXP/EXP_OFF.LRG_EXP_DELAY/i_pipe/opt_has_pipe.i_pipe[3].pipe_reg[3]' and it is trimmed from '9' to '8' bits. [/home/emanuel/workspace/mesh_vo/MultiPlatformDiffRenderer/src/backends/xrt/hls/build/xclbin/_x/link/vivado/vpl/prj/prj.gen/sources_1/bd/system/ipshared/d531/hdl/xbip_pipe_v3_0_vh_rfs.vhd:379]
INFO: [Synth 8-3936] Found unconnected internal register 'ADDSUB_OP.ADDSUB/DSP.OP/DSP48E1_BODY.EXP/EXP_OFF.LRG_EXP_DELAY/i_pipe/opt_has_pipe.i_pipe[2].pipe_reg[2]' and it is trimmed from '9' to '8' bits. [/home/emanuel/workspace/mesh_vo/MultiPlatformDiffRenderer/src/backends/xrt/hls/build/xclbin/_x/link/vivado/vpl/prj/prj.gen/sources_1/bd/system/ipshared/d531/hdl/xbip_pipe_v3_0_vh_rfs.vhd:366]
INFO: [Synth 8-3936] Found unconnected internal register 'ADDSUB_OP.ADDSUB/DSP.OP/DSP48E1_BODY.EXP/EXP_OFF.LRG_EXP_DELAY/i_pipe/opt_has_pipe.first_q_reg' and it is trimmed from '9' to '8' bits. [/home/emanuel/workspace/mesh_vo/MultiPlatformDiffRenderer/src/backends/xrt/hls/build/xclbin/_x/link/vivado/vpl/prj/prj.gen/sources_1/bd/system/ipshared/d531/hdl/xbip_pipe_v3_0_vh_rfs.vhd:361]
INFO: [Synth 8-5544] ROM "ADDSUB_OP.ADDSUB/DSP.OP/DSP48E1_BODY.ALIGN_ADD/SHIFT_TABLE[0]" won't be mapped to Block RAM because address size (6) smaller than threshold (8)
INFO: [Synth 8-3936] Found unconnected internal register 'ADDSUB_OP.ADDSUB/DSP.OP/DSP48E1_BODY.EXP/EXP_OFF.LRG_EXP_DELAY/i_pipe/opt_has_pipe.i_pipe[3].pipe_reg[3]' and it is trimmed from '9' to '8' bits. [/home/emanuel/workspace/mesh_vo/MultiPlatformDiffRenderer/src/backends/xrt/hls/build/xclbin/_x/link/vivado/vpl/prj/prj.gen/sources_1/bd/system/ipshared/d531/hdl/xbip_pipe_v3_0_vh_rfs.vhd:379]
INFO: [Synth 8-3936] Found unconnected internal register 'ADDSUB_OP.ADDSUB/DSP.OP/DSP48E1_BODY.EXP/EXP_OFF.LRG_EXP_DELAY/i_pipe/opt_has_pipe.i_pipe[2].pipe_reg[2]' and it is trimmed from '9' to '8' bits. [/home/emanuel/workspace/mesh_vo/MultiPlatformDiffRenderer/src/backends/xrt/hls/build/xclbin/_x/link/vivado/vpl/prj/prj.gen/sources_1/bd/system/ipshared/d531/hdl/xbip_pipe_v3_0_vh_rfs.vhd:366]
INFO: [Synth 8-3936] Found unconnected internal register 'ADDSUB_OP.ADDSUB/DSP.OP/DSP48E1_BODY.EXP/EXP_OFF.LRG_EXP_DELAY/i_pipe/opt_has_pipe.first_q_reg' and it is trimmed from '9' to '8' bits. [/home/emanuel/workspace/mesh_vo/MultiPlatformDiffRenderer/src/backends/xrt/hls/build/xclbin/_x/link/vivado/vpl/prj/prj.gen/sources_1/bd/system/ipshared/d531/hdl/xbip_pipe_v3_0_vh_rfs.vhd:361]
INFO: [Synth 8-5544] ROM "ADDSUB_OP.ADDSUB/DSP.OP/DSP48E1_BODY.ALIGN_ADD/SHIFT_TABLE[0]" won't be mapped to Block RAM because address size (6) smaller than threshold (8)
INFO: [Synth 8-3936] Found unconnected internal register 'ADDSUB_OP.ADDSUB/DSP.OP/DSP48E1_BODY.EXP/EXP_OFF.LRG_EXP_DELAY/i_pipe/opt_has_pipe.i_pipe[3].pipe_reg[3]' and it is trimmed from '9' to '8' bits. [/home/emanuel/workspace/mesh_vo/MultiPlatformDiffRenderer/src/backends/xrt/hls/build/xclbin/_x/link/vivado/vpl/prj/prj.gen/sources_1/bd/system/ipshared/d531/hdl/xbip_pipe_v3_0_vh_rfs.vhd:379]
INFO: [Synth 8-3936] Found unconnected internal register 'ADDSUB_OP.ADDSUB/DSP.OP/DSP48E1_BODY.EXP/EXP_OFF.LRG_EXP_DELAY/i_pipe/opt_has_pipe.i_pipe[2].pipe_reg[2]' and it is trimmed from '9' to '8' bits. [/home/emanuel/workspace/mesh_vo/MultiPlatformDiffRenderer/src/backends/xrt/hls/build/xclbin/_x/link/vivado/vpl/prj/prj.gen/sources_1/bd/system/ipshared/d531/hdl/xbip_pipe_v3_0_vh_rfs.vhd:366]
INFO: [Synth 8-3936] Found unconnected internal register 'ADDSUB_OP.ADDSUB/DSP.OP/DSP48E1_BODY.EXP/EXP_OFF.LRG_EXP_DELAY/i_pipe/opt_has_pipe.first_q_reg' and it is trimmed from '9' to '8' bits. [/home/emanuel/workspace/mesh_vo/MultiPlatformDiffRenderer/src/backends/xrt/hls/build/xclbin/_x/link/vivado/vpl/prj/prj.gen/sources_1/bd/system/ipshared/d531/hdl/xbip_pipe_v3_0_vh_rfs.vhd:361]
INFO: [Synth 8-5544] ROM "ADDSUB_OP.ADDSUB/DSP.OP/DSP48E1_BODY.ALIGN_ADD/SHIFT_TABLE[0]" won't be mapped to Block RAM because address size (6) smaller than threshold (8)
INFO: [Synth 8-3936] Found unconnected internal register 'ADDSUB_OP.ADDSUB/DSP.OP/DSP48E1_BODY.EXP/EXP_OFF.LRG_EXP_DELAY/i_pipe/opt_has_pipe.i_pipe[3].pipe_reg[3]' and it is trimmed from '9' to '8' bits. [/home/emanuel/workspace/mesh_vo/MultiPlatformDiffRenderer/src/backends/xrt/hls/build/xclbin/_x/link/vivado/vpl/prj/prj.gen/sources_1/bd/system/ipshared/d531/hdl/xbip_pipe_v3_0_vh_rfs.vhd:379]
INFO: [Synth 8-3936] Found unconnected internal register 'ADDSUB_OP.ADDSUB/DSP.OP/DSP48E1_BODY.EXP/EXP_OFF.LRG_EXP_DELAY/i_pipe/opt_has_pipe.i_pipe[2].pipe_reg[2]' and it is trimmed from '9' to '8' bits. [/home/emanuel/workspace/mesh_vo/MultiPlatformDiffRenderer/src/backends/xrt/hls/build/xclbin/_x/link/vivado/vpl/prj/prj.gen/sources_1/bd/system/ipshared/d531/hdl/xbip_pipe_v3_0_vh_rfs.vhd:366]
INFO: [Synth 8-3936] Found unconnected internal register 'ADDSUB_OP.ADDSUB/DSP.OP/DSP48E1_BODY.EXP/EXP_OFF.LRG_EXP_DELAY/i_pipe/opt_has_pipe.first_q_reg' and it is trimmed from '9' to '8' bits. [/home/emanuel/workspace/mesh_vo/MultiPlatformDiffRenderer/src/backends/xrt/hls/build/xclbin/_x/link/vivado/vpl/prj/prj.gen/sources_1/bd/system/ipshared/d531/hdl/xbip_pipe_v3_0_vh_rfs.vhd:361]
INFO: [Synth 8-5544] ROM "ADDSUB_OP.ADDSUB/DSP.OP/DSP48E1_BODY.ALIGN_ADD/SHIFT_TABLE[0]" won't be mapped to Block RAM because address size (6) smaller than threshold (8)
INFO: [Synth 8-3936] Found unconnected internal register 'ADDSUB_OP.ADDSUB/DSP.OP/DSP48E1_BODY.EXP/EXP_OFF.LRG_EXP_DELAY/i_pipe/opt_has_pipe.i_pipe[3].pipe_reg[3]' and it is trimmed from '9' to '8' bits. [/home/emanuel/workspace/mesh_vo/MultiPlatformDiffRenderer/src/backends/xrt/hls/build/xclbin/_x/link/vivado/vpl/prj/prj.gen/sources_1/bd/system/ipshared/d531/hdl/xbip_pipe_v3_0_vh_rfs.vhd:379]
INFO: [Synth 8-3936] Found unconnected internal register 'ADDSUB_OP.ADDSUB/DSP.OP/DSP48E1_BODY.EXP/EXP_OFF.LRG_EXP_DELAY/i_pipe/opt_has_pipe.i_pipe[2].pipe_reg[2]' and it is trimmed from '9' to '8' bits. [/home/emanuel/workspace/mesh_vo/MultiPlatformDiffRenderer/src/backends/xrt/hls/build/xclbin/_x/link/vivado/vpl/prj/prj.gen/sources_1/bd/system/ipshared/d531/hdl/xbip_pipe_v3_0_vh_rfs.vhd:366]
INFO: [Synth 8-3936] Found unconnected internal register 'ADDSUB_OP.ADDSUB/DSP.OP/DSP48E1_BODY.EXP/EXP_OFF.LRG_EXP_DELAY/i_pipe/opt_has_pipe.first_q_reg' and it is trimmed from '9' to '8' bits. [/home/emanuel/workspace/mesh_vo/MultiPlatformDiffRenderer/src/backends/xrt/hls/build/xclbin/_x/link/vivado/vpl/prj/prj.gen/sources_1/bd/system/ipshared/d531/hdl/xbip_pipe_v3_0_vh_rfs.vhd:361]
INFO: [Synth 8-5544] ROM "ADDSUB_OP.ADDSUB/DSP.OP/DSP48E1_BODY.ALIGN_ADD/SHIFT_TABLE[0]" won't be mapped to Block RAM because address size (6) smaller than threshold (8)
INFO: [Synth 8-3936] Found unconnected internal register 'ADDSUB_OP.ADDSUB/DSP.OP/DSP48E1_BODY.EXP/EXP_OFF.LRG_EXP_DELAY/i_pipe/opt_has_pipe.i_pipe[3].pipe_reg[3]' and it is trimmed from '9' to '8' bits. [/home/emanuel/workspace/mesh_vo/MultiPlatformDiffRenderer/src/backends/xrt/hls/build/xclbin/_x/link/vivado/vpl/prj/prj.gen/sources_1/bd/system/ipshared/d531/hdl/xbip_pipe_v3_0_vh_rfs.vhd:379]
INFO: [Synth 8-3936] Found unconnected internal register 'ADDSUB_OP.ADDSUB/DSP.OP/DSP48E1_BODY.EXP/EXP_OFF.LRG_EXP_DELAY/i_pipe/opt_has_pipe.i_pipe[2].pipe_reg[2]' and it is trimmed from '9' to '8' bits. [/home/emanuel/workspace/mesh_vo/MultiPlatformDiffRenderer/src/backends/xrt/hls/build/xclbin/_x/link/vivado/vpl/prj/prj.gen/sources_1/bd/system/ipshared/d531/hdl/xbip_pipe_v3_0_vh_rfs.vhd:366]
INFO: [Synth 8-3936] Found unconnected internal register 'ADDSUB_OP.ADDSUB/DSP.OP/DSP48E1_BODY.EXP/EXP_OFF.LRG_EXP_DELAY/i_pipe/opt_has_pipe.first_q_reg' and it is trimmed from '9' to '8' bits. [/home/emanuel/workspace/mesh_vo/MultiPlatformDiffRenderer/src/backends/xrt/hls/build/xclbin/_x/link/vivado/vpl/prj/prj.gen/sources_1/bd/system/ipshared/d531/hdl/xbip_pipe_v3_0_vh_rfs.vhd:361]
INFO: [Synth 8-5544] ROM "ADDSUB_OP.ADDSUB/DSP.OP/DSP48E1_BODY.ALIGN_ADD/SHIFT_TABLE[0]" won't be mapped to Block RAM because address size (6) smaller than threshold (8)
INFO: [Synth 8-3936] Found unconnected internal register 'ADDSUB_OP.ADDSUB/DSP.OP/DSP48E1_BODY.EXP/EXP_OFF.LRG_EXP_DELAY/i_pipe/opt_has_pipe.i_pipe[3].pipe_reg[3]' and it is trimmed from '9' to '8' bits. [/home/emanuel/workspace/mesh_vo/MultiPlatformDiffRenderer/src/backends/xrt/hls/build/xclbin/_x/link/vivado/vpl/prj/prj.gen/sources_1/bd/system/ipshared/d531/hdl/xbip_pipe_v3_0_vh_rfs.vhd:379]
INFO: [Synth 8-3936] Found unconnected internal register 'ADDSUB_OP.ADDSUB/DSP.OP/DSP48E1_BODY.EXP/EXP_OFF.LRG_EXP_DELAY/i_pipe/opt_has_pipe.i_pipe[2].pipe_reg[2]' and it is trimmed from '9' to '8' bits. [/home/emanuel/workspace/mesh_vo/MultiPlatformDiffRenderer/src/backends/xrt/hls/build/xclbin/_x/link/vivado/vpl/prj/prj.gen/sources_1/bd/system/ipshared/d531/hdl/xbip_pipe_v3_0_vh_rfs.vhd:366]
INFO: [Synth 8-3936] Found unconnected internal register 'ADDSUB_OP.ADDSUB/DSP.OP/DSP48E1_BODY.EXP/EXP_OFF.LRG_EXP_DELAY/i_pipe/opt_has_pipe.first_q_reg' and it is trimmed from '9' to '8' bits. [/home/emanuel/workspace/mesh_vo/MultiPlatformDiffRenderer/src/backends/xrt/hls/build/xclbin/_x/link/vivado/vpl/prj/prj.gen/sources_1/bd/system/ipshared/d531/hdl/xbip_pipe_v3_0_vh_rfs.vhd:361]
INFO: [Synth 8-5544] ROM "ADDSUB_OP.ADDSUB/DSP.OP/DSP48E1_BODY.ALIGN_ADD/SHIFT_TABLE[0]" won't be mapped to Block RAM because address size (6) smaller than threshold (8)
INFO: [Synth 8-3936] Found unconnected internal register 'ADDSUB_OP.ADDSUB/DSP.OP/DSP48E1_BODY.EXP/EXP_OFF.LRG_EXP_DELAY/i_pipe/opt_has_pipe.i_pipe[3].pipe_reg[3]' and it is trimmed from '9' to '8' bits. [/home/emanuel/workspace/mesh_vo/MultiPlatformDiffRenderer/src/backends/xrt/hls/build/xclbin/_x/link/vivado/vpl/prj/prj.gen/sources_1/bd/system/ipshared/d531/hdl/xbip_pipe_v3_0_vh_rfs.vhd:379]
INFO: [Synth 8-3936] Found unconnected internal register 'ADDSUB_OP.ADDSUB/DSP.OP/DSP48E1_BODY.EXP/EXP_OFF.LRG_EXP_DELAY/i_pipe/opt_has_pipe.i_pipe[2].pipe_reg[2]' and it is trimmed from '9' to '8' bits. [/home/emanuel/workspace/mesh_vo/MultiPlatformDiffRenderer/src/backends/xrt/hls/build/xclbin/_x/link/vivado/vpl/prj/prj.gen/sources_1/bd/system/ipshared/d531/hdl/xbip_pipe_v3_0_vh_rfs.vhd:366]
INFO: [Synth 8-3936] Found unconnected internal register 'ADDSUB_OP.ADDSUB/DSP.OP/DSP48E1_BODY.EXP/EXP_OFF.LRG_EXP_DELAY/i_pipe/opt_has_pipe.first_q_reg' and it is trimmed from '9' to '8' bits. [/home/emanuel/workspace/mesh_vo/MultiPlatformDiffRenderer/src/backends/xrt/hls/build/xclbin/_x/link/vivado/vpl/prj/prj.gen/sources_1/bd/system/ipshared/d531/hdl/xbip_pipe_v3_0_vh_rfs.vhd:361]
INFO: [Synth 8-5544] ROM "ADDSUB_OP.ADDSUB/DSP.OP/DSP48E1_BODY.ALIGN_ADD/SHIFT_TABLE[0]" won't be mapped to Block RAM because address size (6) smaller than threshold (8)
INFO: [Synth 8-3936] Found unconnected internal register 'ADDSUB_OP.ADDSUB/DSP.OP/DSP48E1_BODY.EXP/EXP_OFF.LRG_EXP_DELAY/i_pipe/opt_has_pipe.i_pipe[3].pipe_reg[3]' and it is trimmed from '9' to '8' bits. [/home/emanuel/workspace/mesh_vo/MultiPlatformDiffRenderer/src/backends/xrt/hls/build/xclbin/_x/link/vivado/vpl/prj/prj.gen/sources_1/bd/system/ipshared/d531/hdl/xbip_pipe_v3_0_vh_rfs.vhd:379]
INFO: [Synth 8-3936] Found unconnected internal register 'ADDSUB_OP.ADDSUB/DSP.OP/DSP48E1_BODY.EXP/EXP_OFF.LRG_EXP_DELAY/i_pipe/opt_has_pipe.i_pipe[2].pipe_reg[2]' and it is trimmed from '9' to '8' bits. [/home/emanuel/workspace/mesh_vo/MultiPlatformDiffRenderer/src/backends/xrt/hls/build/xclbin/_x/link/vivado/vpl/prj/prj.gen/sources_1/bd/system/ipshared/d531/hdl/xbip_pipe_v3_0_vh_rfs.vhd:366]
INFO: [Synth 8-3936] Found unconnected internal register 'ADDSUB_OP.ADDSUB/DSP.OP/DSP48E1_BODY.EXP/EXP_OFF.LRG_EXP_DELAY/i_pipe/opt_has_pipe.first_q_reg' and it is trimmed from '9' to '8' bits. [/home/emanuel/workspace/mesh_vo/MultiPlatformDiffRenderer/src/backends/xrt/hls/build/xclbin/_x/link/vivado/vpl/prj/prj.gen/sources_1/bd/system/ipshared/d531/hdl/xbip_pipe_v3_0_vh_rfs.vhd:361]
INFO: [Synth 8-5544] ROM "ADDSUB_OP.ADDSUB/DSP.OP/DSP48E1_BODY.ALIGN_ADD/SHIFT_TABLE[0]" won't be mapped to Block RAM because address size (6) smaller than threshold (8)
INFO: [Synth 8-3936] Found unconnected internal register 'ADDSUB_OP.ADDSUB/DSP.OP/DSP48E1_BODY.EXP/EXP_OFF.LRG_EXP_DELAY/i_pipe/opt_has_pipe.i_pipe[3].pipe_reg[3]' and it is trimmed from '9' to '8' bits. [/home/emanuel/workspace/mesh_vo/MultiPlatformDiffRenderer/src/backends/xrt/hls/build/xclbin/_x/link/vivado/vpl/prj/prj.gen/sources_1/bd/system/ipshared/d531/hdl/xbip_pipe_v3_0_vh_rfs.vhd:379]
INFO: [Synth 8-3936] Found unconnected internal register 'ADDSUB_OP.ADDSUB/DSP.OP/DSP48E1_BODY.EXP/EXP_OFF.LRG_EXP_DELAY/i_pipe/opt_has_pipe.i_pipe[2].pipe_reg[2]' and it is trimmed from '9' to '8' bits. [/home/emanuel/workspace/mesh_vo/MultiPlatformDiffRenderer/src/backends/xrt/hls/build/xclbin/_x/link/vivado/vpl/prj/prj.gen/sources_1/bd/system/ipshared/d531/hdl/xbip_pipe_v3_0_vh_rfs.vhd:366]
INFO: [Synth 8-3936] Found unconnected internal register 'ADDSUB_OP.ADDSUB/DSP.OP/DSP48E1_BODY.EXP/EXP_OFF.LRG_EXP_DELAY/i_pipe/opt_has_pipe.first_q_reg' and it is trimmed from '9' to '8' bits. [/home/emanuel/workspace/mesh_vo/MultiPlatformDiffRenderer/src/backends/xrt/hls/build/xclbin/_x/link/vivado/vpl/prj/prj.gen/sources_1/bd/system/ipshared/d531/hdl/xbip_pipe_v3_0_vh_rfs.vhd:361]
INFO: [Synth 8-5544] ROM "ADDSUB_OP.ADDSUB/DSP.OP/DSP48E1_BODY.ALIGN_ADD/SHIFT_TABLE[0]" won't be mapped to Block RAM because address size (6) smaller than threshold (8)
INFO: [Synth 8-3936] Found unconnected internal register 'ADDSUB_OP.ADDSUB/DSP.OP/DSP48E1_BODY.EXP/EXP_OFF.LRG_EXP_DELAY/i_pipe/opt_has_pipe.i_pipe[3].pipe_reg[3]' and it is trimmed from '9' to '8' bits. [/home/emanuel/workspace/mesh_vo/MultiPlatformDiffRenderer/src/backends/xrt/hls/build/xclbin/_x/link/vivado/vpl/prj/prj.gen/sources_1/bd/system/ipshared/d531/hdl/xbip_pipe_v3_0_vh_rfs.vhd:379]
INFO: [Synth 8-3936] Found unconnected internal register 'ADDSUB_OP.ADDSUB/DSP.OP/DSP48E1_BODY.EXP/EXP_OFF.LRG_EXP_DELAY/i_pipe/opt_has_pipe.i_pipe[2].pipe_reg[2]' and it is trimmed from '9' to '8' bits. [/home/emanuel/workspace/mesh_vo/MultiPlatformDiffRenderer/src/backends/xrt/hls/build/xclbin/_x/link/vivado/vpl/prj/prj.gen/sources_1/bd/system/ipshared/d531/hdl/xbip_pipe_v3_0_vh_rfs.vhd:366]
INFO: [Synth 8-3936] Found unconnected internal register 'ADDSUB_OP.ADDSUB/DSP.OP/DSP48E1_BODY.EXP/EXP_OFF.LRG_EXP_DELAY/i_pipe/opt_has_pipe.first_q_reg' and it is trimmed from '9' to '8' bits. [/home/emanuel/workspace/mesh_vo/MultiPlatformDiffRenderer/src/backends/xrt/hls/build/xclbin/_x/link/vivado/vpl/prj/prj.gen/sources_1/bd/system/ipshared/d531/hdl/xbip_pipe_v3_0_vh_rfs.vhd:361]
INFO: [Synth 8-5544] ROM "ADDSUB_OP.ADDSUB/DSP.OP/DSP48E1_BODY.ALIGN_ADD/SHIFT_TABLE[0]" won't be mapped to Block RAM because address size (6) smaller than threshold (8)
INFO: [Synth 8-3936] Found unconnected internal register 'ADDSUB_OP.ADDSUB/DSP.OP/DSP48E1_BODY.EXP/EXP_OFF.LRG_EXP_DELAY/i_pipe/opt_has_pipe.i_pipe[3].pipe_reg[3]' and it is trimmed from '9' to '8' bits. [/home/emanuel/workspace/mesh_vo/MultiPlatformDiffRenderer/src/backends/xrt/hls/build/xclbin/_x/link/vivado/vpl/prj/prj.gen/sources_1/bd/system/ipshared/d531/hdl/xbip_pipe_v3_0_vh_rfs.vhd:379]
INFO: [Synth 8-3936] Found unconnected internal register 'ADDSUB_OP.ADDSUB/DSP.OP/DSP48E1_BODY.EXP/EXP_OFF.LRG_EXP_DELAY/i_pipe/opt_has_pipe.i_pipe[2].pipe_reg[2]' and it is trimmed from '9' to '8' bits. [/home/emanuel/workspace/mesh_vo/MultiPlatformDiffRenderer/src/backends/xrt/hls/build/xclbin/_x/link/vivado/vpl/prj/prj.gen/sources_1/bd/system/ipshared/d531/hdl/xbip_pipe_v3_0_vh_rfs.vhd:366]
INFO: [Synth 8-3936] Found unconnected internal register 'ADDSUB_OP.ADDSUB/DSP.OP/DSP48E1_BODY.EXP/EXP_OFF.LRG_EXP_DELAY/i_pipe/opt_has_pipe.first_q_reg' and it is trimmed from '9' to '8' bits. [/home/emanuel/workspace/mesh_vo/MultiPlatformDiffRenderer/src/backends/xrt/hls/build/xclbin/_x/link/vivado/vpl/prj/prj.gen/sources_1/bd/system/ipshared/d531/hdl/xbip_pipe_v3_0_vh_rfs.vhd:361]
INFO: [Synth 8-5544] ROM "ADDSUB_OP.ADDSUB/DSP.OP/DSP48E1_BODY.ALIGN_ADD/SHIFT_TABLE[0]" won't be mapped to Block RAM because address size (6) smaller than threshold (8)
INFO: [Synth 8-3936] Found unconnected internal register 'ADDSUB_OP.ADDSUB/DSP.OP/DSP48E1_BODY.EXP/EXP_OFF.LRG_EXP_DELAY/i_pipe/opt_has_pipe.i_pipe[3].pipe_reg[3]' and it is trimmed from '9' to '8' bits. [/home/emanuel/workspace/mesh_vo/MultiPlatformDiffRenderer/src/backends/xrt/hls/build/xclbin/_x/link/vivado/vpl/prj/prj.gen/sources_1/bd/system/ipshared/d531/hdl/xbip_pipe_v3_0_vh_rfs.vhd:379]
INFO: [Synth 8-3936] Found unconnected internal register 'ADDSUB_OP.ADDSUB/DSP.OP/DSP48E1_BODY.EXP/EXP_OFF.LRG_EXP_DELAY/i_pipe/opt_has_pipe.i_pipe[2].pipe_reg[2]' and it is trimmed from '9' to '8' bits. [/home/emanuel/workspace/mesh_vo/MultiPlatformDiffRenderer/src/backends/xrt/hls/build/xclbin/_x/link/vivado/vpl/prj/prj.gen/sources_1/bd/system/ipshared/d531/hdl/xbip_pipe_v3_0_vh_rfs.vhd:366]
INFO: [Synth 8-3936] Found unconnected internal register 'ADDSUB_OP.ADDSUB/DSP.OP/DSP48E1_BODY.EXP/EXP_OFF.LRG_EXP_DELAY/i_pipe/opt_has_pipe.first_q_reg' and it is trimmed from '9' to '8' bits. [/home/emanuel/workspace/mesh_vo/MultiPlatformDiffRenderer/src/backends/xrt/hls/build/xclbin/_x/link/vivado/vpl/prj/prj.gen/sources_1/bd/system/ipshared/d531/hdl/xbip_pipe_v3_0_vh_rfs.vhd:361]
INFO: [Synth 8-5544] ROM "ADDSUB_OP.ADDSUB/DSP.OP/DSP48E1_BODY.ALIGN_ADD/SHIFT_TABLE[0]" won't be mapped to Block RAM because address size (6) smaller than threshold (8)
INFO: [Synth 8-3936] Found unconnected internal register 'ADDSUB_OP.ADDSUB/DSP.OP/DSP48E1_BODY.EXP/EXP_OFF.LRG_EXP_DELAY/i_pipe/opt_has_pipe.i_pipe[3].pipe_reg[3]' and it is trimmed from '9' to '8' bits. [/home/emanuel/workspace/mesh_vo/MultiPlatformDiffRenderer/src/backends/xrt/hls/build/xclbin/_x/link/vivado/vpl/prj/prj.gen/sources_1/bd/system/ipshared/d531/hdl/xbip_pipe_v3_0_vh_rfs.vhd:379]
INFO: [Synth 8-3936] Found unconnected internal register 'ADDSUB_OP.ADDSUB/DSP.OP/DSP48E1_BODY.EXP/EXP_OFF.LRG_EXP_DELAY/i_pipe/opt_has_pipe.i_pipe[2].pipe_reg[2]' and it is trimmed from '9' to '8' bits. [/home/emanuel/workspace/mesh_vo/MultiPlatformDiffRenderer/src/backends/xrt/hls/build/xclbin/_x/link/vivado/vpl/prj/prj.gen/sources_1/bd/system/ipshared/d531/hdl/xbip_pipe_v3_0_vh_rfs.vhd:366]
INFO: [Synth 8-3936] Found unconnected internal register 'ADDSUB_OP.ADDSUB/DSP.OP/DSP48E1_BODY.EXP/EXP_OFF.LRG_EXP_DELAY/i_pipe/opt_has_pipe.first_q_reg' and it is trimmed from '9' to '8' bits. [/home/emanuel/workspace/mesh_vo/MultiPlatformDiffRenderer/src/backends/xrt/hls/build/xclbin/_x/link/vivado/vpl/prj/prj.gen/sources_1/bd/system/ipshared/d531/hdl/xbip_pipe_v3_0_vh_rfs.vhd:361]
INFO: [Synth 8-5544] ROM "ADDSUB_OP.ADDSUB/DSP.OP/DSP48E1_BODY.ALIGN_ADD/SHIFT_TABLE[0]" won't be mapped to Block RAM because address size (6) smaller than threshold (8)
INFO: [Synth 8-3936] Found unconnected internal register 'ADDSUB_OP.ADDSUB/DSP.OP/DSP48E1_BODY.EXP/EXP_OFF.LRG_EXP_DELAY/i_pipe/opt_has_pipe.i_pipe[3].pipe_reg[3]' and it is trimmed from '9' to '8' bits. [/home/emanuel/workspace/mesh_vo/MultiPlatformDiffRenderer/src/backends/xrt/hls/build/xclbin/_x/link/vivado/vpl/prj/prj.gen/sources_1/bd/system/ipshared/d531/hdl/xbip_pipe_v3_0_vh_rfs.vhd:379]
INFO: [Synth 8-3936] Found unconnected internal register 'ADDSUB_OP.ADDSUB/DSP.OP/DSP48E1_BODY.EXP/EXP_OFF.LRG_EXP_DELAY/i_pipe/opt_has_pipe.i_pipe[2].pipe_reg[2]' and it is trimmed from '9' to '8' bits. [/home/emanuel/workspace/mesh_vo/MultiPlatformDiffRenderer/src/backends/xrt/hls/build/xclbin/_x/link/vivado/vpl/prj/prj.gen/sources_1/bd/system/ipshared/d531/hdl/xbip_pipe_v3_0_vh_rfs.vhd:366]
INFO: [Synth 8-3936] Found unconnected internal register 'ADDSUB_OP.ADDSUB/DSP.OP/DSP48E1_BODY.EXP/EXP_OFF.LRG_EXP_DELAY/i_pipe/opt_has_pipe.first_q_reg' and it is trimmed from '9' to '8' bits. [/home/emanuel/workspace/mesh_vo/MultiPlatformDiffRenderer/src/backends/xrt/hls/build/xclbin/_x/link/vivado/vpl/prj/prj.gen/sources_1/bd/system/ipshared/d531/hdl/xbip_pipe_v3_0_vh_rfs.vhd:361]
INFO: [Synth 8-5544] ROM "ADDSUB_OP.ADDSUB/DSP.OP/DSP48E1_BODY.ALIGN_ADD/SHIFT_TABLE[0]" won't be mapped to Block RAM because address size (6) smaller than threshold (8)
INFO: [Common 17-14] Message 'Synth 8-7129' appears 100 times and further instances of the messages will be disabled. Use the Tcl command set_msg_config to change the current settings.
INFO: [Synth 8-3886] merging instance 'fmul_32ns_32ns_32_5_max_dsp_1_U74/dout_r_reg[31]' (FD) to 'mul_i7_i_reg_1058_reg[31]'
INFO: [Synth 8-3886] merging instance 'fmul_32ns_32ns_32_5_max_dsp_1_U74/dout_r_reg[0]' (FD) to 'mul_i7_i_reg_1058_reg[0]'
INFO: [Synth 8-3886] merging instance 'fmul_32ns_32ns_32_5_max_dsp_1_U74/dout_r_reg[1]' (FD) to 'mul_i7_i_reg_1058_reg[1]'
INFO: [Synth 8-3886] merging instance 'fmul_32ns_32ns_32_5_max_dsp_1_U74/dout_r_reg[2]' (FD) to 'mul_i7_i_reg_1058_reg[2]'
INFO: [Synth 8-3886] merging instance 'fmul_32ns_32ns_32_5_max_dsp_1_U74/dout_r_reg[3]' (FD) to 'mul_i7_i_reg_1058_reg[3]'
INFO: [Synth 8-3886] merging instance 'fmul_32ns_32ns_32_5_max_dsp_1_U74/dout_r_reg[4]' (FD) to 'mul_i7_i_reg_1058_reg[4]'
INFO: [Synth 8-3886] merging instance 'fmul_32ns_32ns_32_5_max_dsp_1_U74/dout_r_reg[5]' (FD) to 'mul_i7_i_reg_1058_reg[5]'
INFO: [Synth 8-3886] merging instance 'fmul_32ns_32ns_32_5_max_dsp_1_U74/dout_r_reg[6]' (FD) to 'mul_i7_i_reg_1058_reg[6]'
INFO: [Synth 8-3886] merging instance 'fmul_32ns_32ns_32_5_max_dsp_1_U74/dout_r_reg[7]' (FD) to 'mul_i7_i_reg_1058_reg[7]'
INFO: [Synth 8-3886] merging instance 'fmul_32ns_32ns_32_5_max_dsp_1_U74/dout_r_reg[8]' (FD) to 'mul_i7_i_reg_1058_reg[8]'
INFO: [Synth 8-3886] merging instance 'fmul_32ns_32ns_32_5_max_dsp_1_U74/dout_r_reg[9]' (FD) to 'mul_i7_i_reg_1058_reg[9]'
INFO: [Synth 8-3886] merging instance 'fmul_32ns_32ns_32_5_max_dsp_1_U74/dout_r_reg[10]' (FD) to 'mul_i7_i_reg_1058_reg[10]'
INFO: [Synth 8-3886] merging instance 'fmul_32ns_32ns_32_5_max_dsp_1_U74/dout_r_reg[11]' (FD) to 'mul_i7_i_reg_1058_reg[11]'
INFO: [Synth 8-3886] merging instance 'fmul_32ns_32ns_32_5_max_dsp_1_U74/dout_r_reg[12]' (FD) to 'mul_i7_i_reg_1058_reg[12]'
INFO: [Synth 8-3886] merging instance 'fmul_32ns_32ns_32_5_max_dsp_1_U74/dout_r_reg[13]' (FD) to 'mul_i7_i_reg_1058_reg[13]'
INFO: [Synth 8-3886] merging instance 'fmul_32ns_32ns_32_5_max_dsp_1_U74/dout_r_reg[14]' (FD) to 'mul_i7_i_reg_1058_reg[14]'
INFO: [Synth 8-3886] merging instance 'fmul_32ns_32ns_32_5_max_dsp_1_U74/dout_r_reg[15]' (FD) to 'mul_i7_i_reg_1058_reg[15]'
INFO: [Synth 8-3886] merging instance 'fmul_32ns_32ns_32_5_max_dsp_1_U74/dout_r_reg[16]' (FD) to 'mul_i7_i_reg_1058_reg[16]'
INFO: [Synth 8-3886] merging instance 'fmul_32ns_32ns_32_5_max_dsp_1_U74/dout_r_reg[17]' (FD) to 'mul_i7_i_reg_1058_reg[17]'
INFO: [Synth 8-3886] merging instance 'fmul_32ns_32ns_32_5_max_dsp_1_U74/dout_r_reg[18]' (FD) to 'mul_i7_i_reg_1058_reg[18]'
INFO: [Synth 8-3886] merging instance 'fmul_32ns_32ns_32_5_max_dsp_1_U74/dout_r_reg[19]' (FD) to 'mul_i7_i_reg_1058_reg[19]'
INFO: [Synth 8-3886] merging instance 'fmul_32ns_32ns_32_5_max_dsp_1_U74/dout_r_reg[20]' (FD) to 'mul_i7_i_reg_1058_reg[20]'
INFO: [Synth 8-3886] merging instance 'fmul_32ns_32ns_32_5_max_dsp_1_U74/dout_r_reg[21]' (FD) to 'mul_i7_i_reg_1058_reg[21]'
INFO: [Synth 8-3886] merging instance 'fmul_32ns_32ns_32_5_max_dsp_1_U74/dout_r_reg[22]' (FD) to 'mul_i7_i_reg_1058_reg[22]'
INFO: [Synth 8-3886] merging instance 'fmul_32ns_32ns_32_5_max_dsp_1_U74/dout_r_reg[23]' (FD) to 'mul_i7_i_reg_1058_reg[23]'
INFO: [Synth 8-3886] merging instance 'fmul_32ns_32ns_32_5_max_dsp_1_U74/dout_r_reg[24]' (FD) to 'mul_i7_i_reg_1058_reg[24]'
INFO: [Synth 8-3886] merging instance 'fmul_32ns_32ns_32_5_max_dsp_1_U74/dout_r_reg[25]' (FD) to 'mul_i7_i_reg_1058_reg[25]'
INFO: [Synth 8-3886] merging instance 'fmul_32ns_32ns_32_5_max_dsp_1_U74/dout_r_reg[26]' (FD) to 'mul_i7_i_reg_1058_reg[26]'
INFO: [Synth 8-3886] merging instance 'fmul_32ns_32ns_32_5_max_dsp_1_U74/dout_r_reg[27]' (FD) to 'mul_i7_i_reg_1058_reg[27]'
INFO: [Synth 8-3886] merging instance 'fmul_32ns_32ns_32_5_max_dsp_1_U74/dout_r_reg[28]' (FD) to 'mul_i7_i_reg_1058_reg[28]'
INFO: [Synth 8-3886] merging instance 'fmul_32ns_32ns_32_5_max_dsp_1_U74/dout_r_reg[29]' (FD) to 'mul_i7_i_reg_1058_reg[29]'
INFO: [Synth 8-3333] propagating constant 1 across sequential element (\fmul_32ns_32ns_32_5_max_dsp_1_U74/ce_r_reg )
INFO: [Synth 8-3886] merging instance 'fmul_32ns_32ns_32_5_max_dsp_1_U74/dout_r_reg[30]' (FD) to 'mul_i7_i_reg_1058_reg[30]'
INFO: [Synth 8-3886] merging instance 'fmul_32ns_32ns_32_5_max_dsp_1_U77/din0_buf1_reg[31]' (FDE) to 'fmul_32ns_32ns_32_5_max_dsp_1_U76/din0_buf1_reg[31]'
INFO: [Synth 8-3886] merging instance 'fmul_32ns_32ns_32_5_max_dsp_1_U77/din0_buf1_reg[23]' (FDE) to 'fmul_32ns_32ns_32_5_max_dsp_1_U76/din0_buf1_reg[23]'
INFO: [Synth 8-3886] merging instance 'fmul_32ns_32ns_32_5_max_dsp_1_U77/din0_buf1_reg[24]' (FDE) to 'fmul_32ns_32ns_32_5_max_dsp_1_U76/din0_buf1_reg[24]'
INFO: [Synth 8-3886] merging instance 'fmul_32ns_32ns_32_5_max_dsp_1_U77/din0_buf1_reg[25]' (FDE) to 'fmul_32ns_32ns_32_5_max_dsp_1_U76/din0_buf1_reg[25]'
INFO: [Synth 8-3886] merging instance 'fmul_32ns_32ns_32_5_max_dsp_1_U77/din0_buf1_reg[26]' (FDE) to 'fmul_32ns_32ns_32_5_max_dsp_1_U76/din0_buf1_reg[26]'
INFO: [Synth 8-3886] merging instance 'fmul_32ns_32ns_32_5_max_dsp_1_U77/din0_buf1_reg[27]' (FDE) to 'fmul_32ns_32ns_32_5_max_dsp_1_U76/din0_buf1_reg[27]'
INFO: [Synth 8-3886] merging instance 'fmul_32ns_32ns_32_5_max_dsp_1_U77/din0_buf1_reg[28]' (FDE) to 'fmul_32ns_32ns_32_5_max_dsp_1_U76/din0_buf1_reg[28]'
INFO: [Synth 8-3886] merging instance 'fmul_32ns_32ns_32_5_max_dsp_1_U77/din0_buf1_reg[29]' (FDE) to 'fmul_32ns_32ns_32_5_max_dsp_1_U76/din0_buf1_reg[29]'
INFO: [Synth 8-3886] merging instance 'fmul_32ns_32ns_32_5_max_dsp_1_U77/din0_buf1_reg[30]' (FDE) to 'fmul_32ns_32ns_32_5_max_dsp_1_U76/din0_buf1_reg[30]'
INFO: [Synth 8-3333] propagating constant 0 across sequential element (\fadd_32ns_32ns_32_8_full_dsp_1_U44/din1_buf1_reg[31] )
INFO: [Synth 8-3333] propagating constant 0 across sequential element (\fadd_32ns_32ns_32_8_full_dsp_1_U44/din1_buf1_reg[1] )
INFO: [Synth 8-3333] propagating constant 0 across sequential element (\fadd_32ns_32ns_32_8_full_dsp_1_U44/din1_buf1_reg[2] )
INFO: [Synth 8-3333] propagating constant 0 across sequential element (\fadd_32ns_32ns_32_8_full_dsp_1_U44/din1_buf1_reg[3] )
INFO: [Synth 8-3333] propagating constant 0 across sequential element (\fadd_32ns_32ns_32_8_full_dsp_1_U44/din1_buf1_reg[4] )
INFO: [Synth 8-3333] propagating constant 0 across sequential element (\fadd_32ns_32ns_32_8_full_dsp_1_U44/din1_buf1_reg[5] )
INFO: [Synth 8-3333] propagating constant 0 across sequential element (\fadd_32ns_32ns_32_8_full_dsp_1_U44/din1_buf1_reg[6] )
INFO: [Synth 8-3333] propagating constant 0 across sequential element (\fadd_32ns_32ns_32_8_full_dsp_1_U44/din1_buf1_reg[7] )
INFO: [Synth 8-3333] propagating constant 0 across sequential element (\fadd_32ns_32ns_32_8_full_dsp_1_U44/din1_buf1_reg[8] )
INFO: [Synth 8-3333] propagating constant 0 across sequential element (\fadd_32ns_32ns_32_8_full_dsp_1_U44/din1_buf1_reg[9] )
INFO: [Synth 8-3333] propagating constant 0 across sequential element (\fadd_32ns_32ns_32_8_full_dsp_1_U44/din1_buf1_reg[10] )
INFO: [Synth 8-3333] propagating constant 0 across sequential element (\fadd_32ns_32ns_32_8_full_dsp_1_U44/din1_buf1_reg[11] )
INFO: [Synth 8-3333] propagating constant 0 across sequential element (\fadd_32ns_32ns_32_8_full_dsp_1_U44/din1_buf1_reg[12] )
INFO: [Synth 8-3333] propagating constant 0 across sequential element (\fadd_32ns_32ns_32_8_full_dsp_1_U44/din1_buf1_reg[13] )
INFO: [Synth 8-3333] propagating constant 0 across sequential element (\fadd_32ns_32ns_32_8_full_dsp_1_U44/din1_buf1_reg[14] )
INFO: [Synth 8-3333] propagating constant 0 across sequential element (\fadd_32ns_32ns_32_8_full_dsp_1_U44/din1_buf1_reg[15] )
INFO: [Synth 8-3333] propagating constant 0 across sequential element (\fadd_32ns_32ns_32_8_full_dsp_1_U44/din1_buf1_reg[16] )
INFO: [Synth 8-3333] propagating constant 0 across sequential element (\fadd_32ns_32ns_32_8_full_dsp_1_U44/din1_buf1_reg[17] )
INFO: [Synth 8-3333] propagating constant 0 across sequential element (\fadd_32ns_32ns_32_8_full_dsp_1_U44/din1_buf1_reg[18] )
INFO: [Synth 8-3333] propagating constant 0 across sequential element (\fadd_32ns_32ns_32_8_full_dsp_1_U44/din1_buf1_reg[19] )
INFO: [Synth 8-3333] propagating constant 0 across sequential element (\fadd_32ns_32ns_32_8_full_dsp_1_U44/din1_buf1_reg[20] )
INFO: [Synth 8-3333] propagating constant 0 across sequential element (\fadd_32ns_32ns_32_8_full_dsp_1_U44/din1_buf1_reg[21] )
INFO: [Synth 8-3333] propagating constant 0 across sequential element (\fadd_32ns_32ns_32_8_full_dsp_1_U44/din1_buf1_reg[22] )
INFO: [Synth 8-3333] propagating constant 0 across sequential element (\fadd_32ns_32ns_32_8_full_dsp_1_U44/din1_buf1_reg[23] )
INFO: [Synth 8-3333] propagating constant 0 across sequential element (\fadd_32ns_32ns_32_8_full_dsp_1_U44/din1_buf1_reg[24] )
INFO: [Synth 8-3333] propagating constant 0 across sequential element (\fadd_32ns_32ns_32_8_full_dsp_1_U44/din1_buf1_reg[25] )
INFO: [Synth 8-3333] propagating constant 0 across sequential element (\fadd_32ns_32ns_32_8_full_dsp_1_U44/din1_buf1_reg[26] )
INFO: [Synth 8-3333] propagating constant 0 across sequential element (\fadd_32ns_32ns_32_8_full_dsp_1_U44/din1_buf1_reg[27] )
INFO: [Synth 8-3333] propagating constant 0 across sequential element (\fadd_32ns_32ns_32_8_full_dsp_1_U44/din1_buf1_reg[28] )
INFO: [Synth 8-3333] propagating constant 0 across sequential element (\fadd_32ns_32ns_32_8_full_dsp_1_U44/din1_buf1_reg[29] )
INFO: [Synth 8-3333] propagating constant 0 across sequential element (\fadd_32ns_32ns_32_8_full_dsp_1_U44/din1_buf1_reg[30] )
INFO: [Synth 8-3333] propagating constant 0 across sequential element (\fadd_32ns_32ns_32_8_full_dsp_1_U44/din1_buf1_reg[0] )
INFO: [Synth 8-3886] merging instance 'fmul_32ns_32ns_32_5_max_dsp_1_U77/din0_buf1_reg[0]' (FDE) to 'fmul_32ns_32ns_32_5_max_dsp_1_U76/din0_buf1_reg[0]'
INFO: [Synth 8-3886] merging instance 'fmul_32ns_32ns_32_5_max_dsp_1_U77/din0_buf1_reg[1]' (FDE) to 'fmul_32ns_32ns_32_5_max_dsp_1_U76/din0_buf1_reg[1]'
INFO: [Synth 8-3886] merging instance 'fmul_32ns_32ns_32_5_max_dsp_1_U77/din0_buf1_reg[2]' (FDE) to 'fmul_32ns_32ns_32_5_max_dsp_1_U76/din0_buf1_reg[2]'
INFO: [Synth 8-3886] merging instance 'fmul_32ns_32ns_32_5_max_dsp_1_U77/din0_buf1_reg[3]' (FDE) to 'fmul_32ns_32ns_32_5_max_dsp_1_U76/din0_buf1_reg[3]'
INFO: [Synth 8-3886] merging instance 'fmul_32ns_32ns_32_5_max_dsp_1_U77/din0_buf1_reg[4]' (FDE) to 'fmul_32ns_32ns_32_5_max_dsp_1_U76/din0_buf1_reg[4]'
INFO: [Synth 8-3886] merging instance 'fmul_32ns_32ns_32_5_max_dsp_1_U77/din0_buf1_reg[5]' (FDE) to 'fmul_32ns_32ns_32_5_max_dsp_1_U76/din0_buf1_reg[5]'
INFO: [Synth 8-3886] merging instance 'fmul_32ns_32ns_32_5_max_dsp_1_U77/din0_buf1_reg[6]' (FDE) to 'fmul_32ns_32ns_32_5_max_dsp_1_U76/din0_buf1_reg[6]'
INFO: [Synth 8-3886] merging instance 'fmul_32ns_32ns_32_5_max_dsp_1_U77/din0_buf1_reg[7]' (FDE) to 'fmul_32ns_32ns_32_5_max_dsp_1_U76/din0_buf1_reg[7]'
INFO: [Synth 8-3886] merging instance 'fmul_32ns_32ns_32_5_max_dsp_1_U77/din0_buf1_reg[8]' (FDE) to 'fmul_32ns_32ns_32_5_max_dsp_1_U76/din0_buf1_reg[8]'
INFO: [Synth 8-3886] merging instance 'fmul_32ns_32ns_32_5_max_dsp_1_U77/din0_buf1_reg[9]' (FDE) to 'fmul_32ns_32ns_32_5_max_dsp_1_U76/din0_buf1_reg[9]'
INFO: [Synth 8-3886] merging instance 'fmul_32ns_32ns_32_5_max_dsp_1_U77/din0_buf1_reg[10]' (FDE) to 'fmul_32ns_32ns_32_5_max_dsp_1_U76/din0_buf1_reg[10]'
INFO: [Synth 8-3886] merging instance 'fmul_32ns_32ns_32_5_max_dsp_1_U77/din0_buf1_reg[11]' (FDE) to 'fmul_32ns_32ns_32_5_max_dsp_1_U76/din0_buf1_reg[11]'
INFO: [Synth 8-3886] merging instance 'fmul_32ns_32ns_32_5_max_dsp_1_U77/din0_buf1_reg[12]' (FDE) to 'fmul_32ns_32ns_32_5_max_dsp_1_U76/din0_buf1_reg[12]'
INFO: [Synth 8-3886] merging instance 'fmul_32ns_32ns_32_5_max_dsp_1_U77/din0_buf1_reg[13]' (FDE) to 'fmul_32ns_32ns_32_5_max_dsp_1_U76/din0_buf1_reg[13]'
INFO: [Synth 8-3886] merging instance 'fmul_32ns_32ns_32_5_max_dsp_1_U77/din0_buf1_reg[14]' (FDE) to 'fmul_32ns_32ns_32_5_max_dsp_1_U76/din0_buf1_reg[14]'
INFO: [Synth 8-3886] merging instance 'fmul_32ns_32ns_32_5_max_dsp_1_U77/din0_buf1_reg[15]' (FDE) to 'fmul_32ns_32ns_32_5_max_dsp_1_U76/din0_buf1_reg[15]'
INFO: [Synth 8-3886] merging instance 'fmul_32ns_32ns_32_5_max_dsp_1_U77/din0_buf1_reg[16]' (FDE) to 'fmul_32ns_32ns_32_5_max_dsp_1_U76/din0_buf1_reg[16]'
INFO: [Synth 8-3886] merging instance 'fmul_32ns_32ns_32_5_max_dsp_1_U77/din0_buf1_reg[17]' (FDE) to 'fmul_32ns_32ns_32_5_max_dsp_1_U76/din0_buf1_reg[17]'
INFO: [Synth 8-3886] merging instance 'fmul_32ns_32ns_32_5_max_dsp_1_U77/din0_buf1_reg[18]' (FDE) to 'fmul_32ns_32ns_32_5_max_dsp_1_U76/din0_buf1_reg[18]'
INFO: [Synth 8-3886] merging instance 'fmul_32ns_32ns_32_5_max_dsp_1_U77/din0_buf1_reg[19]' (FDE) to 'fmul_32ns_32ns_32_5_max_dsp_1_U76/din0_buf1_reg[19]'
INFO: [Synth 8-3886] merging instance 'fmul_32ns_32ns_32_5_max_dsp_1_U77/din0_buf1_reg[20]' (FDE) to 'fmul_32ns_32ns_32_5_max_dsp_1_U76/din0_buf1_reg[20]'
INFO: [Synth 8-3886] merging instance 'fmul_32ns_32ns_32_5_max_dsp_1_U77/din0_buf1_reg[21]' (FDE) to 'fmul_32ns_32ns_32_5_max_dsp_1_U76/din0_buf1_reg[21]'
INFO: [Synth 8-3886] merging instance 'fmul_32ns_32ns_32_5_max_dsp_1_U77/din0_buf1_reg[22]' (FDE) to 'fmul_32ns_32ns_32_5_max_dsp_1_U76/din0_buf1_reg[22]'
INFO: [Synth 8-3886] merging instance 'fmul_32ns_32ns_32_5_max_dsp_1_U77/dout_r_reg[31]' (FD) to 'mul_i7_i_1_1_reg_1085_reg[31]'
INFO: [Synth 8-3886] merging instance 'fmul_32ns_32ns_32_5_max_dsp_1_U77/dout_r_reg[1]' (FD) to 'mul_i7_i_1_1_reg_1085_reg[1]'
INFO: [Synth 8-3886] merging instance 'fmul_32ns_32ns_32_5_max_dsp_1_U77/dout_r_reg[2]' (FD) to 'mul_i7_i_1_1_reg_1085_reg[2]'
INFO: [Synth 8-3886] merging instance 'fmul_32ns_32ns_32_5_max_dsp_1_U77/dout_r_reg[3]' (FD) to 'mul_i7_i_1_1_reg_1085_reg[3]'
INFO: [Synth 8-3886] merging instance 'fmul_32ns_32ns_32_5_max_dsp_1_U77/dout_r_reg[4]' (FD) to 'mul_i7_i_1_1_reg_1085_reg[4]'
INFO: [Synth 8-3886] merging instance 'fmul_32ns_32ns_32_5_max_dsp_1_U77/dout_r_reg[5]' (FD) to 'mul_i7_i_1_1_reg_1085_reg[5]'
INFO: [Synth 8-3886] merging instance 'fmul_32ns_32ns_32_5_max_dsp_1_U77/dout_r_reg[6]' (FD) to 'mul_i7_i_1_1_reg_1085_reg[6]'
INFO: [Synth 8-3886] merging instance 'fmul_32ns_32ns_32_5_max_dsp_1_U77/dout_r_reg[7]' (FD) to 'mul_i7_i_1_1_reg_1085_reg[7]'
INFO: [Synth 8-3886] merging instance 'fmul_32ns_32ns_32_5_max_dsp_1_U77/dout_r_reg[8]' (FD) to 'mul_i7_i_1_1_reg_1085_reg[8]'
INFO: [Synth 8-3886] merging instance 'fmul_32ns_32ns_32_5_max_dsp_1_U77/dout_r_reg[9]' (FD) to 'mul_i7_i_1_1_reg_1085_reg[9]'
INFO: [Synth 8-3886] merging instance 'fmul_32ns_32ns_32_5_max_dsp_1_U77/dout_r_reg[10]' (FD) to 'mul_i7_i_1_1_reg_1085_reg[10]'
INFO: [Synth 8-3886] merging instance 'fmul_32ns_32ns_32_5_max_dsp_1_U77/dout_r_reg[11]' (FD) to 'mul_i7_i_1_1_reg_1085_reg[11]'
INFO: [Synth 8-3886] merging instance 'fmul_32ns_32ns_32_5_max_dsp_1_U77/dout_r_reg[12]' (FD) to 'mul_i7_i_1_1_reg_1085_reg[12]'
INFO: [Synth 8-3886] merging instance 'fmul_32ns_32ns_32_5_max_dsp_1_U77/dout_r_reg[13]' (FD) to 'mul_i7_i_1_1_reg_1085_reg[13]'
INFO: [Synth 8-3886] merging instance 'fmul_32ns_32ns_32_5_max_dsp_1_U77/dout_r_reg[14]' (FD) to 'mul_i7_i_1_1_reg_1085_reg[14]'
INFO: [Synth 8-3886] merging instance 'fmul_32ns_32ns_32_5_max_dsp_1_U77/dout_r_reg[15]' (FD) to 'mul_i7_i_1_1_reg_1085_reg[15]'
INFO: [Synth 8-3886] merging instance 'fmul_32ns_32ns_32_5_max_dsp_1_U77/dout_r_reg[16]' (FD) to 'mul_i7_i_1_1_reg_1085_reg[16]'
INFO: [Synth 8-3886] merging instance 'fmul_32ns_32ns_32_5_max_dsp_1_U77/dout_r_reg[17]' (FD) to 'mul_i7_i_1_1_reg_1085_reg[17]'
INFO: [Synth 8-3886] merging instance 'fmul_32ns_32ns_32_5_max_dsp_1_U77/dout_r_reg[18]' (FD) to 'mul_i7_i_1_1_reg_1085_reg[18]'
INFO: [Synth 8-3886] merging instance 'fmul_32ns_32ns_32_5_max_dsp_1_U77/dout_r_reg[19]' (FD) to 'mul_i7_i_1_1_reg_1085_reg[19]'
INFO: [Synth 8-3886] merging instance 'fmul_32ns_32ns_32_5_max_dsp_1_U77/dout_r_reg[20]' (FD) to 'mul_i7_i_1_1_reg_1085_reg[20]'
INFO: [Synth 8-3886] merging instance 'fmul_32ns_32ns_32_5_max_dsp_1_U77/dout_r_reg[21]' (FD) to 'mul_i7_i_1_1_reg_1085_reg[21]'
INFO: [Synth 8-3886] merging instance 'fmul_32ns_32ns_32_5_max_dsp_1_U77/dout_r_reg[22]' (FD) to 'mul_i7_i_1_1_reg_1085_reg[22]'
INFO: [Synth 8-3886] merging instance 'fmul_32ns_32ns_32_5_max_dsp_1_U77/dout_r_reg[23]' (FD) to 'mul_i7_i_1_1_reg_1085_reg[23]'
INFO: [Synth 8-3886] merging instance 'fmul_32ns_32ns_32_5_max_dsp_1_U77/dout_r_reg[24]' (FD) to 'mul_i7_i_1_1_reg_1085_reg[24]'
INFO: [Synth 8-3886] merging instance 'fmul_32ns_32ns_32_5_max_dsp_1_U77/dout_r_reg[25]' (FD) to 'mul_i7_i_1_1_reg_1085_reg[25]'
INFO: [Synth 8-3886] merging instance 'fmul_32ns_32ns_32_5_max_dsp_1_U77/dout_r_reg[26]' (FD) to 'mul_i7_i_1_1_reg_1085_reg[26]'
INFO: [Synth 8-3886] merging instance 'fmul_32ns_32ns_32_5_max_dsp_1_U77/dout_r_reg[27]' (FD) to 'mul_i7_i_1_1_reg_1085_reg[27]'
INFO: [Synth 8-3886] merging instance 'fmul_32ns_32ns_32_5_max_dsp_1_U77/dout_r_reg[28]' (FD) to 'mul_i7_i_1_1_reg_1085_reg[28]'
INFO: [Synth 8-3886] merging instance 'fmul_32ns_32ns_32_5_max_dsp_1_U77/dout_r_reg[29]' (FD) to 'mul_i7_i_1_1_reg_1085_reg[29]'
INFO: [Synth 8-3886] merging instance 'fmul_32ns_32ns_32_5_max_dsp_1_U77/dout_r_reg[30]' (FD) to 'mul_i7_i_1_1_reg_1085_reg[30]'
INFO: [Synth 8-3333] propagating constant 1 across sequential element (\fmul_32ns_32ns_32_5_max_dsp_1_U77/ce_r_reg )
INFO: [Synth 8-3886] merging instance 'fmul_32ns_32ns_32_5_max_dsp_1_U77/dout_r_reg[0]' (FD) to 'mul_i7_i_1_1_reg_1085_reg[0]'
INFO: [Synth 8-3886] merging instance 'fadd_32ns_32ns_32_8_full_dsp_1_U44/dout_r_reg[31]' (FD) to 'acc_16_reg_1068_reg[31]'
INFO: [Synth 8-3886] merging instance 'fadd_32ns_32ns_32_8_full_dsp_1_U44/dout_r_reg[0]' (FD) to 'acc_16_reg_1068_reg[0]'
INFO: [Synth 8-3886] merging instance 'fadd_32ns_32ns_32_8_full_dsp_1_U44/dout_r_reg[1]' (FD) to 'acc_16_reg_1068_reg[1]'
INFO: [Synth 8-3886] merging instance 'fadd_32ns_32ns_32_8_full_dsp_1_U44/dout_r_reg[2]' (FD) to 'acc_16_reg_1068_reg[2]'
INFO: [Common 17-14] Message 'Synth 8-3886' appears 100 times and further instances of the messages will be disabled. Use the Tcl command set_msg_config to change the current settings.
INFO: [Common 17-14] Message 'Synth 8-3886' appears 100 times and further instances of the messages will be disabled. Use the Tcl command set_msg_config to change the current settings.
INFO: [Synth 8-3333] propagating constant 1 across sequential element (\fadd_32ns_32ns_32_8_full_dsp_1_U44/ce_r_reg )
INFO: [Synth 8-3333] propagating constant 1 across sequential element (\fadd_32ns_32ns_32_8_full_dsp_1_U47/ce_r_reg )
INFO: [Synth 8-3333] propagating constant 1 across sequential element (\fmul_32ns_32ns_32_5_max_dsp_1_U79/ce_r_reg )
INFO: [Synth 8-3333] propagating constant 1 across sequential element (\fadd_32ns_32ns_32_8_full_dsp_1_U46/ce_r_reg )
INFO: [Synth 8-3333] propagating constant 1 across sequential element (\fmul_32ns_32ns_32_5_max_dsp_1_U78/ce_r_reg )
INFO: [Synth 8-3333] propagating constant 1 across sequential element (\fadd_32ns_32ns_32_8_full_dsp_1_U51/ce_r_reg )
INFO: [Synth 8-3333] propagating constant 1 across sequential element (\fadd_32ns_32ns_32_8_full_dsp_1_U50/ce_r_reg )
INFO: [Synth 8-3333] propagating constant 1 across sequential element (\fadd_32ns_32ns_32_8_full_dsp_1_U55/ce_r_reg )
INFO: [Synth 8-3333] propagating constant 1 across sequential element (\fadd_32ns_32ns_32_8_full_dsp_1_U54/ce_r_reg )
INFO: [Synth 8-3333] propagating constant 1 across sequential element (\fmul_32ns_32ns_32_5_max_dsp_1_U80/din1_buf1_reg[31] )
INFO: [Synth 8-3333] propagating constant 1 across sequential element (\fmul_32ns_32ns_32_5_max_dsp_1_U80/din1_buf1_reg[23] )
INFO: [Synth 8-3333] propagating constant 1 across sequential element (\fmul_32ns_32ns_32_5_max_dsp_1_U80/din1_buf1_reg[24] )
INFO: [Synth 8-3333] propagating constant 1 across sequential element (\fmul_32ns_32ns_32_5_max_dsp_1_U80/din1_buf1_reg[25] )
INFO: [Synth 8-3333] propagating constant 1 across sequential element (\fmul_32ns_32ns_32_5_max_dsp_1_U80/din1_buf1_reg[26] )
INFO: [Synth 8-3333] propagating constant 1 across sequential element (\fmul_32ns_32ns_32_5_max_dsp_1_U80/din1_buf1_reg[27] )
INFO: [Synth 8-3333] propagating constant 1 across sequential element (\fmul_32ns_32ns_32_5_max_dsp_1_U80/din1_buf1_reg[28] )
INFO: [Synth 8-3333] propagating constant 1 across sequential element (\fmul_32ns_32ns_32_5_max_dsp_1_U80/din1_buf1_reg[29] )
INFO: [Synth 8-3333] propagating constant 0 across sequential element (\fmul_32ns_32ns_32_5_max_dsp_1_U80/din1_buf1_reg[30] )
INFO: [Synth 8-3333] propagating constant 0 across sequential element (\fmul_32ns_32ns_32_5_max_dsp_1_U80/din1_buf1_reg[0] )
INFO: [Synth 8-3333] propagating constant 1 across sequential element (\fmul_32ns_32ns_32_5_max_dsp_1_U80/din1_buf1_reg[1] )
INFO: [Synth 8-3333] propagating constant 1 across sequential element (\fmul_32ns_32ns_32_5_max_dsp_1_U80/din1_buf1_reg[2] )
INFO: [Synth 8-3333] propagating constant 1 across sequential element (\fmul_32ns_32ns_32_5_max_dsp_1_U80/din1_buf1_reg[3] )
INFO: [Synth 8-3333] propagating constant 0 across sequential element (\fmul_32ns_32ns_32_5_max_dsp_1_U80/din1_buf1_reg[4] )
INFO: [Synth 8-3333] propagating constant 0 across sequential element (\fmul_32ns_32ns_32_5_max_dsp_1_U80/din1_buf1_reg[5] )
INFO: [Synth 8-3333] propagating constant 0 across sequential element (\fmul_32ns_32ns_32_5_max_dsp_1_U80/din1_buf1_reg[6] )
INFO: [Synth 8-3333] propagating constant 1 across sequential element (\fmul_32ns_32ns_32_5_max_dsp_1_U80/din1_buf1_reg[7] )
INFO: [Synth 8-3333] propagating constant 0 across sequential element (\fmul_32ns_32ns_32_5_max_dsp_1_U80/din1_buf1_reg[8] )
INFO: [Synth 8-3333] propagating constant 1 across sequential element (\fmul_32ns_32ns_32_5_max_dsp_1_U80/din1_buf1_reg[9] )
INFO: [Synth 8-3333] propagating constant 1 across sequential element (\fmul_32ns_32ns_32_5_max_dsp_1_U80/din1_buf1_reg[10] )
INFO: [Synth 8-3333] propagating constant 0 across sequential element (\fmul_32ns_32ns_32_5_max_dsp_1_U80/din1_buf1_reg[11] )
INFO: [Synth 8-3333] propagating constant 0 across sequential element (\fmul_32ns_32ns_32_5_max_dsp_1_U80/din1_buf1_reg[12] )
INFO: [Synth 8-3333] propagating constant 0 across sequential element (\fmul_32ns_32ns_32_5_max_dsp_1_U80/din1_buf1_reg[13] )
INFO: [Synth 8-3333] propagating constant 0 across sequential element (\fmul_32ns_32ns_32_5_max_dsp_1_U80/din1_buf1_reg[14] )
INFO: [Synth 8-3333] propagating constant 0 across sequential element (\fmul_32ns_32ns_32_5_max_dsp_1_U80/din1_buf1_reg[15] )
INFO: [Synth 8-3333] propagating constant 0 across sequential element (\fmul_32ns_32ns_32_5_max_dsp_1_U80/din1_buf1_reg[16] )
INFO: [Synth 8-3333] propagating constant 0 across sequential element (\fmul_32ns_32ns_32_5_max_dsp_1_U80/din1_buf1_reg[17] )
INFO: [Synth 8-3333] propagating constant 0 across sequential element (\fmul_32ns_32ns_32_5_max_dsp_1_U80/din1_buf1_reg[18] )
INFO: [Synth 8-3333] propagating constant 0 across sequential element (\fmul_32ns_32ns_32_5_max_dsp_1_U80/din1_buf1_reg[19] )
INFO: [Synth 8-3333] propagating constant 0 across sequential element (\fmul_32ns_32ns_32_5_max_dsp_1_U80/din1_buf1_reg[20] )
INFO: [Synth 8-3333] propagating constant 0 across sequential element (\fmul_32ns_32ns_32_5_max_dsp_1_U80/din1_buf1_reg[21] )
INFO: [Synth 8-3333] propagating constant 0 across sequential element (\fmul_32ns_32ns_32_5_max_dsp_1_U80/din1_buf1_reg[22] )
INFO: [Synth 8-3333] propagating constant 1 across sequential element (\fmul_32ns_32ns_32_5_max_dsp_1_U80/ce_r_reg )
INFO: [Synth 8-3333] propagating constant 1 across sequential element (\fmul_32ns_32ns_32_5_max_dsp_1_U82/din1_buf1_reg[31] )
INFO: [Synth 8-3333] propagating constant 1 across sequential element (\fmul_32ns_32ns_32_5_max_dsp_1_U82/din1_buf1_reg[23] )
INFO: [Synth 8-3333] propagating constant 0 across sequential element (\fmul_32ns_32ns_32_5_max_dsp_1_U82/din1_buf1_reg[24] )
INFO: [Synth 8-3333] propagating constant 0 across sequential element (\fmul_32ns_32ns_32_5_max_dsp_1_U82/din1_buf1_reg[25] )
INFO: [Synth 8-3333] propagating constant 1 across sequential element (\fmul_32ns_32ns_32_5_max_dsp_1_U82/din1_buf1_reg[26] )
INFO: [Synth 8-3333] propagating constant 1 across sequential element (\fmul_32ns_32ns_32_5_max_dsp_1_U82/din1_buf1_reg[27] )
INFO: [Synth 8-3333] propagating constant 1 across sequential element (\fmul_32ns_32ns_32_5_max_dsp_1_U82/din1_buf1_reg[28] )
INFO: [Synth 8-3333] propagating constant 1 across sequential element (\fmul_32ns_32ns_32_5_max_dsp_1_U82/din1_buf1_reg[29] )
INFO: [Synth 8-3333] propagating constant 0 across sequential element (\fmul_32ns_32ns_32_5_max_dsp_1_U82/din1_buf1_reg[30] )
INFO: [Synth 8-3333] propagating constant 0 across sequential element (\fmul_32ns_32ns_32_5_max_dsp_1_U75/din1_buf1_reg[31] )
INFO: [Synth 8-3333] propagating constant 0 across sequential element (\fmul_32ns_32ns_32_5_max_dsp_1_U75/din1_buf1_reg[23] )
INFO: [Synth 8-3333] propagating constant 0 across sequential element (\fmul_32ns_32ns_32_5_max_dsp_1_U75/din1_buf1_reg[24] )
INFO: [Synth 8-3333] propagating constant 0 across sequential element (\fmul_32ns_32ns_32_5_max_dsp_1_U75/din1_buf1_reg[25] )
INFO: [Synth 8-3333] propagating constant 0 across sequential element (\fmul_32ns_32ns_32_5_max_dsp_1_U75/din1_buf1_reg[26] )
INFO: [Synth 8-3333] propagating constant 0 across sequential element (\fmul_32ns_32ns_32_5_max_dsp_1_U75/din1_buf1_reg[27] )
INFO: [Synth 8-3333] propagating constant 0 across sequential element (\fmul_32ns_32ns_32_5_max_dsp_1_U75/din1_buf1_reg[28] )
INFO: [Synth 8-3333] propagating constant 0 across sequential element (\fmul_32ns_32ns_32_5_max_dsp_1_U75/din1_buf1_reg[29] )
INFO: [Synth 8-3333] propagating constant 0 across sequential element (\fmul_32ns_32ns_32_5_max_dsp_1_U75/din1_buf1_reg[30] )
INFO: [Synth 8-3333] propagating constant 1 across sequential element (\fadd_32ns_32ns_32_8_full_dsp_1_U41/ce_r_reg )
INFO: [Synth 8-3333] propagating constant 0 across sequential element (\fmul_32ns_32ns_32_5_max_dsp_1_U82/din1_buf1_reg[0] )
INFO: [Synth 8-3333] propagating constant 0 across sequential element (\fmul_32ns_32ns_32_5_max_dsp_1_U82/din1_buf1_reg[1] )
INFO: [Synth 8-3333] propagating constant 1 across sequential element (\fmul_32ns_32ns_32_5_max_dsp_1_U82/din1_buf1_reg[2] )
INFO: [Synth 8-3333] propagating constant 1 across sequential element (\fmul_32ns_32ns_32_5_max_dsp_1_U82/din1_buf1_reg[3] )
INFO: [Synth 8-3333] propagating constant 1 across sequential element (\fmul_32ns_32ns_32_5_max_dsp_1_U82/din1_buf1_reg[4] )
INFO: [Common 17-14] Message 'Synth 8-3333' appears 100 times and further instances of the messages will be disabled. Use the Tcl command set_msg_config to change the current settings.
INFO: [Common 17-14] Message 'Synth 8-3333' appears 100 times and further instances of the messages will be disabled. Use the Tcl command set_msg_config to change the current settings.
INFO: [Synth 8-3332] Sequential element (ADDSUB_OP.ADDSUB/DSP.OP/DSP48E1_BODY.NORM_RND/FULL_USAGE_DSP.LOD/dist_norm_reg[1]) is unused and will be removed from module floating_point_v7_1_19_viv__1.
INFO: [Synth 8-3332] Sequential element (ADDSUB_OP.ADDSUB/DSP.OP/DSP48E1_BODY.NORM_RND/FULL_USAGE_DSP.LOD/dist_norm_reg[0]) is unused and will be removed from module floating_point_v7_1_19_viv__1.
INFO: [Synth 8-3332] Sequential element (ADDSUB_OP.ADDSUB/DSP.OP/DSP48E1_BODY.NORM_RND/FULL_USAGE_DSP.LOD/dist_norm_reg[1]) is unused and will be removed from module floating_point_v7_1_19_viv__2.
INFO: [Synth 8-3332] Sequential element (ADDSUB_OP.ADDSUB/DSP.OP/DSP48E1_BODY.NORM_RND/FULL_USAGE_DSP.LOD/dist_norm_reg[0]) is unused and will be removed from module floating_point_v7_1_19_viv__2.
INFO: [Synth 8-3332] Sequential element (ADDSUB_OP.ADDSUB/DSP.OP/DSP48E1_BODY.NORM_RND/FULL_USAGE_DSP.LOD/dist_norm_reg[1]) is unused and will be removed from module floating_point_v7_1_19_viv__3.
INFO: [Synth 8-3332] Sequential element (ADDSUB_OP.ADDSUB/DSP.OP/DSP48E1_BODY.NORM_RND/FULL_USAGE_DSP.LOD/dist_norm_reg[0]) is unused and will be removed from module floating_point_v7_1_19_viv__3.
INFO: [Synth 8-3332] Sequential element (ADDSUB_OP.ADDSUB/DSP.OP/DSP48E1_BODY.NORM_RND/FULL_USAGE_DSP.LOD/dist_norm_reg[1]) is unused and will be removed from module floating_point_v7_1_19_viv__4.
INFO: [Synth 8-3332] Sequential element (ADDSUB_OP.ADDSUB/DSP.OP/DSP48E1_BODY.NORM_RND/FULL_USAGE_DSP.LOD/dist_norm_reg[0]) is unused and will be removed from module floating_point_v7_1_19_viv__4.
INFO: [Synth 8-3332] Sequential element (ADDSUB_OP.ADDSUB/DSP.OP/DSP48E1_BODY.NORM_RND/FULL_USAGE_DSP.LOD/dist_norm_reg[1]) is unused and will be removed from module floating_point_v7_1_19_viv__5.
INFO: [Synth 8-3332] Sequential element (ADDSUB_OP.ADDSUB/DSP.OP/DSP48E1_BODY.NORM_RND/FULL_USAGE_DSP.LOD/dist_norm_reg[0]) is unused and will be removed from module floating_point_v7_1_19_viv__5.
INFO: [Synth 8-3332] Sequential element (ADDSUB_OP.ADDSUB/DSP.OP/DSP48E1_BODY.NORM_RND/FULL_USAGE_DSP.LOD/dist_norm_reg[1]) is unused and will be removed from module floating_point_v7_1_19_viv__6.
INFO: [Synth 8-3332] Sequential element (ADDSUB_OP.ADDSUB/DSP.OP/DSP48E1_BODY.NORM_RND/FULL_USAGE_DSP.LOD/dist_norm_reg[0]) is unused and will be removed from module floating_point_v7_1_19_viv__6.
INFO: [Synth 8-3332] Sequential element (ADDSUB_OP.ADDSUB/DSP.OP/DSP48E1_BODY.NORM_RND/FULL_USAGE_DSP.LOD/dist_norm_reg[1]) is unused and will be removed from module floating_point_v7_1_19_viv__7.
INFO: [Synth 8-3332] Sequential element (ADDSUB_OP.ADDSUB/DSP.OP/DSP48E1_BODY.NORM_RND/FULL_USAGE_DSP.LOD/dist_norm_reg[0]) is unused and will be removed from module floating_point_v7_1_19_viv__7.
INFO: [Synth 8-3332] Sequential element (ADDSUB_OP.ADDSUB/DSP.OP/DSP48E1_BODY.NORM_RND/FULL_USAGE_DSP.LOD/dist_norm_reg[1]) is unused and will be removed from module floating_point_v7_1_19_viv__8.
INFO: [Synth 8-3332] Sequential element (ADDSUB_OP.ADDSUB/DSP.OP/DSP48E1_BODY.NORM_RND/FULL_USAGE_DSP.LOD/dist_norm_reg[0]) is unused and will be removed from module floating_point_v7_1_19_viv__8.
INFO: [Synth 8-3332] Sequential element (ADDSUB_OP.ADDSUB/DSP.OP/DSP48E1_BODY.NORM_RND/FULL_USAGE_DSP.LOD/dist_norm_reg[1]) is unused and will be removed from module floating_point_v7_1_19_viv__9.
INFO: [Synth 8-3332] Sequential element (ADDSUB_OP.ADDSUB/DSP.OP/DSP48E1_BODY.NORM_RND/FULL_USAGE_DSP.LOD/dist_norm_reg[0]) is unused and will be removed from module floating_point_v7_1_19_viv__9.
INFO: [Synth 8-3332] Sequential element (ADDSUB_OP.ADDSUB/DSP.OP/DSP48E1_BODY.NORM_RND/FULL_USAGE_DSP.LOD/dist_norm_reg[1]) is unused and will be removed from module floating_point_v7_1_19_viv__10.
INFO: [Synth 8-3332] Sequential element (ADDSUB_OP.ADDSUB/DSP.OP/DSP48E1_BODY.NORM_RND/FULL_USAGE_DSP.LOD/dist_norm_reg[0]) is unused and will be removed from module floating_point_v7_1_19_viv__10.
INFO: [Synth 8-3332] Sequential element (ADDSUB_OP.ADDSUB/DSP.OP/DSP48E1_BODY.NORM_RND/FULL_USAGE_DSP.LOD/dist_norm_reg[1]) is unused and will be removed from module floating_point_v7_1_19_viv__11.
INFO: [Synth 8-3332] Sequential element (ADDSUB_OP.ADDSUB/DSP.OP/DSP48E1_BODY.NORM_RND/FULL_USAGE_DSP.LOD/dist_norm_reg[0]) is unused and will be removed from module floating_point_v7_1_19_viv__11.
INFO: [Synth 8-3332] Sequential element (ADDSUB_OP.ADDSUB/DSP.OP/DSP48E1_BODY.NORM_RND/FULL_USAGE_DSP.LOD/dist_norm_reg[1]) is unused and will be removed from module floating_point_v7_1_19_viv__12.
INFO: [Synth 8-3332] Sequential element (ADDSUB_OP.ADDSUB/DSP.OP/DSP48E1_BODY.NORM_RND/FULL_USAGE_DSP.LOD/dist_norm_reg[0]) is unused and will be removed from module floating_point_v7_1_19_viv__12.
INFO: [Synth 8-3332] Sequential element (ADDSUB_OP.ADDSUB/DSP.OP/DSP48E1_BODY.NORM_RND/FULL_USAGE_DSP.LOD/dist_norm_reg[1]) is unused and will be removed from module floating_point_v7_1_19_viv__13.
INFO: [Synth 8-3332] Sequential element (ADDSUB_OP.ADDSUB/DSP.OP/DSP48E1_BODY.NORM_RND/FULL_USAGE_DSP.LOD/dist_norm_reg[0]) is unused and will be removed from module floating_point_v7_1_19_viv__13.
INFO: [Synth 8-3332] Sequential element (ADDSUB_OP.ADDSUB/DSP.OP/DSP48E1_BODY.NORM_RND/FULL_USAGE_DSP.LOD/dist_norm_reg[1]) is unused and will be removed from module floating_point_v7_1_19_viv__14.
INFO: [Synth 8-3332] Sequential element (ADDSUB_OP.ADDSUB/DSP.OP/DSP48E1_BODY.NORM_RND/FULL_USAGE_DSP.LOD/dist_norm_reg[0]) is unused and will be removed from module floating_point_v7_1_19_viv__14.
INFO: [Synth 8-3332] Sequential element (ADDSUB_OP.ADDSUB/DSP.OP/DSP48E1_BODY.NORM_RND/FULL_USAGE_DSP.LOD/dist_norm_reg[1]) is unused and will be removed from module floating_point_v7_1_19_viv__15.
INFO: [Synth 8-3332] Sequential element (ADDSUB_OP.ADDSUB/DSP.OP/DSP48E1_BODY.NORM_RND/FULL_USAGE_DSP.LOD/dist_norm_reg[0]) is unused and will be removed from module floating_point_v7_1_19_viv__15.
INFO: [Synth 8-3332] Sequential element (ADDSUB_OP.ADDSUB/DSP.OP/DSP48E1_BODY.NORM_RND/FULL_USAGE_DSP.LOD/dist_norm_reg[1]) is unused and will be removed from module floating_point_v7_1_19_viv__16.
INFO: [Synth 8-3332] Sequential element (ADDSUB_OP.ADDSUB/DSP.OP/DSP48E1_BODY.NORM_RND/FULL_USAGE_DSP.LOD/dist_norm_reg[0]) is unused and will be removed from module floating_point_v7_1_19_viv__16.
INFO: [Synth 8-3332] Sequential element (ADDSUB_OP.ADDSUB/DSP.OP/DSP48E1_BODY.NORM_RND/FULL_USAGE_DSP.LOD/dist_norm_reg[1]) is unused and will be removed from module floating_point_v7_1_19_viv__17.
INFO: [Synth 8-3332] Sequential element (ADDSUB_OP.ADDSUB/DSP.OP/DSP48E1_BODY.NORM_RND/FULL_USAGE_DSP.LOD/dist_norm_reg[0]) is unused and will be removed from module floating_point_v7_1_19_viv__17.
INFO: [Synth 8-3332] Sequential element (ADDSUB_OP.ADDSUB/DSP.OP/DSP48E1_BODY.NORM_RND/FULL_USAGE_DSP.LOD/dist_norm_reg[1]) is unused and will be removed from module floating_point_v7_1_19_viv__18.
INFO: [Synth 8-3332] Sequential element (ADDSUB_OP.ADDSUB/DSP.OP/DSP48E1_BODY.NORM_RND/FULL_USAGE_DSP.LOD/dist_norm_reg[0]) is unused and will be removed from module floating_point_v7_1_19_viv__18.
INFO: [Synth 8-5544] ROM "ADDSUB_OP.ADDSUB/DSP.OP/DSP48E1_BODY.ALIGN_ADD/SHIFT_TABLE[0]" won't be mapped to Block RAM because address size (6) smaller than threshold (8)
INFO: [Synth 8-5544] ROM "ADDSUB_OP.ADDSUB/DSP.OP/DSP48E1_BODY.ALIGN_ADD/SHIFT_TABLE[0]" won't be mapped to Block RAM because address size (6) smaller than threshold (8)
INFO: [Synth 8-5544] ROM "ADDSUB_OP.ADDSUB/DSP.OP/DSP48E1_BODY.ALIGN_ADD/SHIFT_TABLE[0]" won't be mapped to Block RAM because address size (6) smaller than threshold (8)
INFO: [Synth 8-5544] ROM "ADDSUB_OP.ADDSUB/DSP.OP/DSP48E1_BODY.ALIGN_ADD/SHIFT_TABLE[0]" won't be mapped to Block RAM because address size (6) smaller than threshold (8)
INFO: [Common 17-14] Message 'Synth 8-5544' appears 100 times and further instances of the messages will be disabled. Use the Tcl command set_msg_config to change the current settings.
INFO: [Synth 8-4471] merging register 'fmul_32ns_32ns_32_5_max_dsp_1_U72/ce_r_reg' into 'fmul_32ns_32ns_32_5_max_dsp_1_U73/ce_r_reg' [/home/emanuel/workspace/mesh_vo/MultiPlatformDiffRenderer/src/backends/xrt/hls/build/xclbin/_x/link/vivado/vpl/prj/prj.gen/sources_1/bd/system/ipshared/9917/hdl/verilog/ImageRenderHLS_fmul_32ns_32ns_32_5_max_dsp_1.v:51]
INFO: [Synth 8-4471] merging register 'fmul_32ns_32ns_32_5_max_dsp_1_U72/din0_buf1_reg[31:0]' into 'fmul_32ns_32ns_32_5_max_dsp_1_U73/din0_buf1_reg[31:0]' [/home/emanuel/workspace/mesh_vo/MultiPlatformDiffRenderer/src/backends/xrt/hls/build/xclbin/_x/link/vivado/vpl/prj/prj.gen/sources_1/bd/system/ipshared/9917/hdl/verilog/ImageRenderHLS_fmul_32ns_32ns_32_5_max_dsp_1.v:53]
INFO: [Synth 8-4471] merging register 'fmul_32ns_32ns_32_5_max_dsp_1_U71/ce_r_reg' into 'fmul_32ns_32ns_32_5_max_dsp_1_U73/ce_r_reg' [/home/emanuel/workspace/mesh_vo/MultiPlatformDiffRenderer/src/backends/xrt/hls/build/xclbin/_x/link/vivado/vpl/prj/prj.gen/sources_1/bd/system/ipshared/9917/hdl/verilog/ImageRenderHLS_fmul_32ns_32ns_32_5_max_dsp_1.v:51]
INFO: [Synth 8-4471] merging register 'fmul_32ns_32ns_32_5_max_dsp_1_U71/din0_buf1_reg[31:0]' into 'fmul_32ns_32ns_32_5_max_dsp_1_U73/din0_buf1_reg[31:0]' [/home/emanuel/workspace/mesh_vo/MultiPlatformDiffRenderer/src/backends/xrt/hls/build/xclbin/_x/link/vivado/vpl/prj/prj.gen/sources_1/bd/system/ipshared/9917/hdl/verilog/ImageRenderHLS_fmul_32ns_32ns_32_5_max_dsp_1.v:53]
INFO: [Synth 8-4471] merging register 'fmul_32ns_32ns_32_5_max_dsp_1_U70/ce_r_reg' into 'fmul_32ns_32ns_32_5_max_dsp_1_U73/ce_r_reg' [/home/emanuel/workspace/mesh_vo/MultiPlatformDiffRenderer/src/backends/xrt/hls/build/xclbin/_x/link/vivado/vpl/prj/prj.gen/sources_1/bd/system/ipshared/9917/hdl/verilog/ImageRenderHLS_fmul_32ns_32ns_32_5_max_dsp_1.v:51]
INFO: [Synth 8-4471] merging register 'fmul_32ns_32ns_32_5_max_dsp_1_U70/din0_buf1_reg[31:0]' into 'fmul_32ns_32ns_32_5_max_dsp_1_U73/din0_buf1_reg[31:0]' [/home/emanuel/workspace/mesh_vo/MultiPlatformDiffRenderer/src/backends/xrt/hls/build/xclbin/_x/link/vivado/vpl/prj/prj.gen/sources_1/bd/system/ipshared/9917/hdl/verilog/ImageRenderHLS_fmul_32ns_32ns_32_5_max_dsp_1.v:53]
INFO: [Synth 8-4471] merging register 'fmul_32ns_32ns_32_5_max_dsp_1_U69/ce_r_reg' into 'fmul_32ns_32ns_32_5_max_dsp_1_U73/ce_r_reg' [/home/emanuel/workspace/mesh_vo/MultiPlatformDiffRenderer/src/backends/xrt/hls/build/xclbin/_x/link/vivado/vpl/prj/prj.gen/sources_1/bd/system/ipshared/9917/hdl/verilog/ImageRenderHLS_fmul_32ns_32ns_32_5_max_dsp_1.v:51]
INFO: [Synth 8-4471] merging register 'fmul_32ns_32ns_32_5_max_dsp_1_U68/ce_r_reg' into 'fmul_32ns_32ns_32_5_max_dsp_1_U73/ce_r_reg' [/home/emanuel/workspace/mesh_vo/MultiPlatformDiffRenderer/src/backends/xrt/hls/build/xclbin/_x/link/vivado/vpl/prj/prj.gen/sources_1/bd/system/ipshared/9917/hdl/verilog/ImageRenderHLS_fmul_32ns_32ns_32_5_max_dsp_1.v:51]
INFO: [Synth 8-4471] merging register 'fmul_32ns_32ns_32_5_max_dsp_1_U68/din0_buf1_reg[31:0]' into 'fmul_32ns_32ns_32_5_max_dsp_1_U69/din0_buf1_reg[31:0]' [/home/emanuel/workspace/mesh_vo/MultiPlatformDiffRenderer/src/backends/xrt/hls/build/xclbin/_x/link/vivado/vpl/prj/prj.gen/sources_1/bd/system/ipshared/9917/hdl/verilog/ImageRenderHLS_fmul_32ns_32ns_32_5_max_dsp_1.v:53]
INFO: [Synth 8-4471] merging register 'fadd_32ns_32ns_32_8_full_dsp_1_U49/ce_r_reg' into 'fmul_32ns_32ns_32_5_max_dsp_1_U73/ce_r_reg' [/home/emanuel/workspace/mesh_vo/MultiPlatformDiffRenderer/src/backends/xrt/hls/build/xclbin/_x/link/vivado/vpl/prj/prj.gen/sources_1/bd/system/ipshared/9917/hdl/verilog/ImageRenderHLS_fadd_32ns_32ns_32_8_full_dsp_1.v:51]
INFO: [Synth 8-4471] merging register 'fadd_32ns_32ns_32_8_full_dsp_1_U43/ce_r_reg' into 'fmul_32ns_32ns_32_5_max_dsp_1_U73/ce_r_reg' [/home/emanuel/workspace/mesh_vo/MultiPlatformDiffRenderer/src/backends/xrt/hls/build/xclbin/_x/link/vivado/vpl/prj/prj.gen/sources_1/bd/system/ipshared/9917/hdl/verilog/ImageRenderHLS_fadd_32ns_32ns_32_8_full_dsp_1.v:51]
INFO: [Synth 8-4471] merging register 'fadd_32ns_32ns_32_8_full_dsp_1_U42/ce_r_reg' into 'fmul_32ns_32ns_32_5_max_dsp_1_U73/ce_r_reg' [/home/emanuel/workspace/mesh_vo/MultiPlatformDiffRenderer/src/backends/xrt/hls/build/xclbin/_x/link/vivado/vpl/prj/prj.gen/sources_1/bd/system/ipshared/9917/hdl/verilog/ImageRenderHLS_fadd_32ns_32ns_32_8_full_dsp_1.v:51]
INFO: [Synth 8-4471] merging register 'fadd_32ns_32ns_32_8_full_dsp_1_U40/ce_r_reg' into 'fmul_32ns_32ns_32_5_max_dsp_1_U73/ce_r_reg' [/home/emanuel/workspace/mesh_vo/MultiPlatformDiffRenderer/src/backends/xrt/hls/build/xclbin/_x/link/vivado/vpl/prj/prj.gen/sources_1/bd/system/ipshared/9917/hdl/verilog/ImageRenderHLS_fadd_32ns_32ns_32_8_full_dsp_1.v:51]
INFO: [Synth 8-4471] merging register 'fadd_32ns_32ns_32_8_full_dsp_1_U39/ce_r_reg' into 'fmul_32ns_32ns_32_5_max_dsp_1_U73/ce_r_reg' [/home/emanuel/workspace/mesh_vo/MultiPlatformDiffRenderer/src/backends/xrt/hls/build/xclbin/_x/link/vivado/vpl/prj/prj.gen/sources_1/bd/system/ipshared/9917/hdl/verilog/ImageRenderHLS_fadd_32ns_32ns_32_8_full_dsp_1.v:51]
INFO: [Synth 8-4471] merging register 'fadd_32ns_32ns_32_8_full_dsp_1_U38/ce_r_reg' into 'fmul_32ns_32ns_32_5_max_dsp_1_U73/ce_r_reg' [/home/emanuel/workspace/mesh_vo/MultiPlatformDiffRenderer/src/backends/xrt/hls/build/xclbin/_x/link/vivado/vpl/prj/prj.gen/sources_1/bd/system/ipshared/9917/hdl/verilog/ImageRenderHLS_fadd_32ns_32ns_32_8_full_dsp_1.v:51]
INFO: [Synth 8-4471] merging register 'mul_i_i_3_2_reg_1013_reg[31:0]' into 'fmul_32ns_32ns_32_5_max_dsp_1_U73/dout_r_reg[31:0]' [/home/emanuel/workspace/mesh_vo/MultiPlatformDiffRenderer/src/backends/xrt/hls/build/xclbin/_x/link/vivado/vpl/prj/prj.gen/sources_1/bd/system/ipshared/9917/hdl/verilog/ImageRenderHLS_create_triangle_VertexData_Uniforms_s.v:1123]
INFO: [Synth 8-4471] merging register 'mul_i_i_2_2_reg_1003_reg[31:0]' into 'fmul_32ns_32ns_32_5_max_dsp_1_U72/dout_r_reg[31:0]' [/home/emanuel/workspace/mesh_vo/MultiPlatformDiffRenderer/src/backends/xrt/hls/build/xclbin/_x/link/vivado/vpl/prj/prj.gen/sources_1/bd/system/ipshared/9917/hdl/verilog/ImageRenderHLS_create_triangle_VertexData_Uniforms_s.v:1108]
INFO: [Synth 8-4471] merging register 'mul_i_i_1_2_reg_993_reg[31:0]' into 'fmul_32ns_32ns_32_5_max_dsp_1_U71/dout_r_reg[31:0]' [/home/emanuel/workspace/mesh_vo/MultiPlatformDiffRenderer/src/backends/xrt/hls/build/xclbin/_x/link/vivado/vpl/prj/prj.gen/sources_1/bd/system/ipshared/9917/hdl/verilog/ImageRenderHLS_create_triangle_VertexData_Uniforms_s.v:1093]
INFO: [Synth 8-4471] merging register 'mul_i_i_4_reg_983_reg[31:0]' into 'fmul_32ns_32ns_32_5_max_dsp_1_U70/dout_r_reg[31:0]' [/home/emanuel/workspace/mesh_vo/MultiPlatformDiffRenderer/src/backends/xrt/hls/build/xclbin/_x/link/vivado/vpl/prj/prj.gen/sources_1/bd/system/ipshared/9917/hdl/verilog/ImageRenderHLS_create_triangle_VertexData_Uniforms_s.v:3286]
INFO: [Synth 8-4471] merging register 'mul_i_i_3_1_reg_973_reg[31:0]' into 'fmul_32ns_32ns_32_5_max_dsp_1_U69/dout_r_reg[31:0]' [/home/emanuel/workspace/mesh_vo/MultiPlatformDiffRenderer/src/backends/xrt/hls/build/xclbin/_x/link/vivado/vpl/prj/prj.gen/sources_1/bd/system/ipshared/9917/hdl/verilog/ImageRenderHLS_create_triangle_VertexData_Uniforms_s.v:3283]
INFO: [Synth 8-4471] merging register 'mul_i_i_2_1_reg_963_reg[31:0]' into 'fmul_32ns_32ns_32_5_max_dsp_1_U68/dout_r_reg[31:0]' [/home/emanuel/workspace/mesh_vo/MultiPlatformDiffRenderer/src/backends/xrt/hls/build/xclbin/_x/link/vivado/vpl/prj/prj.gen/sources_1/bd/system/ipshared/9917/hdl/verilog/ImageRenderHLS_create_triangle_VertexData_Uniforms_s.v:3280]
INFO: [Synth 8-4471] merging register 'acc_15_reg_1136_reg[31:0]' into 'fadd_32ns_32ns_32_8_full_dsp_1_U49/dout_r_reg[31:0]' [/home/emanuel/workspace/mesh_vo/MultiPlatformDiffRenderer/src/backends/xrt/hls/build/xclbin/_x/link/vivado/vpl/prj/prj.gen/sources_1/bd/system/ipshared/9917/hdl/verilog/ImageRenderHLS_create_triangle_VertexData_Uniforms_s.v:1647]
INFO: [Synth 8-4471] merging register 'acc_11_reg_1050_reg[31:0]' into 'fadd_32ns_32ns_32_8_full_dsp_1_U43/dout_r_reg[31:0]' [/home/emanuel/workspace/mesh_vo/MultiPlatformDiffRenderer/src/backends/xrt/hls/build/xclbin/_x/link/vivado/vpl/prj/prj.gen/sources_1/bd/system/ipshared/9917/hdl/verilog/ImageRenderHLS_create_triangle_VertexData_Uniforms_s.v:3040]
INFO: [Synth 8-4471] merging register 'acc_7_reg_1044_reg[31:0]' into 'fadd_32ns_32ns_32_8_full_dsp_1_U42/dout_r_reg[31:0]' [/home/emanuel/workspace/mesh_vo/MultiPlatformDiffRenderer/src/backends/xrt/hls/build/xclbin/_x/link/vivado/vpl/prj/prj.gen/sources_1/bd/system/ipshared/9917/hdl/verilog/ImageRenderHLS_create_triangle_VertexData_Uniforms_s.v:3156]
INFO: [Synth 8-4471] merging register 'acc_14_reg_1033_reg[31:0]' into 'fadd_32ns_32ns_32_8_full_dsp_1_U40/dout_r_reg[31:0]' [/home/emanuel/workspace/mesh_vo/MultiPlatformDiffRenderer/src/backends/xrt/hls/build/xclbin/_x/link/vivado/vpl/prj/prj.gen/sources_1/bd/system/ipshared/9917/hdl/verilog/ImageRenderHLS_create_triangle_VertexData_Uniforms_s.v:3063]
INFO: [Synth 8-4471] merging register 'acc_10_reg_1028_reg[31:0]' into 'fadd_32ns_32ns_32_8_full_dsp_1_U39/dout_r_reg[31:0]' [/home/emanuel/workspace/mesh_vo/MultiPlatformDiffRenderer/src/backends/xrt/hls/build/xclbin/_x/link/vivado/vpl/prj/prj.gen/sources_1/bd/system/ipshared/9917/hdl/verilog/ImageRenderHLS_create_triangle_VertexData_Uniforms_s.v:1167]
INFO: [Synth 8-4471] merging register 'acc_6_reg_1023_reg[31:0]' into 'fadd_32ns_32ns_32_8_full_dsp_1_U38/dout_r_reg[31:0]' [/home/emanuel/workspace/mesh_vo/MultiPlatformDiffRenderer/src/backends/xrt/hls/build/xclbin/_x/link/vivado/vpl/prj/prj.gen/sources_1/bd/system/ipshared/9917/hdl/verilog/ImageRenderHLS_create_triangle_VertexData_Uniforms_s.v:1152]
INFO: [Synth 8-3936] Found unconnected internal register 'ADDSUB_OP.ADDSUB/DSP.OP/DSP48E1_BODY.EXP/EXP_OFF.LRG_EXP_DELAY/i_pipe/opt_has_pipe.i_pipe[3].pipe_reg[3]' and it is trimmed from '9' to '8' bits. [/home/emanuel/workspace/mesh_vo/MultiPlatformDiffRenderer/src/backends/xrt/hls/build/xclbin/_x/link/vivado/vpl/prj/prj.gen/sources_1/bd/system/ipshared/d531/hdl/xbip_pipe_v3_0_vh_rfs.vhd:379]
INFO: [Synth 8-3936] Found unconnected internal register 'ADDSUB_OP.ADDSUB/DSP.OP/DSP48E1_BODY.EXP/EXP_OFF.LRG_EXP_DELAY/i_pipe/opt_has_pipe.i_pipe[2].pipe_reg[2]' and it is trimmed from '9' to '8' bits. [/home/emanuel/workspace/mesh_vo/MultiPlatformDiffRenderer/src/backends/xrt/hls/build/xclbin/_x/link/vivado/vpl/prj/prj.gen/sources_1/bd/system/ipshared/d531/hdl/xbip_pipe_v3_0_vh_rfs.vhd:366]
INFO: [Synth 8-3936] Found unconnected internal register 'ADDSUB_OP.ADDSUB/DSP.OP/DSP48E1_BODY.EXP/EXP_OFF.LRG_EXP_DELAY/i_pipe/opt_has_pipe.first_q_reg' and it is trimmed from '9' to '8' bits. [/home/emanuel/workspace/mesh_vo/MultiPlatformDiffRenderer/src/backends/xrt/hls/build/xclbin/_x/link/vivado/vpl/prj/prj.gen/sources_1/bd/system/ipshared/d531/hdl/xbip_pipe_v3_0_vh_rfs.vhd:361]
INFO: [Synth 8-5544] ROM "ADDSUB_OP.ADDSUB/DSP.OP/DSP48E1_BODY.ALIGN_ADD/SHIFT_TABLE[0]" won't be mapped to Block RAM because address size (6) smaller than threshold (8)
INFO: [Synth 8-3936] Found unconnected internal register 'ADDSUB_OP.ADDSUB/DSP.OP/DSP48E1_BODY.EXP/EXP_OFF.LRG_EXP_DELAY/i_pipe/opt_has_pipe.i_pipe[3].pipe_reg[3]' and it is trimmed from '9' to '8' bits. [/home/emanuel/workspace/mesh_vo/MultiPlatformDiffRenderer/src/backends/xrt/hls/build/xclbin/_x/link/vivado/vpl/prj/prj.gen/sources_1/bd/system/ipshared/d531/hdl/xbip_pipe_v3_0_vh_rfs.vhd:379]
INFO: [Synth 8-3936] Found unconnected internal register 'ADDSUB_OP.ADDSUB/DSP.OP/DSP48E1_BODY.EXP/EXP_OFF.LRG_EXP_DELAY/i_pipe/opt_has_pipe.i_pipe[2].pipe_reg[2]' and it is trimmed from '9' to '8' bits. [/home/emanuel/workspace/mesh_vo/MultiPlatformDiffRenderer/src/backends/xrt/hls/build/xclbin/_x/link/vivado/vpl/prj/prj.gen/sources_1/bd/system/ipshared/d531/hdl/xbip_pipe_v3_0_vh_rfs.vhd:366]
INFO: [Synth 8-3936] Found unconnected internal register 'ADDSUB_OP.ADDSUB/DSP.OP/DSP48E1_BODY.EXP/EXP_OFF.LRG_EXP_DELAY/i_pipe/opt_has_pipe.first_q_reg' and it is trimmed from '9' to '8' bits. [/home/emanuel/workspace/mesh_vo/MultiPlatformDiffRenderer/src/backends/xrt/hls/build/xclbin/_x/link/vivado/vpl/prj/prj.gen/sources_1/bd/system/ipshared/d531/hdl/xbip_pipe_v3_0_vh_rfs.vhd:361]
INFO: [Synth 8-5544] ROM "ADDSUB_OP.ADDSUB/DSP.OP/DSP48E1_BODY.ALIGN_ADD/SHIFT_TABLE[0]" won't be mapped to Block RAM because address size (6) smaller than threshold (8)
INFO: [Synth 8-3936] Found unconnected internal register 'FIX_TO_FLT_OP.SPD.OP/NORM_SHIFT/MUX_LOOP[1].DEL_SHIFT/i_pipe/opt_has_pipe.first_q_reg' and it is trimmed from '32' to '26' bits. [/home/emanuel/workspace/mesh_vo/MultiPlatformDiffRenderer/src/backends/xrt/hls/build/xclbin/_x/link/vivado/vpl/prj/prj.gen/sources_1/bd/system/ipshared/d531/hdl/xbip_pipe_v3_0_vh_rfs.vhd:361]
INFO: [Synth 8-3936] Found unconnected internal register 'FIX_TO_FLT_OP.SPD.OP/NORM_SHIFT/MUX_LOOP[1].DEL_SHIFT/i_pipe/opt_has_pipe.first_q_reg' and it is trimmed from '32' to '26' bits. [/home/emanuel/workspace/mesh_vo/MultiPlatformDiffRenderer/src/backends/xrt/hls/build/xclbin/_x/link/vivado/vpl/prj/prj.gen/sources_1/bd/system/ipshared/d531/hdl/xbip_pipe_v3_0_vh_rfs.vhd:361]
INFO: [Synth 8-3936] Found unconnected internal register 'FIX_TO_FLT_OP.SPD.OP/NORM_SHIFT/MUX_LOOP[2].DEL_SHIFT/i_pipe/opt_has_pipe.first_q_reg' and it is trimmed from '64' to '26' bits. [/home/emanuel/workspace/mesh_vo/MultiPlatformDiffRenderer/src/backends/xrt/hls/build/xclbin/_x/link/vivado/vpl/prj/prj.gen/sources_1/bd/system/ipshared/d531/hdl/xbip_pipe_v3_0_vh_rfs.vhd:361]
INFO: [Synth 8-5544] ROM "FIX_TO_FLT_OP.SPD.OP/LZE/enc_chunk" won't be mapped to Block RAM because address size (4) smaller than threshold (8)
INFO: [Synth 8-5544] ROM "FIX_TO_FLT_OP.SPD.OP/LZE/enc_chunk" won't be mapped to Block RAM because address size (4) smaller than threshold (8)
INFO: [Synth 8-5544] ROM "FIX_TO_FLT_OP.SPD.OP/LZE/enc_chunk" won't be mapped to Block RAM because address size (4) smaller than threshold (8)
INFO: [Synth 8-5544] ROM "FIX_TO_FLT_OP.SPD.OP/LZE/enc_chunk" won't be mapped to Block RAM because address size (4) smaller than threshold (8)
INFO: [Synth 8-5544] ROM "FIX_TO_FLT_OP.SPD.OP/LZE/enc_chunk" won't be mapped to Block RAM because address size (4) smaller than threshold (8)
INFO: [Synth 8-5544] ROM "FIX_TO_FLT_OP.SPD.OP/LZE/enc_chunk" won't be mapped to Block RAM because address size (4) smaller than threshold (8)
INFO: [Synth 8-5544] ROM "FIX_TO_FLT_OP.SPD.OP/LZE/enc_chunk" won't be mapped to Block RAM because address size (4) smaller than threshold (8)
INFO: [Synth 8-5544] ROM "FIX_TO_FLT_OP.SPD.OP/LZE/enc_chunk" won't be mapped to Block RAM because address size (4) smaller than threshold (8)
INFO: [Synth 8-5544] ROM "FIX_TO_FLT_OP.SPD.OP/LZE/enc_chunk" won't be mapped to Block RAM because address size (4) smaller than threshold (8)
INFO: [Synth 8-5544] ROM "FIX_TO_FLT_OP.SPD.OP/LZE/enc_chunk" won't be mapped to Block RAM because address size (4) smaller than threshold (8)
INFO: [Synth 8-5544] ROM "FIX_TO_FLT_OP.SPD.OP/LZE/enc_chunk" won't be mapped to Block RAM because address size (4) smaller than threshold (8)
INFO: [Synth 8-5544] ROM "FIX_TO_FLT_OP.SPD.OP/LZE/enc_chunk" won't be mapped to Block RAM because address size (4) smaller than threshold (8)
INFO: [Synth 8-5544] ROM "FIX_TO_FLT_OP.SPD.OP/LZE/enc_chunk" won't be mapped to Block RAM because address size (4) smaller than threshold (8)
INFO: [Synth 8-5544] ROM "FIX_TO_FLT_OP.SPD.OP/LZE/enc_chunk" won't be mapped to Block RAM because address size (4) smaller than threshold (8)
INFO: [Synth 8-5544] ROM "FIX_TO_FLT_OP.SPD.OP/LZE/enc_chunk" won't be mapped to Block RAM because address size (4) smaller than threshold (8)
INFO: [Synth 8-5544] ROM "FIX_TO_FLT_OP.SPD.OP/LZE/enc_chunk" won't be mapped to Block RAM because address size (4) smaller than threshold (8)
INFO: [Synth 8-5544] ROM "FIX_TO_FLT_OP.SPD.OP/LZE/enc_chunk" won't be mapped to Block RAM because address size (4) smaller than threshold (8)
INFO: [Synth 8-5544] ROM "FIX_TO_FLT_OP.SPD.OP/LZE/enc_chunk" won't be mapped to Block RAM because address size (4) smaller than threshold (8)
INFO: [Synth 8-5544] ROM "FIX_TO_FLT_OP.SPD.OP/LZE/enc_chunk" won't be mapped to Block RAM because address size (4) smaller than threshold (8)
INFO: [Synth 8-5544] ROM "FIX_TO_FLT_OP.SPD.OP/LZE/enc_chunk" won't be mapped to Block RAM because address size (4) smaller than threshold (8)
INFO: [Synth 8-5544] ROM "FIX_TO_FLT_OP.SPD.OP/LZE/enc_chunk" won't be mapped to Block RAM because address size (4) smaller than threshold (8)
INFO: [Synth 8-5544] ROM "FIX_TO_FLT_OP.SPD.OP/LZE/enc_chunk" won't be mapped to Block RAM because address size (4) smaller than threshold (8)
INFO: [Synth 8-5544] ROM "FIX_TO_FLT_OP.SPD.OP/LZE/enc_chunk" won't be mapped to Block RAM because address size (4) smaller than threshold (8)
INFO: [Synth 8-5544] ROM "FIX_TO_FLT_OP.SPD.OP/LZE/enc_chunk" won't be mapped to Block RAM because address size (4) smaller than threshold (8)
INFO: [Synth 8-5544] ROM "FIX_TO_FLT_OP.SPD.OP/LZE/enc_chunk" won't be mapped to Block RAM because address size (4) smaller than threshold (8)
INFO: [Synth 8-5544] ROM "FIX_TO_FLT_OP.SPD.OP/LZE/enc_chunk" won't be mapped to Block RAM because address size (4) smaller than threshold (8)
INFO: [Synth 8-5544] ROM "FIX_TO_FLT_OP.SPD.OP/LZE/enc_chunk" won't be mapped to Block RAM because address size (4) smaller than threshold (8)
INFO: [Synth 8-5544] ROM "FIX_TO_FLT_OP.SPD.OP/LZE/enc_chunk" won't be mapped to Block RAM because address size (4) smaller than threshold (8)
INFO: [Synth 8-5544] ROM "FIX_TO_FLT_OP.SPD.OP/LZE/enc_chunk" won't be mapped to Block RAM because address size (4) smaller than threshold (8)
INFO: [Synth 8-5544] ROM "FIX_TO_FLT_OP.SPD.OP/LZE/enc_chunk" won't be mapped to Block RAM because address size (4) smaller than threshold (8)
INFO: [Synth 8-5544] ROM "FIX_TO_FLT_OP.SPD.OP/LZE/enc_chunk" won't be mapped to Block RAM because address size (4) smaller than threshold (8)
INFO: [Synth 8-5544] ROM "FIX_TO_FLT_OP.SPD.OP/LZE/enc_chunk" won't be mapped to Block RAM because address size (4) smaller than threshold (8)
INFO: [Synth 8-3936] Found unconnected internal register 'FIX_TO_FLT_OP.SPD.OP/NORM_SHIFT/MUX_LOOP[2].DEL_SHIFT/i_pipe/opt_has_pipe.first_q_reg' and it is trimmed from '64' to '26' bits. [/home/emanuel/workspace/mesh_vo/MultiPlatformDiffRenderer/src/backends/xrt/hls/build/xclbin/_x/link/vivado/vpl/prj/prj.gen/sources_1/bd/system/ipshared/d531/hdl/xbip_pipe_v3_0_vh_rfs.vhd:361]
INFO: [Synth 8-5544] ROM "FIX_TO_FLT_OP.SPD.OP/LZE/enc_chunk" won't be mapped to Block RAM because address size (4) smaller than threshold (8)
INFO: [Synth 8-5544] ROM "FIX_TO_FLT_OP.SPD.OP/LZE/enc_chunk" won't be mapped to Block RAM because address size (4) smaller than threshold (8)
INFO: [Synth 8-5544] ROM "FIX_TO_FLT_OP.SPD.OP/LZE/enc_chunk" won't be mapped to Block RAM because address size (4) smaller than threshold (8)
INFO: [Synth 8-5544] ROM "FIX_TO_FLT_OP.SPD.OP/LZE/enc_chunk" won't be mapped to Block RAM because address size (4) smaller than threshold (8)
INFO: [Synth 8-5544] ROM "FIX_TO_FLT_OP.SPD.OP/LZE/enc_chunk" won't be mapped to Block RAM because address size (4) smaller than threshold (8)
INFO: [Synth 8-5544] ROM "FIX_TO_FLT_OP.SPD.OP/LZE/enc_chunk" won't be mapped to Block RAM because address size (4) smaller than threshold (8)
INFO: [Synth 8-5544] ROM "FIX_TO_FLT_OP.SPD.OP/LZE/enc_chunk" won't be mapped to Block RAM because address size (4) smaller than threshold (8)
INFO: [Synth 8-5544] ROM "FIX_TO_FLT_OP.SPD.OP/LZE/enc_chunk" won't be mapped to Block RAM because address size (4) smaller than threshold (8)
INFO: [Synth 8-5544] ROM "FIX_TO_FLT_OP.SPD.OP/LZE/enc_chunk" won't be mapped to Block RAM because address size (4) smaller than threshold (8)
INFO: [Synth 8-5544] ROM "FIX_TO_FLT_OP.SPD.OP/LZE/enc_chunk" won't be mapped to Block RAM because address size (4) smaller than threshold (8)
INFO: [Synth 8-5544] ROM "FIX_TO_FLT_OP.SPD.OP/LZE/enc_chunk" won't be mapped to Block RAM because address size (4) smaller than threshold (8)
INFO: [Synth 8-5544] ROM "FIX_TO_FLT_OP.SPD.OP/LZE/enc_chunk" won't be mapped to Block RAM because address size (4) smaller than threshold (8)
INFO: [Synth 8-5544] ROM "FIX_TO_FLT_OP.SPD.OP/LZE/enc_chunk" won't be mapped to Block RAM because address size (4) smaller than threshold (8)
INFO: [Synth 8-5544] ROM "FIX_TO_FLT_OP.SPD.OP/LZE/enc_chunk" won't be mapped to Block RAM because address size (4) smaller than threshold (8)
INFO: [Synth 8-5544] ROM "FIX_TO_FLT_OP.SPD.OP/LZE/enc_chunk" won't be mapped to Block RAM because address size (4) smaller than threshold (8)
INFO: [Synth 8-5544] ROM "FIX_TO_FLT_OP.SPD.OP/LZE/enc_chunk" won't be mapped to Block RAM because address size (4) smaller than threshold (8)
INFO: [Synth 8-5544] ROM "FIX_TO_FLT_OP.SPD.OP/LZE/enc_chunk" won't be mapped to Block RAM because address size (4) smaller than threshold (8)
INFO: [Synth 8-5544] ROM "FIX_TO_FLT_OP.SPD.OP/LZE/enc_chunk" won't be mapped to Block RAM because address size (4) smaller than threshold (8)
INFO: [Synth 8-5544] ROM "FIX_TO_FLT_OP.SPD.OP/LZE/enc_chunk" won't be mapped to Block RAM because address size (4) smaller than threshold (8)
INFO: [Synth 8-5544] ROM "FIX_TO_FLT_OP.SPD.OP/LZE/enc_chunk" won't be mapped to Block RAM because address size (4) smaller than threshold (8)
INFO: [Synth 8-5544] ROM "FIX_TO_FLT_OP.SPD.OP/LZE/enc_chunk" won't be mapped to Block RAM because address size (4) smaller than threshold (8)
INFO: [Synth 8-5544] ROM "FIX_TO_FLT_OP.SPD.OP/LZE/enc_chunk" won't be mapped to Block RAM because address size (4) smaller than threshold (8)
INFO: [Synth 8-5544] ROM "FIX_TO_FLT_OP.SPD.OP/LZE/enc_chunk" won't be mapped to Block RAM because address size (4) smaller than threshold (8)
INFO: [Synth 8-5544] ROM "FIX_TO_FLT_OP.SPD.OP/LZE/enc_chunk" won't be mapped to Block RAM because address size (4) smaller than threshold (8)
INFO: [Synth 8-5544] ROM "FIX_TO_FLT_OP.SPD.OP/LZE/enc_chunk" won't be mapped to Block RAM because address size (4) smaller than threshold (8)
INFO: [Synth 8-5544] ROM "FIX_TO_FLT_OP.SPD.OP/LZE/enc_chunk" won't be mapped to Block RAM because address size (4) smaller than threshold (8)
INFO: [Synth 8-5544] ROM "FIX_TO_FLT_OP.SPD.OP/LZE/enc_chunk" won't be mapped to Block RAM because address size (4) smaller than threshold (8)
INFO: [Synth 8-5544] ROM "FIX_TO_FLT_OP.SPD.OP/LZE/enc_chunk" won't be mapped to Block RAM because address size (4) smaller than threshold (8)
INFO: [Synth 8-5544] ROM "FIX_TO_FLT_OP.SPD.OP/LZE/enc_chunk" won't be mapped to Block RAM because address size (4) smaller than threshold (8)
INFO: [Synth 8-5544] ROM "FIX_TO_FLT_OP.SPD.OP/LZE/enc_chunk" won't be mapped to Block RAM because address size (4) smaller than threshold (8)
INFO: [Synth 8-5544] ROM "FIX_TO_FLT_OP.SPD.OP/LZE/enc_chunk" won't be mapped to Block RAM because address size (4) smaller than threshold (8)
INFO: [Synth 8-5544] ROM "FIX_TO_FLT_OP.SPD.OP/LZE/enc_chunk" won't be mapped to Block RAM because address size (4) smaller than threshold (8)
INFO: [Synth 8-12192] Not enough pipeline registers after wide multiplier. Pipeline registers present is 1. Recommended levels of pipeline registers is 4. [/home/emanuel/workspace/mesh_vo/MultiPlatformDiffRenderer/src/backends/xrt/hls/build/xclbin/_x/link/vivado/vpl/prj/prj.gen/sources_1/bd/system/ipshared/9917/hdl/verilog/ImageRenderHLS_mul_31ns_32ns_62_1_1.v:41]
WARNING: [Synth 8-6014] Unused sequential element trunc_ln30_1_reg_1795_reg was removed.  [/home/emanuel/workspace/mesh_vo/MultiPlatformDiffRenderer/src/backends/xrt/hls/build/xclbin/_x/link/vivado/vpl/prj/prj.gen/sources_1/bd/system/ipshared/9917/hdl/verilog/ImageRenderHLS_fragment_shader.v:4214]
WARNING: [Synth 8-6014] Unused sequential element mul_ln68_reg_1810_reg was removed.  [/home/emanuel/workspace/mesh_vo/MultiPlatformDiffRenderer/src/backends/xrt/hls/build/xclbin/_x/link/vivado/vpl/prj/prj.gen/sources_1/bd/system/ipshared/9917/hdl/verilog/ImageRenderHLS_fragment_shader.v:4179]
DSP Report: Generating DSP mul_31ns_32ns_62_1_1_U233/tmp_product, operation Mode is: A''*B2.
DSP Report: register y0_reg_1800_reg is absorbed into DSP mul_31ns_32ns_62_1_1_U233/tmp_product.
DSP Report: register mul_31ns_32ns_62_1_1_U233/tmp_product is absorbed into DSP mul_31ns_32ns_62_1_1_U233/tmp_product.
DSP Report: register mul_31ns_32ns_62_1_1_U233/tmp_product is absorbed into DSP mul_31ns_32ns_62_1_1_U233/tmp_product.
DSP Report: operator mul_31ns_32ns_62_1_1_U233/tmp_product is absorbed into DSP mul_31ns_32ns_62_1_1_U233/tmp_product.
DSP Report: operator mul_31ns_32ns_62_1_1_U233/tmp_product is absorbed into DSP mul_31ns_32ns_62_1_1_U233/tmp_product.
DSP Report: Generating DSP mul_ln68_reg_1810_reg, operation Mode is: (PCIN>>17)+A''*B2.
DSP Report: register y0_reg_1800_reg is absorbed into DSP mul_ln68_reg_1810_reg.
DSP Report: register intextures_width_val_read_reg_1446_pp0_iter59_reg_reg is absorbed into DSP mul_ln68_reg_1810_reg.
DSP Report: register intextures_width_val_read_reg_1446_pp0_iter60_reg_reg is absorbed into DSP mul_ln68_reg_1810_reg.
DSP Report: register mul_ln68_reg_1810_reg is absorbed into DSP mul_ln68_reg_1810_reg.
DSP Report: operator mul_31ns_32ns_62_1_1_U233/tmp_product is absorbed into DSP mul_ln68_reg_1810_reg.
DSP Report: operator mul_31ns_32ns_62_1_1_U233/tmp_product is absorbed into DSP mul_ln68_reg_1810_reg.
DSP Report: Generating DSP mul_31ns_32ns_62_1_1_U233/tmp_product, operation Mode is: A2*B''.
DSP Report: register mul_31ns_32ns_62_1_1_U233/tmp_product is absorbed into DSP mul_31ns_32ns_62_1_1_U233/tmp_product.
DSP Report: register mul_31ns_32ns_62_1_1_U233/tmp_product is absorbed into DSP mul_31ns_32ns_62_1_1_U233/tmp_product.
DSP Report: register mul_31ns_32ns_62_1_1_U233/tmp_product is absorbed into DSP mul_31ns_32ns_62_1_1_U233/tmp_product.
DSP Report: operator mul_31ns_32ns_62_1_1_U233/tmp_product is absorbed into DSP mul_31ns_32ns_62_1_1_U233/tmp_product.
DSP Report: operator mul_31ns_32ns_62_1_1_U233/tmp_product is absorbed into DSP mul_31ns_32ns_62_1_1_U233/tmp_product.
DSP Report: Generating DSP mul_ln68_reg_1810_reg, operation Mode is: (PCIN>>17)+A2*B''.
DSP Report: register intextures_width_val_read_reg_1446_pp0_iter59_reg_reg is absorbed into DSP mul_ln68_reg_1810_reg.
DSP Report: register intextures_width_val_read_reg_1446_pp0_iter60_reg_reg is absorbed into DSP mul_ln68_reg_1810_reg.
DSP Report: register mul_ln68_reg_1810_reg is absorbed into DSP mul_ln68_reg_1810_reg.
DSP Report: register mul_ln68_reg_1810_reg is absorbed into DSP mul_ln68_reg_1810_reg.
DSP Report: operator mul_31ns_32ns_62_1_1_U233/tmp_product is absorbed into DSP mul_ln68_reg_1810_reg.
DSP Report: operator mul_31ns_32ns_62_1_1_U233/tmp_product is absorbed into DSP mul_ln68_reg_1810_reg.
INFO: [Synth 8-3332] Sequential element (ADDSUB_OP.ADDSUB/DSP.OP/DSP48E1_BODY.NORM_RND/FULL_USAGE_DSP.LOD/dist_norm_reg[1]) is unused and will be removed from module floating_point_v7_1_19_viv__25.
INFO: [Synth 8-3332] Sequential element (ADDSUB_OP.ADDSUB/DSP.OP/DSP48E1_BODY.NORM_RND/FULL_USAGE_DSP.LOD/dist_norm_reg[0]) is unused and will be removed from module floating_point_v7_1_19_viv__25.
INFO: [Common 17-14] Message 'Synth 8-3332' appears 100 times and further instances of the messages will be disabled. Use the Tcl command set_msg_config to change the current settings.
INFO: [Synth 8-5542] Attribute ram_style/rom_style = distributed specified for ROM  "p_0_out". This will be implemented in logic
INFO: [Synth 8-5542] Attribute ram_style/rom_style = distributed specified for ROM  "p_0_out". This will be implemented in logic
INFO: [Synth 8-5587] ROM size for "p_0_out" is below threshold of ROM address width. It will be mapped to LUTs
INFO: [Synth 8-5542] Attribute ram_style/rom_style = distributed specified for ROM  "p_0_out". This will be implemented in logic
INFO: [Synth 8-5587] ROM size for "p_0_out" is below threshold of ROM address width. It will be mapped to LUTs
INFO: [Synth 8-3936] Found unconnected internal register 'EXP_OP.i_sp_or_dp.OP/i_shift_to_fixed/ALIGN_Z_D/MUX_LOOP[1].DEL_Z_D/i_pipe/opt_has_pipe.first_q_reg' and it is trimmed from '16' to '4' bits. [/home/emanuel/workspace/mesh_vo/MultiPlatformDiffRenderer/src/backends/xrt/hls/build/xclbin/_x/link/vivado/vpl/prj/prj.gen/sources_1/bd/system/ipshared/d531/hdl/xbip_pipe_v3_0_vh_rfs.vhd:361]
INFO: [Synth 8-5542] Attribute ram_style/rom_style = distributed specified for ROM  "p_0_out". This will be implemented in logic
INFO: [Synth 8-5587] ROM size for "p_0_out" is below threshold of ROM address width. It will be mapped to LUTs
INFO: [Synth 8-5542] Attribute ram_style/rom_style = distributed specified for ROM  "p_0_out". This will be implemented in logic
INFO: [Synth 8-5587] ROM size for "p_0_out" is below threshold of ROM address width. It will be mapped to LUTs
INFO: [Synth 8-5542] Attribute ram_style/rom_style = distributed specified for ROM  "p_0_out". This will be implemented in logic
INFO: [Synth 8-5587] ROM size for "p_0_out" is below threshold of ROM address width. It will be mapped to LUTs
INFO: [Synth 8-5542] Attribute ram_style/rom_style = distributed specified for ROM  "p_0_out". This will be implemented in logic
INFO: [Synth 8-5587] ROM size for "p_0_out" is below threshold of ROM address width. It will be mapped to LUTs
INFO: [Synth 8-5542] Attribute ram_style/rom_style = distributed specified for ROM  "p_0_out". This will be implemented in logic
INFO: [Synth 8-5587] ROM size for "p_0_out" is below threshold of ROM address width. It will be mapped to LUTs
INFO: [Synth 8-5542] Attribute ram_style/rom_style = distributed specified for ROM  "p_0_out". This will be implemented in logic
INFO: [Synth 8-5587] ROM size for "p_0_out" is below threshold of ROM address width. It will be mapped to LUTs
INFO: [Synth 8-5542] Attribute ram_style/rom_style = distributed specified for ROM  "p_0_out". This will be implemented in logic
INFO: [Synth 8-5587] ROM size for "p_0_out" is below threshold of ROM address width. It will be mapped to LUTs
INFO: [Synth 8-5542] Attribute ram_style/rom_style = distributed specified for ROM  "p_0_out". This will be implemented in logic
INFO: [Synth 8-5587] ROM size for "p_0_out" is below threshold of ROM address width. It will be mapped to LUTs
INFO: [Synth 8-3936] Found unconnected internal register 'RT[25].Q_DEL/i_pipe/opt_has_pipe.first_q_reg' and it is trimmed from '26' to '25' bits. [/home/emanuel/workspace/mesh_vo/MultiPlatformDiffRenderer/src/backends/xrt/hls/build/xclbin/_x/link/vivado/vpl/prj/prj.gen/sources_1/bd/system/ipshared/d531/hdl/xbip_pipe_v3_0_vh_rfs.vhd:361]
INFO: [Synth 8-3936] Found unconnected internal register 'RT[23].Q_DEL/i_pipe/opt_has_pipe.first_q_reg' and it is trimmed from '26' to '23' bits. [/home/emanuel/workspace/mesh_vo/MultiPlatformDiffRenderer/src/backends/xrt/hls/build/xclbin/_x/link/vivado/vpl/prj/prj.gen/sources_1/bd/system/ipshared/d531/hdl/xbip_pipe_v3_0_vh_rfs.vhd:361]
INFO: [Synth 8-3936] Found unconnected internal register 'RT[21].Q_DEL/i_pipe/opt_has_pipe.first_q_reg' and it is trimmed from '26' to '21' bits. [/home/emanuel/workspace/mesh_vo/MultiPlatformDiffRenderer/src/backends/xrt/hls/build/xclbin/_x/link/vivado/vpl/prj/prj.gen/sources_1/bd/system/ipshared/d531/hdl/xbip_pipe_v3_0_vh_rfs.vhd:361]
INFO: [Common 17-14] Message 'Synth 8-3936' appears 100 times and further instances of the messages will be disabled. Use the Tcl command set_msg_config to change the current settings.
INFO: [Synth 8-5544] ROM "ADDSUB_OP.ADDSUB/DSP.OP/DSP48E1_BODY.ALIGN_ADD/SHIFT_TABLE[0]" won't be mapped to Block RAM because address size (6) smaller than threshold (8)
INFO: [Synth 8-4471] merging register 'fdiv_32ns_32ns_32_16_no_dsp_1_x_U219/ce_r_reg' into 'fexp_32ns_32ns_32_13_full_dsp_1_U232/ce_r_reg' [/home/emanuel/workspace/mesh_vo/MultiPlatformDiffRenderer/src/backends/xrt/hls/build/xclbin/_x/link/vivado/vpl/prj/prj.gen/sources_1/bd/system/ipshared/9917/hdl/verilog/ImageRenderHLS_fdiv_32ns_32ns_32_16_no_dsp_1_x.v:51]
INFO: [Synth 8-4471] merging register 'fdiv_32ns_32ns_32_16_no_dsp_1_x_U218/ce_r_reg' into 'fexp_32ns_32ns_32_13_full_dsp_1_U232/ce_r_reg' [/home/emanuel/workspace/mesh_vo/MultiPlatformDiffRenderer/src/backends/xrt/hls/build/xclbin/_x/link/vivado/vpl/prj/prj.gen/sources_1/bd/system/ipshared/9917/hdl/verilog/ImageRenderHLS_fdiv_32ns_32ns_32_16_no_dsp_1_x.v:51]
INFO: [Synth 8-4471] merging register 'fdiv_32ns_32ns_32_16_no_dsp_1_x_U218/din1_buf1_reg[31:0]' into 'fdiv_32ns_32ns_32_16_no_dsp_1_x_U219/din1_buf1_reg[31:0]' [/home/emanuel/workspace/mesh_vo/MultiPlatformDiffRenderer/src/backends/xrt/hls/build/xclbin/_x/link/vivado/vpl/prj/prj.gen/sources_1/bd/system/ipshared/9917/hdl/verilog/ImageRenderHLS_fdiv_32ns_32ns_32_16_no_dsp_1_x.v:55]
INFO: [Synth 8-4471] merging register 'fmul_32ns_32ns_32_5_max_dsp_1_x_U217/ce_r_reg' into 'fexp_32ns_32ns_32_13_full_dsp_1_U232/ce_r_reg' [/home/emanuel/workspace/mesh_vo/MultiPlatformDiffRenderer/src/backends/xrt/hls/build/xclbin/_x/link/vivado/vpl/prj/prj.gen/sources_1/bd/system/ipshared/9917/hdl/verilog/ImageRenderHLS_fmul_32ns_32ns_32_5_max_dsp_1_x.v:51]
INFO: [Synth 8-4471] merging register 'fadd_32ns_32ns_32_8_full_dsp_1_x_U212/ce_r_reg' into 'fexp_32ns_32ns_32_13_full_dsp_1_U232/ce_r_reg' [/home/emanuel/workspace/mesh_vo/MultiPlatformDiffRenderer/src/backends/xrt/hls/build/xclbin/_x/link/vivado/vpl/prj/prj.gen/sources_1/bd/system/ipshared/9917/hdl/verilog/ImageRenderHLS_fadd_32ns_32ns_32_8_full_dsp_1_x.v:51]
INFO: [Synth 8-5544] ROM "ADDSUB_OP.ADDSUB/DSP.OP/DSP48E1_BODY.ALIGN_ADD/SHIFT_TABLE[0]" won't be mapped to Block RAM because address size (6) smaller than threshold (8)
INFO: [Synth 8-5544] ROM "ADDSUB_OP.ADDSUB/DSP.OP/DSP48E1_BODY.ALIGN_ADD/SHIFT_TABLE[0]" won't be mapped to Block RAM because address size (6) smaller than threshold (8)
INFO: [Synth 8-4471] merging register 'fcmp_32ns_32ns_1_2_no_dsp_1_x_U230/ce_r_reg' into 'fcmp_32ns_32ns_1_2_no_dsp_1_x_U231/ce_r_reg' [/home/emanuel/workspace/mesh_vo/MultiPlatformDiffRenderer/src/backends/xrt/hls/build/xclbin/_x/link/vivado/vpl/prj/prj.gen/sources_1/bd/system/ipshared/9917/hdl/verilog/ImageRenderHLS_fcmp_32ns_32ns_1_2_no_dsp_1_x.v:100]
INFO: [Synth 8-4471] merging register 'fcmp_32ns_32ns_1_2_no_dsp_1_x_U230/din0_buf1_reg[31:0]' into 'select_ln241_reg_1560_pp0_iter35_reg_reg[31:0]' [/home/emanuel/workspace/mesh_vo/MultiPlatformDiffRenderer/src/backends/xrt/hls/build/xclbin/_x/link/vivado/vpl/prj/prj.gen/sources_1/bd/system/ipshared/9917/hdl/verilog/ImageRenderHLS_fcmp_32ns_32ns_1_2_no_dsp_1_x.v:72]
INFO: [Synth 8-4471] merging register 'fcmp_32ns_32ns_1_2_no_dsp_1_x_U230/din1_buf1_reg[31:0]' into 'fcmp_32ns_32ns_1_2_no_dsp_1_x_U231/din1_buf1_reg[31:0]' [/home/emanuel/workspace/mesh_vo/MultiPlatformDiffRenderer/src/backends/xrt/hls/build/xclbin/_x/link/vivado/vpl/prj/prj.gen/sources_1/bd/system/ipshared/9917/hdl/verilog/ImageRenderHLS_fcmp_32ns_32ns_1_2_no_dsp_1_x.v:74]
INFO: [Synth 8-4471] merging register 'fcmp_32ns_32ns_1_2_no_dsp_1_x_U230/opcode_buf1_reg[4:0]' into 'fcmp_32ns_32ns_1_2_no_dsp_1_x_U231/opcode_buf1_reg[4:0]' [/home/emanuel/workspace/mesh_vo/MultiPlatformDiffRenderer/src/backends/xrt/hls/build/xclbin/_x/link/vivado/vpl/prj/prj.gen/sources_1/bd/system/ipshared/9917/hdl/verilog/ImageRenderHLS_fcmp_32ns_32ns_1_2_no_dsp_1_x.v:95]
INFO: [Synth 8-4471] merging register 'fcmp_32ns_32ns_1_2_no_dsp_1_x_U229/ce_r_reg' into 'fcmp_32ns_32ns_1_2_no_dsp_1_x_U231/ce_r_reg' [/home/emanuel/workspace/mesh_vo/MultiPlatformDiffRenderer/src/backends/xrt/hls/build/xclbin/_x/link/vivado/vpl/prj/prj.gen/sources_1/bd/system/ipshared/9917/hdl/verilog/ImageRenderHLS_fcmp_32ns_32ns_1_2_no_dsp_1_x.v:100]
INFO: [Synth 8-4471] merging register 'fcmp_32ns_32ns_1_2_no_dsp_1_x_U228/ce_r_reg' into 'fcmp_32ns_32ns_1_2_no_dsp_1_x_U231/ce_r_reg' [/home/emanuel/workspace/mesh_vo/MultiPlatformDiffRenderer/src/backends/xrt/hls/build/xclbin/_x/link/vivado/vpl/prj/prj.gen/sources_1/bd/system/ipshared/9917/hdl/verilog/ImageRenderHLS_fcmp_32ns_32ns_1_2_no_dsp_1_x.v:100]
INFO: [Synth 8-4471] merging register 'fcmp_32ns_32ns_1_2_no_dsp_1_x_U228/din0_buf1_reg[31:0]' into 'pix_1_reg_1524_pp0_iter31_reg_reg[31:0]' [/home/emanuel/workspace/mesh_vo/MultiPlatformDiffRenderer/src/backends/xrt/hls/build/xclbin/_x/link/vivado/vpl/prj/prj.gen/sources_1/bd/system/ipshared/9917/hdl/verilog/ImageRenderHLS_fcmp_32ns_32ns_1_2_no_dsp_1_x.v:72]
INFO: [Synth 8-4471] merging register 'fcmp_32ns_32ns_1_2_no_dsp_1_x_U228/din1_buf1_reg[31:0]' into 'fcmp_32ns_32ns_1_2_no_dsp_1_x_U229/din1_buf1_reg[31:0]' [/home/emanuel/workspace/mesh_vo/MultiPlatformDiffRenderer/src/backends/xrt/hls/build/xclbin/_x/link/vivado/vpl/prj/prj.gen/sources_1/bd/system/ipshared/9917/hdl/verilog/ImageRenderHLS_fcmp_32ns_32ns_1_2_no_dsp_1_x.v:74]
INFO: [Synth 8-4471] merging register 'fcmp_32ns_32ns_1_2_no_dsp_1_x_U228/opcode_buf1_reg[4:0]' into 'fcmp_32ns_32ns_1_2_no_dsp_1_x_U229/opcode_buf1_reg[4:0]' [/home/emanuel/workspace/mesh_vo/MultiPlatformDiffRenderer/src/backends/xrt/hls/build/xclbin/_x/link/vivado/vpl/prj/prj.gen/sources_1/bd/system/ipshared/9917/hdl/verilog/ImageRenderHLS_fcmp_32ns_32ns_1_2_no_dsp_1_x.v:95]
INFO: [Synth 8-4471] merging register 'fcmp_32ns_32ns_1_2_no_dsp_1_x_U227/ce_r_reg' into 'fcmp_32ns_32ns_1_2_no_dsp_1_x_U231/ce_r_reg' [/home/emanuel/workspace/mesh_vo/MultiPlatformDiffRenderer/src/backends/xrt/hls/build/xclbin/_x/link/vivado/vpl/prj/prj.gen/sources_1/bd/system/ipshared/9917/hdl/verilog/ImageRenderHLS_fcmp_32ns_32ns_1_2_no_dsp_1_x.v:100]
INFO: [Synth 8-4471] merging register 'fcmp_32ns_32ns_1_2_no_dsp_1_x_U227/din0_buf1_reg[31:0]' into 'pix_2_reg_1533_pp0_iter30_reg_reg[31:0]' [/home/emanuel/workspace/mesh_vo/MultiPlatformDiffRenderer/src/backends/xrt/hls/build/xclbin/_x/link/vivado/vpl/prj/prj.gen/sources_1/bd/system/ipshared/9917/hdl/verilog/ImageRenderHLS_fcmp_32ns_32ns_1_2_no_dsp_1_x.v:72]
INFO: [Synth 8-4471] merging register 'fcmp_32ns_32ns_1_2_no_dsp_1_x_U227/din1_buf1_reg[31:0]' into 'fcmp_32ns_32ns_1_2_no_dsp_1_x_U231/din1_buf1_reg[31:0]' [/home/emanuel/workspace/mesh_vo/MultiPlatformDiffRenderer/src/backends/xrt/hls/build/xclbin/_x/link/vivado/vpl/prj/prj.gen/sources_1/bd/system/ipshared/9917/hdl/verilog/ImageRenderHLS_fcmp_32ns_32ns_1_2_no_dsp_1_x.v:74]
INFO: [Synth 8-4471] merging register 'fcmp_32ns_32ns_1_2_no_dsp_1_x_U227/opcode_buf1_reg[4:0]' into 'fcmp_32ns_32ns_1_2_no_dsp_1_x_U229/opcode_buf1_reg[4:0]' [/home/emanuel/workspace/mesh_vo/MultiPlatformDiffRenderer/src/backends/xrt/hls/build/xclbin/_x/link/vivado/vpl/prj/prj.gen/sources_1/bd/system/ipshared/9917/hdl/verilog/ImageRenderHLS_fcmp_32ns_32ns_1_2_no_dsp_1_x.v:95]
INFO: [Synth 8-4471] merging register 'fcmp_32ns_32ns_1_2_no_dsp_1_x_U226/ce_r_reg' into 'fcmp_32ns_32ns_1_2_no_dsp_1_x_U231/ce_r_reg' [/home/emanuel/workspace/mesh_vo/MultiPlatformDiffRenderer/src/backends/xrt/hls/build/xclbin/_x/link/vivado/vpl/prj/prj.gen/sources_1/bd/system/ipshared/9917/hdl/verilog/ImageRenderHLS_fcmp_32ns_32ns_1_2_no_dsp_1_x.v:100]
INFO: [Synth 8-4471] merging register 'fcmp_32ns_32ns_1_2_no_dsp_1_x_U226/din0_buf1_reg[31:0]' into 'pix_2_reg_1533_pp0_iter30_reg_reg[31:0]' [/home/emanuel/workspace/mesh_vo/MultiPlatformDiffRenderer/src/backends/xrt/hls/build/xclbin/_x/link/vivado/vpl/prj/prj.gen/sources_1/bd/system/ipshared/9917/hdl/verilog/ImageRenderHLS_fcmp_32ns_32ns_1_2_no_dsp_1_x.v:72]
INFO: [Synth 8-4471] merging register 'fcmp_32ns_32ns_1_2_no_dsp_1_x_U226/din1_buf1_reg[31:0]' into 'fcmp_32ns_32ns_1_2_no_dsp_1_x_U229/din1_buf1_reg[31:0]' [/home/emanuel/workspace/mesh_vo/MultiPlatformDiffRenderer/src/backends/xrt/hls/build/xclbin/_x/link/vivado/vpl/prj/prj.gen/sources_1/bd/system/ipshared/9917/hdl/verilog/ImageRenderHLS_fcmp_32ns_32ns_1_2_no_dsp_1_x.v:74]
INFO: [Synth 8-4471] merging register 'fcmp_32ns_32ns_1_2_no_dsp_1_x_U226/opcode_buf1_reg[4:0]' into 'fcmp_32ns_32ns_1_2_no_dsp_1_x_U231/opcode_buf1_reg[4:0]' [/home/emanuel/workspace/mesh_vo/MultiPlatformDiffRenderer/src/backends/xrt/hls/build/xclbin/_x/link/vivado/vpl/prj/prj.gen/sources_1/bd/system/ipshared/9917/hdl/verilog/ImageRenderHLS_fcmp_32ns_32ns_1_2_no_dsp_1_x.v:95]
INFO: [Synth 8-4471] merging register 'fcmp_32ns_32ns_1_2_no_dsp_1_x_U225/ce_r_reg' into 'fcmp_32ns_32ns_1_2_no_dsp_1_x_U231/ce_r_reg' [/home/emanuel/workspace/mesh_vo/MultiPlatformDiffRenderer/src/backends/xrt/hls/build/xclbin/_x/link/vivado/vpl/prj/prj.gen/sources_1/bd/system/ipshared/9917/hdl/verilog/ImageRenderHLS_fcmp_32ns_32ns_1_2_no_dsp_1_x.v:100]
INFO: [Synth 8-4471] merging register 'fcmp_32ns_32ns_1_2_no_dsp_1_x_U225/din0_buf1_reg[31:0]' into 'pix_1_reg_1524_pp0_iter29_reg_reg[31:0]' [/home/emanuel/workspace/mesh_vo/MultiPlatformDiffRenderer/src/backends/xrt/hls/build/xclbin/_x/link/vivado/vpl/prj/prj.gen/sources_1/bd/system/ipshared/9917/hdl/verilog/ImageRenderHLS_fcmp_32ns_32ns_1_2_no_dsp_1_x.v:72]
INFO: [Synth 8-4471] merging register 'fcmp_32ns_32ns_1_2_no_dsp_1_x_U225/din1_buf1_reg[31:0]' into 'fcmp_32ns_32ns_1_2_no_dsp_1_x_U231/din1_buf1_reg[31:0]' [/home/emanuel/workspace/mesh_vo/MultiPlatformDiffRenderer/src/backends/xrt/hls/build/xclbin/_x/link/vivado/vpl/prj/prj.gen/sources_1/bd/system/ipshared/9917/hdl/verilog/ImageRenderHLS_fcmp_32ns_32ns_1_2_no_dsp_1_x.v:74]
INFO: [Synth 8-4471] merging register 'fcmp_32ns_32ns_1_2_no_dsp_1_x_U225/opcode_buf1_reg[4:0]' into 'fcmp_32ns_32ns_1_2_no_dsp_1_x_U229/opcode_buf1_reg[4:0]' [/home/emanuel/workspace/mesh_vo/MultiPlatformDiffRenderer/src/backends/xrt/hls/build/xclbin/_x/link/vivado/vpl/prj/prj.gen/sources_1/bd/system/ipshared/9917/hdl/verilog/ImageRenderHLS_fcmp_32ns_32ns_1_2_no_dsp_1_x.v:95]
INFO: [Synth 8-4471] merging register 'fcmp_32ns_32ns_1_2_no_dsp_1_x_U224/ce_r_reg' into 'fcmp_32ns_32ns_1_2_no_dsp_1_x_U231/ce_r_reg' [/home/emanuel/workspace/mesh_vo/MultiPlatformDiffRenderer/src/backends/xrt/hls/build/xclbin/_x/link/vivado/vpl/prj/prj.gen/sources_1/bd/system/ipshared/9917/hdl/verilog/ImageRenderHLS_fcmp_32ns_32ns_1_2_no_dsp_1_x.v:100]
INFO: [Synth 8-4471] merging register 'fcmp_32ns_32ns_1_2_no_dsp_1_x_U224/din0_buf1_reg[31:0]' into 'pix_1_reg_1524_pp0_iter29_reg_reg[31:0]' [/home/emanuel/workspace/mesh_vo/MultiPlatformDiffRenderer/src/backends/xrt/hls/build/xclbin/_x/link/vivado/vpl/prj/prj.gen/sources_1/bd/system/ipshared/9917/hdl/verilog/ImageRenderHLS_fcmp_32ns_32ns_1_2_no_dsp_1_x.v:72]
INFO: [Synth 8-4471] merging register 'fcmp_32ns_32ns_1_2_no_dsp_1_x_U224/din1_buf1_reg[31:0]' into 'fcmp_32ns_32ns_1_2_no_dsp_1_x_U229/din1_buf1_reg[31:0]' [/home/emanuel/workspace/mesh_vo/MultiPlatformDiffRenderer/src/backends/xrt/hls/build/xclbin/_x/link/vivado/vpl/prj/prj.gen/sources_1/bd/system/ipshared/9917/hdl/verilog/ImageRenderHLS_fcmp_32ns_32ns_1_2_no_dsp_1_x.v:74]
INFO: [Synth 8-4471] merging register 'fcmp_32ns_32ns_1_2_no_dsp_1_x_U224/opcode_buf1_reg[4:0]' into 'fcmp_32ns_32ns_1_2_no_dsp_1_x_U231/opcode_buf1_reg[4:0]' [/home/emanuel/workspace/mesh_vo/MultiPlatformDiffRenderer/src/backends/xrt/hls/build/xclbin/_x/link/vivado/vpl/prj/prj.gen/sources_1/bd/system/ipshared/9917/hdl/verilog/ImageRenderHLS_fcmp_32ns_32ns_1_2_no_dsp_1_x.v:95]
INFO: [Synth 8-4471] merging register 'fmul_32ns_32ns_32_5_max_dsp_1_x_U213/ce_r_reg' into 'fmul_32ns_32ns_32_5_max_dsp_1_x_U214/ce_r_reg' [/home/emanuel/workspace/mesh_vo/MultiPlatformDiffRenderer/src/backends/xrt/hls/build/xclbin/_x/link/vivado/vpl/prj/prj.gen/sources_1/bd/system/ipshared/9917/hdl/verilog/ImageRenderHLS_fmul_32ns_32ns_32_5_max_dsp_1_x.v:51]
INFO: [Synth 8-4471] merging register 'fadd_32ns_32ns_32_8_full_dsp_1_x_U209/ce_r_reg' into 'fcmp_32ns_32ns_1_2_no_dsp_1_x_U231/ce_r_reg' [/home/emanuel/workspace/mesh_vo/MultiPlatformDiffRenderer/src/backends/xrt/hls/build/xclbin/_x/link/vivado/vpl/prj/prj.gen/sources_1/bd/system/ipshared/9917/hdl/verilog/ImageRenderHLS_fadd_32ns_32ns_32_8_full_dsp_1_x.v:51]
INFO: [Synth 8-4471] merging register 'pix_2_reg_1533_pp0_iter31_reg_reg[31:0]' into 'fcmp_32ns_32ns_1_2_no_dsp_1_x_U229/din0_buf1_reg[31:0]' [/home/emanuel/workspace/mesh_vo/MultiPlatformDiffRenderer/src/backends/xrt/hls/build/xclbin/_x/link/vivado/vpl/prj/prj.gen/sources_1/bd/system/ipshared/9917/hdl/verilog/ImageRenderHLS_fragment_shader.v:4194]
INFO: [Synth 8-4471] merging register 'select_ln241_2_reg_1567_pp0_iter35_reg_reg[31:0]' into 'fcmp_32ns_32ns_1_2_no_dsp_1_x_U231/din0_buf1_reg[31:0]' [/home/emanuel/workspace/mesh_vo/MultiPlatformDiffRenderer/src/backends/xrt/hls/build/xclbin/_x/link/vivado/vpl/prj/prj.gen/sources_1/bd/system/ipshared/9917/hdl/verilog/ImageRenderHLS_fragment_shader.v:4201]
INFO: [Synth 8-4471] merging register 'fadd_32ns_32ns_32_8_full_dsp_1_x_U208/ce_r_reg' into 'fcmp_32ns_32ns_1_2_no_dsp_1_x_U231/ce_r_reg' [/home/emanuel/workspace/mesh_vo/MultiPlatformDiffRenderer/src/backends/xrt/hls/build/xclbin/_x/link/vivado/vpl/prj/prj.gen/sources_1/bd/system/ipshared/9917/hdl/verilog/ImageRenderHLS_fadd_32ns_32ns_32_8_full_dsp_1_x.v:51]
DSP Report: Generating DSP ama_submuladd_13ns_13ns_13s_13ns_13_4_1_U262/ImageRenderHLS_ama_submuladd_13ns_13ns_13s_13ns_13_4_1_DSP48_0_U/p_reg_reg, operation Mode is: (C'+((D'-A)*B2)')'.
DSP Report: register trunc_ln395_reg_1316_reg is absorbed into DSP ama_submuladd_13ns_13ns_13s_13ns_13_4_1_U262/ImageRenderHLS_ama_submuladd_13ns_13ns_13s_13ns_13_4_1_DSP48_0_U/p_reg_reg.
DSP Report: register ama_submuladd_13ns_13ns_13s_13ns_13_4_1_U262/ImageRenderHLS_ama_submuladd_13ns_13ns_13s_13ns_13_4_1_DSP48_0_U/b_reg_reg is absorbed into DSP ama_submuladd_13ns_13ns_13s_13ns_13_4_1_U262/ImageRenderHLS_ama_submuladd_13ns_13ns_13s_13ns_13_4_1_DSP48_0_U/p_reg_reg.
DSP Report: register sub_ln414_reg_1326_reg is absorbed into DSP ama_submuladd_13ns_13ns_13s_13ns_13_4_1_U262/ImageRenderHLS_ama_submuladd_13ns_13ns_13s_13ns_13_4_1_DSP48_0_U/p_reg_reg.
DSP Report: register ama_submuladd_13ns_13ns_13s_13ns_13_4_1_U262/ImageRenderHLS_ama_submuladd_13ns_13ns_13s_13ns_13_4_1_DSP48_0_U/p_reg_reg is absorbed into DSP ama_submuladd_13ns_13ns_13s_13ns_13_4_1_U262/ImageRenderHLS_ama_submuladd_13ns_13ns_13s_13ns_13_4_1_DSP48_0_U/p_reg_reg.
DSP Report: register ama_submuladd_13ns_13ns_13s_13ns_13_4_1_U262/ImageRenderHLS_ama_submuladd_13ns_13ns_13s_13ns_13_4_1_DSP48_0_U/m_reg_reg is absorbed into DSP ama_submuladd_13ns_13ns_13s_13ns_13_4_1_U262/ImageRenderHLS_ama_submuladd_13ns_13ns_13s_13ns_13_4_1_DSP48_0_U/p_reg_reg.
DSP Report: register ama_submuladd_13ns_13ns_13s_13ns_13_4_1_U262/ImageRenderHLS_ama_submuladd_13ns_13ns_13s_13ns_13_4_1_DSP48_0_U/ad_reg_reg is absorbed into DSP ama_submuladd_13ns_13ns_13s_13ns_13_4_1_U262/ImageRenderHLS_ama_submuladd_13ns_13ns_13s_13ns_13_4_1_DSP48_0_U/p_reg_reg.
DSP Report: operator ama_submuladd_13ns_13ns_13s_13ns_13_4_1_U262/ImageRenderHLS_ama_submuladd_13ns_13ns_13s_13ns_13_4_1_DSP48_0_U/p is absorbed into DSP ama_submuladd_13ns_13ns_13s_13ns_13_4_1_U262/ImageRenderHLS_ama_submuladd_13ns_13ns_13s_13ns_13_4_1_DSP48_0_U/p_reg_reg.
DSP Report: operator ama_submuladd_13ns_13ns_13s_13ns_13_4_1_U262/ImageRenderHLS_ama_submuladd_13ns_13ns_13s_13ns_13_4_1_DSP48_0_U/m is absorbed into DSP ama_submuladd_13ns_13ns_13s_13ns_13_4_1_U262/ImageRenderHLS_ama_submuladd_13ns_13ns_13s_13ns_13_4_1_DSP48_0_U/p_reg_reg.
DSP Report: operator ama_submuladd_13ns_13ns_13s_13ns_13_4_1_U262/ImageRenderHLS_ama_submuladd_13ns_13ns_13s_13ns_13_4_1_DSP48_0_U/ad is absorbed into DSP ama_submuladd_13ns_13ns_13s_13ns_13_4_1_U262/ImageRenderHLS_ama_submuladd_13ns_13ns_13s_13ns_13_4_1_DSP48_0_U/p_reg_reg.
INFO: [Synth 8-4471] merging register 'fcmp_32ns_32ns_1_2_no_dsp_1_U327/ce_r_reg' into 'fcmp_32ns_32ns_1_2_no_dsp_1_U326/ce_r_reg' [/home/emanuel/workspace/mesh_vo/MultiPlatformDiffRenderer/src/backends/xrt/hls/build/xclbin/_x/link/vivado/vpl/prj/prj.gen/sources_1/bd/system/ipshared/9917/hdl/verilog/ImageRenderHLS_fcmp_32ns_32ns_1_2_no_dsp_1.v:100]
INFO: [Synth 8-4471] merging register 'fcmp_32ns_32ns_1_2_no_dsp_1_U327/din0_buf1_reg[31:0]' into 'fcmp_32ns_32ns_1_2_no_dsp_1_U326/din0_buf1_reg[31:0]' [/home/emanuel/workspace/mesh_vo/MultiPlatformDiffRenderer/src/backends/xrt/hls/build/xclbin/_x/link/vivado/vpl/prj/prj.gen/sources_1/bd/system/ipshared/9917/hdl/verilog/ImageRenderHLS_fcmp_32ns_32ns_1_2_no_dsp_1.v:72]
INFO: [Synth 8-4471] merging register 'fcmp_32ns_32ns_1_2_no_dsp_1_U327/din1_buf1_reg[31:0]' into 'fcmp_32ns_32ns_1_2_no_dsp_1_U326/din1_buf1_reg[31:0]' [/home/emanuel/workspace/mesh_vo/MultiPlatformDiffRenderer/src/backends/xrt/hls/build/xclbin/_x/link/vivado/vpl/prj/prj.gen/sources_1/bd/system/ipshared/9917/hdl/verilog/ImageRenderHLS_fcmp_32ns_32ns_1_2_no_dsp_1.v:74]
INFO: [Synth 8-4471] merging register 'fcmp_32ns_32ns_1_2_no_dsp_1_U328/ce_r_reg' into 'fcmp_32ns_32ns_1_2_no_dsp_1_U326/ce_r_reg' [/home/emanuel/workspace/mesh_vo/MultiPlatformDiffRenderer/src/backends/xrt/hls/build/xclbin/_x/link/vivado/vpl/prj/prj.gen/sources_1/bd/system/ipshared/9917/hdl/verilog/ImageRenderHLS_fcmp_32ns_32ns_1_2_no_dsp_1.v:100]
INFO: [Synth 8-4471] merging register 'fcmp_32ns_32ns_1_2_no_dsp_1_U328/opcode_buf1_reg[4:0]' into 'fcmp_32ns_32ns_1_2_no_dsp_1_U326/opcode_buf1_reg[4:0]' [/home/emanuel/workspace/mesh_vo/MultiPlatformDiffRenderer/src/backends/xrt/hls/build/xclbin/_x/link/vivado/vpl/prj/prj.gen/sources_1/bd/system/ipshared/9917/hdl/verilog/ImageRenderHLS_fcmp_32ns_32ns_1_2_no_dsp_1.v:95]
INFO: [Synth 8-12192] Not enough pipeline registers after wide multiplier. Pipeline registers present is 1. Recommended levels of pipeline registers is 4. [/home/emanuel/workspace/mesh_vo/MultiPlatformDiffRenderer/src/backends/xrt/hls/build/xclbin/_x/link/vivado/vpl/prj/prj.gen/sources_1/bd/system/ipshared/9917/hdl/verilog/ImageRenderHLS_mul_31ns_31ns_62_1_1.v:41]
WARNING: [Synth 8-6014] Unused sequential element empty_75_reg_2421_reg was removed.  [/home/emanuel/workspace/mesh_vo/MultiPlatformDiffRenderer/src/backends/xrt/hls/build/xclbin/_x/link/vivado/vpl/prj/prj.gen/sources_1/bd/system/ipshared/9917/hdl/verilog/ImageRenderHLS_draw_triangle_InTextures_Uniforms_Fragment_s.v:1130]
WARNING: [Synth 8-6014] Unused sequential element mul_31ns_31ns_62_1_1_U329/tmp_product was removed.  [/home/emanuel/workspace/mesh_vo/MultiPlatformDiffRenderer/src/backends/xrt/hls/build/xclbin/_x/link/vivado/vpl/prj/prj.gen/sources_1/bd/system/ipshared/9917/hdl/verilog/ImageRenderHLS_mul_31ns_31ns_62_1_1.v:41]
WARNING: [Synth 8-6014] Unused sequential element mul_ln358_reg_2471_reg was removed.  [/home/emanuel/workspace/mesh_vo/MultiPlatformDiffRenderer/src/backends/xrt/hls/build/xclbin/_x/link/vivado/vpl/prj/prj.gen/sources_1/bd/system/ipshared/9917/hdl/verilog/ImageRenderHLS_draw_triangle_InTextures_Uniforms_Fragment_s.v:834]
WARNING: [Synth 8-6014] Unused sequential element empty_79_reg_2426_reg was removed.  [/home/emanuel/workspace/mesh_vo/MultiPlatformDiffRenderer/src/backends/xrt/hls/build/xclbin/_x/link/vivado/vpl/prj/prj.gen/sources_1/bd/system/ipshared/9917/hdl/verilog/ImageRenderHLS_draw_triangle_InTextures_Uniforms_Fragment_s.v:1131]
DSP Report: Generating DSP mul_31ns_31ns_62_1_1_U329/tmp_product, operation Mode is: A2*B2.
DSP Report: register smax2_reg_2451_reg is absorbed into DSP mul_31ns_31ns_62_1_1_U329/tmp_product.
DSP Report: register mul_31ns_31ns_62_1_1_U329/tmp_product is absorbed into DSP mul_31ns_31ns_62_1_1_U329/tmp_product.
DSP Report: operator mul_31ns_31ns_62_1_1_U329/tmp_product is absorbed into DSP mul_31ns_31ns_62_1_1_U329/tmp_product.
DSP Report: operator mul_31ns_31ns_62_1_1_U329/tmp_product is absorbed into DSP mul_31ns_31ns_62_1_1_U329/tmp_product.
DSP Report: Generating DSP mul_ln358_reg_2471_reg, operation Mode is: (PCIN>>17)+A2*B2.
DSP Report: register smax5_reg_2456_reg is absorbed into DSP mul_ln358_reg_2471_reg.
DSP Report: register smax2_reg_2451_reg is absorbed into DSP mul_ln358_reg_2471_reg.
DSP Report: register mul_ln358_reg_2471_reg is absorbed into DSP mul_ln358_reg_2471_reg.
DSP Report: operator mul_31ns_31ns_62_1_1_U329/tmp_product is absorbed into DSP mul_ln358_reg_2471_reg.
DSP Report: operator mul_31ns_31ns_62_1_1_U329/tmp_product is absorbed into DSP mul_ln358_reg_2471_reg.
DSP Report: Generating DSP mul_31ns_31ns_62_1_1_U329/tmp_product, operation Mode is: A2*B2.
DSP Report: register mul_31ns_31ns_62_1_1_U329/tmp_product is absorbed into DSP mul_31ns_31ns_62_1_1_U329/tmp_product.
DSP Report: register mul_31ns_31ns_62_1_1_U329/tmp_product is absorbed into DSP mul_31ns_31ns_62_1_1_U329/tmp_product.
DSP Report: operator mul_31ns_31ns_62_1_1_U329/tmp_product is absorbed into DSP mul_31ns_31ns_62_1_1_U329/tmp_product.
DSP Report: operator mul_31ns_31ns_62_1_1_U329/tmp_product is absorbed into DSP mul_31ns_31ns_62_1_1_U329/tmp_product.
DSP Report: Generating DSP mul_ln358_reg_2471_reg, operation Mode is: (PCIN>>17)+A2*B2.
DSP Report: register smax5_reg_2456_reg is absorbed into DSP mul_ln358_reg_2471_reg.
DSP Report: register mul_ln358_reg_2471_reg is absorbed into DSP mul_ln358_reg_2471_reg.
DSP Report: register mul_ln358_reg_2471_reg is absorbed into DSP mul_ln358_reg_2471_reg.
DSP Report: operator mul_31ns_31ns_62_1_1_U329/tmp_product is absorbed into DSP mul_ln358_reg_2471_reg.
DSP Report: operator mul_31ns_31ns_62_1_1_U329/tmp_product is absorbed into DSP mul_ln358_reg_2471_reg.
WARNING: [Synth 8-3936] Found unconnected internal register 'mac_muladd_13s_13s_13ns_13_4_1_U429/ImageRenderHLS_mac_muladd_13s_13s_13ns_13_4_1_DSP48_0_U/p_reg_reg' and it is trimmed from '46' to '13' bits. [/home/emanuel/workspace/mesh_vo/MultiPlatformDiffRenderer/src/backends/xrt/hls/build/xclbin/_x/link/vivado/vpl/prj/prj.gen/sources_1/bd/system/ipshared/9917/hdl/verilog/ImageRenderHLS_mac_muladd_13s_13s_13ns_13_4_1.v:44]
WARNING: [Synth 8-3936] Found unconnected internal register 'mac_muladd_13s_13s_13ns_13_4_1_U429/ImageRenderHLS_mac_muladd_13s_13s_13ns_13_4_1_DSP48_0_U/m_reg_reg' and it is trimmed from '45' to '13' bits. [/home/emanuel/workspace/mesh_vo/MultiPlatformDiffRenderer/src/backends/xrt/hls/build/xclbin/_x/link/vivado/vpl/prj/prj.gen/sources_1/bd/system/ipshared/9917/hdl/verilog/ImageRenderHLS_mac_muladd_13s_13s_13ns_13_4_1.v:36]
WARNING: [Synth 8-3936] Found unconnected internal register 'mac_muladd_13s_13s_13ns_13_4_1_U429/ImageRenderHLS_mac_muladd_13s_13s_13ns_13_4_1_DSP48_0_U/a_reg_reg' and it is trimmed from '27' to '13' bits. [/home/emanuel/workspace/mesh_vo/MultiPlatformDiffRenderer/src/backends/xrt/hls/build/xclbin/_x/link/vivado/vpl/prj/prj.gen/sources_1/bd/system/ipshared/9917/hdl/verilog/ImageRenderHLS_mac_muladd_13s_13s_13ns_13_4_1.v:34]
WARNING: [Synth 8-3936] Found unconnected internal register 'mac_muladd_13s_13s_13ns_13_4_1_U429/ImageRenderHLS_mac_muladd_13s_13s_13ns_13_4_1_DSP48_0_U/b_reg_reg' and it is trimmed from '18' to '13' bits. [/home/emanuel/workspace/mesh_vo/MultiPlatformDiffRenderer/src/backends/xrt/hls/build/xclbin/_x/link/vivado/vpl/prj/prj.gen/sources_1/bd/system/ipshared/9917/hdl/verilog/ImageRenderHLS_mac_muladd_13s_13s_13ns_13_4_1.v:34]
INFO: [Synth 8-12192] Not enough pipeline registers after wide multiplier. Pipeline registers present is 1. Recommended levels of pipeline registers is 4. [/home/emanuel/workspace/mesh_vo/MultiPlatformDiffRenderer/src/backends/xrt/hls/build/xclbin/_x/link/vivado/vpl/prj/prj.gen/sources_1/bd/system/ipshared/9917/hdl/verilog/ImageRenderHLS_mul_32ns_32ns_62_1_1.v:41]
DSP Report: Generating DSP mac_muladd_13s_13s_13ns_13_4_1_U429/ImageRenderHLS_mac_muladd_13s_13s_13ns_13_4_1_DSP48_0_U/p_reg_reg, operation Mode is: (C'+(A2*B2)')'.
DSP Report: register mac_muladd_13s_13s_13ns_13_4_1_U429/ImageRenderHLS_mac_muladd_13s_13s_13ns_13_4_1_DSP48_0_U/b_reg_reg is absorbed into DSP mac_muladd_13s_13s_13ns_13_4_1_U429/ImageRenderHLS_mac_muladd_13s_13s_13ns_13_4_1_DSP48_0_U/p_reg_reg.
DSP Report: register mac_muladd_13s_13s_13ns_13_4_1_U429/ImageRenderHLS_mac_muladd_13s_13s_13ns_13_4_1_DSP48_0_U/a_reg_reg is absorbed into DSP mac_muladd_13s_13s_13ns_13_4_1_U429/ImageRenderHLS_mac_muladd_13s_13s_13ns_13_4_1_DSP48_0_U/p_reg_reg.
DSP Report: register trunc_ln924_reg_484_pp0_iter2_reg_reg is absorbed into DSP mac_muladd_13s_13s_13ns_13_4_1_U429/ImageRenderHLS_mac_muladd_13s_13s_13ns_13_4_1_DSP48_0_U/p_reg_reg.
DSP Report: register mac_muladd_13s_13s_13ns_13_4_1_U429/ImageRenderHLS_mac_muladd_13s_13s_13ns_13_4_1_DSP48_0_U/p_reg_reg is absorbed into DSP mac_muladd_13s_13s_13ns_13_4_1_U429/ImageRenderHLS_mac_muladd_13s_13s_13ns_13_4_1_DSP48_0_U/p_reg_reg.
DSP Report: register mac_muladd_13s_13s_13ns_13_4_1_U429/ImageRenderHLS_mac_muladd_13s_13s_13ns_13_4_1_DSP48_0_U/m_reg_reg is absorbed into DSP mac_muladd_13s_13s_13ns_13_4_1_U429/ImageRenderHLS_mac_muladd_13s_13s_13ns_13_4_1_DSP48_0_U/p_reg_reg.
DSP Report: operator mac_muladd_13s_13s_13ns_13_4_1_U429/ImageRenderHLS_mac_muladd_13s_13s_13ns_13_4_1_DSP48_0_U/p is absorbed into DSP mac_muladd_13s_13s_13ns_13_4_1_U429/ImageRenderHLS_mac_muladd_13s_13s_13ns_13_4_1_DSP48_0_U/p_reg_reg.
DSP Report: operator mac_muladd_13s_13s_13ns_13_4_1_U429/ImageRenderHLS_mac_muladd_13s_13s_13ns_13_4_1_DSP48_0_U/m is absorbed into DSP mac_muladd_13s_13s_13ns_13_4_1_U429/ImageRenderHLS_mac_muladd_13s_13s_13ns_13_4_1_DSP48_0_U/p_reg_reg.
DSP Report: Generating DSP mul_32ns_32ns_62_1_1_U428/tmp_product, operation Mode is: A2*B2.
DSP Report: register add_ln919_4_reg_470_reg is absorbed into DSP mul_32ns_32ns_62_1_1_U428/tmp_product.
DSP Report: register mul_32ns_32ns_62_1_1_U428/tmp_product is absorbed into DSP mul_32ns_32ns_62_1_1_U428/tmp_product.
DSP Report: operator mul_32ns_32ns_62_1_1_U428/tmp_product is absorbed into DSP mul_32ns_32ns_62_1_1_U428/tmp_product.
DSP Report: operator mul_32ns_32ns_62_1_1_U428/tmp_product is absorbed into DSP mul_32ns_32ns_62_1_1_U428/tmp_product.
DSP Report: Generating DSP mul_ln919_reg_494_reg, operation Mode is: (PCIN>>17)+A2*B.
DSP Report: register add_ln919_4_reg_470_reg is absorbed into DSP mul_ln919_reg_494_reg.
DSP Report: register mul_ln919_reg_494_reg is absorbed into DSP mul_ln919_reg_494_reg.
DSP Report: operator mul_32ns_32ns_62_1_1_U428/tmp_product is absorbed into DSP mul_ln919_reg_494_reg.
DSP Report: operator mul_32ns_32ns_62_1_1_U428/tmp_product is absorbed into DSP mul_ln919_reg_494_reg.
DSP Report: Generating DSP mul_32ns_32ns_62_1_1_U428/tmp_product, operation Mode is: A2*B2.
DSP Report: register mul_32ns_32ns_62_1_1_U428/tmp_product is absorbed into DSP mul_32ns_32ns_62_1_1_U428/tmp_product.
DSP Report: register mul_32ns_32ns_62_1_1_U428/tmp_product is absorbed into DSP mul_32ns_32ns_62_1_1_U428/tmp_product.
DSP Report: operator mul_32ns_32ns_62_1_1_U428/tmp_product is absorbed into DSP mul_32ns_32ns_62_1_1_U428/tmp_product.
DSP Report: operator mul_32ns_32ns_62_1_1_U428/tmp_product is absorbed into DSP mul_32ns_32ns_62_1_1_U428/tmp_product.
DSP Report: Generating DSP mul_ln919_reg_494_reg, operation Mode is: (PCIN>>17)+A2*B.
DSP Report: register mul_ln919_reg_494_reg is absorbed into DSP mul_ln919_reg_494_reg.
DSP Report: register mul_ln919_reg_494_reg is absorbed into DSP mul_ln919_reg_494_reg.
DSP Report: operator mul_32ns_32ns_62_1_1_U428/tmp_product is absorbed into DSP mul_ln919_reg_494_reg.
DSP Report: operator mul_32ns_32ns_62_1_1_U428/tmp_product is absorbed into DSP mul_ln919_reg_494_reg.
INFO: [Synth 8-3936] Found unconnected internal register 'RT[25].Q_DEL/i_pipe/opt_has_pipe.first_q_reg' and it is trimmed from '26' to '25' bits. [/home/emanuel/workspace/mesh_vo/MultiPlatformDiffRenderer/src/backends/xrt/hls/build/xclbin/_x/link/vivado/vpl/prj/prj.gen/sources_1/bd/system/ipshared/d531/hdl/xbip_pipe_v3_0_vh_rfs.vhd:361]
INFO: [Synth 8-3936] Found unconnected internal register 'RT[23].Q_DEL/i_pipe/opt_has_pipe.first_q_reg' and it is trimmed from '26' to '23' bits. [/home/emanuel/workspace/mesh_vo/MultiPlatformDiffRenderer/src/backends/xrt/hls/build/xclbin/_x/link/vivado/vpl/prj/prj.gen/sources_1/bd/system/ipshared/d531/hdl/xbip_pipe_v3_0_vh_rfs.vhd:361]
INFO: [Synth 8-3936] Found unconnected internal register 'RT[21].Q_DEL/i_pipe/opt_has_pipe.first_q_reg' and it is trimmed from '26' to '21' bits. [/home/emanuel/workspace/mesh_vo/MultiPlatformDiffRenderer/src/backends/xrt/hls/build/xclbin/_x/link/vivado/vpl/prj/prj.gen/sources_1/bd/system/ipshared/d531/hdl/xbip_pipe_v3_0_vh_rfs.vhd:361]
INFO: [Synth 8-3936] Found unconnected internal register 'RT[19].Q_DEL/i_pipe/opt_has_pipe.first_q_reg' and it is trimmed from '26' to '19' bits. [/home/emanuel/workspace/mesh_vo/MultiPlatformDiffRenderer/src/backends/xrt/hls/build/xclbin/_x/link/vivado/vpl/prj/prj.gen/sources_1/bd/system/ipshared/d531/hdl/xbip_pipe_v3_0_vh_rfs.vhd:361]
INFO: [Synth 8-3936] Found unconnected internal register 'RT[17].Q_DEL/i_pipe/opt_has_pipe.first_q_reg' and it is trimmed from '26' to '17' bits. [/home/emanuel/workspace/mesh_vo/MultiPlatformDiffRenderer/src/backends/xrt/hls/build/xclbin/_x/link/vivado/vpl/prj/prj.gen/sources_1/bd/system/ipshared/d531/hdl/xbip_pipe_v3_0_vh_rfs.vhd:361]
INFO: [Synth 8-3936] Found unconnected internal register 'RT[15].Q_DEL/i_pipe/opt_has_pipe.first_q_reg' and it is trimmed from '26' to '15' bits. [/home/emanuel/workspace/mesh_vo/MultiPlatformDiffRenderer/src/backends/xrt/hls/build/xclbin/_x/link/vivado/vpl/prj/prj.gen/sources_1/bd/system/ipshared/d531/hdl/xbip_pipe_v3_0_vh_rfs.vhd:361]
INFO: [Synth 8-3936] Found unconnected internal register 'RT[13].Q_DEL/i_pipe/opt_has_pipe.first_q_reg' and it is trimmed from '26' to '13' bits. [/home/emanuel/workspace/mesh_vo/MultiPlatformDiffRenderer/src/backends/xrt/hls/build/xclbin/_x/link/vivado/vpl/prj/prj.gen/sources_1/bd/system/ipshared/d531/hdl/xbip_pipe_v3_0_vh_rfs.vhd:361]
INFO: [Synth 8-3936] Found unconnected internal register 'RT[11].Q_DEL/i_pipe/opt_has_pipe.first_q_reg' and it is trimmed from '26' to '11' bits. [/home/emanuel/workspace/mesh_vo/MultiPlatformDiffRenderer/src/backends/xrt/hls/build/xclbin/_x/link/vivado/vpl/prj/prj.gen/sources_1/bd/system/ipshared/d531/hdl/xbip_pipe_v3_0_vh_rfs.vhd:361]
INFO: [Synth 8-3936] Found unconnected internal register 'RT[9].Q_DEL/i_pipe/opt_has_pipe.first_q_reg' and it is trimmed from '26' to '9' bits. [/home/emanuel/workspace/mesh_vo/MultiPlatformDiffRenderer/src/backends/xrt/hls/build/xclbin/_x/link/vivado/vpl/prj/prj.gen/sources_1/bd/system/ipshared/d531/hdl/xbip_pipe_v3_0_vh_rfs.vhd:361]
INFO: [Synth 8-3936] Found unconnected internal register 'RT[7].Q_DEL/i_pipe/opt_has_pipe.first_q_reg' and it is trimmed from '26' to '7' bits. [/home/emanuel/workspace/mesh_vo/MultiPlatformDiffRenderer/src/backends/xrt/hls/build/xclbin/_x/link/vivado/vpl/prj/prj.gen/sources_1/bd/system/ipshared/d531/hdl/xbip_pipe_v3_0_vh_rfs.vhd:361]
INFO: [Synth 8-3936] Found unconnected internal register 'RT[5].Q_DEL/i_pipe/opt_has_pipe.first_q_reg' and it is trimmed from '26' to '5' bits. [/home/emanuel/workspace/mesh_vo/MultiPlatformDiffRenderer/src/backends/xrt/hls/build/xclbin/_x/link/vivado/vpl/prj/prj.gen/sources_1/bd/system/ipshared/d531/hdl/xbip_pipe_v3_0_vh_rfs.vhd:361]
INFO: [Synth 8-3936] Found unconnected internal register 'RT[3].Q_DEL/i_pipe/opt_has_pipe.first_q_reg' and it is trimmed from '26' to '3' bits. [/home/emanuel/workspace/mesh_vo/MultiPlatformDiffRenderer/src/backends/xrt/hls/build/xclbin/_x/link/vivado/vpl/prj/prj.gen/sources_1/bd/system/ipshared/d531/hdl/xbip_pipe_v3_0_vh_rfs.vhd:361]
INFO: [Synth 8-3936] Found unconnected internal register 'RT[1].Q_DEL/i_pipe/opt_has_pipe.first_q_reg' and it is trimmed from '26' to '1' bits. [/home/emanuel/workspace/mesh_vo/MultiPlatformDiffRenderer/src/backends/xrt/hls/build/xclbin/_x/link/vivado/vpl/prj/prj.gen/sources_1/bd/system/ipshared/d531/hdl/xbip_pipe_v3_0_vh_rfs.vhd:361]
INFO: [Synth 8-3936] Found unconnected internal register 'RT[25].Q_DEL/i_pipe/opt_has_pipe.first_q_reg' and it is trimmed from '26' to '25' bits. [/home/emanuel/workspace/mesh_vo/MultiPlatformDiffRenderer/src/backends/xrt/hls/build/xclbin/_x/link/vivado/vpl/prj/prj.gen/sources_1/bd/system/ipshared/d531/hdl/xbip_pipe_v3_0_vh_rfs.vhd:361]
INFO: [Synth 8-3936] Found unconnected internal register 'RT[23].Q_DEL/i_pipe/opt_has_pipe.first_q_reg' and it is trimmed from '26' to '23' bits. [/home/emanuel/workspace/mesh_vo/MultiPlatformDiffRenderer/src/backends/xrt/hls/build/xclbin/_x/link/vivado/vpl/prj/prj.gen/sources_1/bd/system/ipshared/d531/hdl/xbip_pipe_v3_0_vh_rfs.vhd:361]
INFO: [Synth 8-3936] Found unconnected internal register 'RT[21].Q_DEL/i_pipe/opt_has_pipe.first_q_reg' and it is trimmed from '26' to '21' bits. [/home/emanuel/workspace/mesh_vo/MultiPlatformDiffRenderer/src/backends/xrt/hls/build/xclbin/_x/link/vivado/vpl/prj/prj.gen/sources_1/bd/system/ipshared/d531/hdl/xbip_pipe_v3_0_vh_rfs.vhd:361]
INFO: [Synth 8-3936] Found unconnected internal register 'RT[19].Q_DEL/i_pipe/opt_has_pipe.first_q_reg' and it is trimmed from '26' to '19' bits. [/home/emanuel/workspace/mesh_vo/MultiPlatformDiffRenderer/src/backends/xrt/hls/build/xclbin/_x/link/vivado/vpl/prj/prj.gen/sources_1/bd/system/ipshared/d531/hdl/xbip_pipe_v3_0_vh_rfs.vhd:361]
INFO: [Synth 8-3936] Found unconnected internal register 'RT[17].Q_DEL/i_pipe/opt_has_pipe.first_q_reg' and it is trimmed from '26' to '17' bits. [/home/emanuel/workspace/mesh_vo/MultiPlatformDiffRenderer/src/backends/xrt/hls/build/xclbin/_x/link/vivado/vpl/prj/prj.gen/sources_1/bd/system/ipshared/d531/hdl/xbip_pipe_v3_0_vh_rfs.vhd:361]
INFO: [Synth 8-3936] Found unconnected internal register 'RT[15].Q_DEL/i_pipe/opt_has_pipe.first_q_reg' and it is trimmed from '26' to '15' bits. [/home/emanuel/workspace/mesh_vo/MultiPlatformDiffRenderer/src/backends/xrt/hls/build/xclbin/_x/link/vivado/vpl/prj/prj.gen/sources_1/bd/system/ipshared/d531/hdl/xbip_pipe_v3_0_vh_rfs.vhd:361]
INFO: [Synth 8-3936] Found unconnected internal register 'RT[13].Q_DEL/i_pipe/opt_has_pipe.first_q_reg' and it is trimmed from '26' to '13' bits. [/home/emanuel/workspace/mesh_vo/MultiPlatformDiffRenderer/src/backends/xrt/hls/build/xclbin/_x/link/vivado/vpl/prj/prj.gen/sources_1/bd/system/ipshared/d531/hdl/xbip_pipe_v3_0_vh_rfs.vhd:361]
INFO: [Synth 8-3936] Found unconnected internal register 'RT[11].Q_DEL/i_pipe/opt_has_pipe.first_q_reg' and it is trimmed from '26' to '11' bits. [/home/emanuel/workspace/mesh_vo/MultiPlatformDiffRenderer/src/backends/xrt/hls/build/xclbin/_x/link/vivado/vpl/prj/prj.gen/sources_1/bd/system/ipshared/d531/hdl/xbip_pipe_v3_0_vh_rfs.vhd:361]
INFO: [Synth 8-3936] Found unconnected internal register 'RT[9].Q_DEL/i_pipe/opt_has_pipe.first_q_reg' and it is trimmed from '26' to '9' bits. [/home/emanuel/workspace/mesh_vo/MultiPlatformDiffRenderer/src/backends/xrt/hls/build/xclbin/_x/link/vivado/vpl/prj/prj.gen/sources_1/bd/system/ipshared/d531/hdl/xbip_pipe_v3_0_vh_rfs.vhd:361]
INFO: [Common 17-14] Message 'Synth 8-3936' appears 100 times and further instances of the messages will be disabled. Use the Tcl command set_msg_config to change the current settings.
INFO: [Synth 8-12192] Not enough pipeline registers after wide multiplier. Pipeline registers present is 1. Recommended levels of pipeline registers is 4. [/home/emanuel/workspace/mesh_vo/MultiPlatformDiffRenderer/src/backends/xrt/hls/build/xclbin/_x/link/vivado/vpl/prj/prj.gen/sources_1/bd/system/ipshared/9917/hdl/verilog/ImageRenderHLS_mul_31ns_31ns_62_1_1.v:41]
DSP Report: Generating DSP mul_31ns_31ns_62_1_1_U449/tmp_product, operation Mode is: A2*B2.
DSP Report: register zext_ln219_1_reg_2542_reg is absorbed into DSP mul_31ns_31ns_62_1_1_U449/tmp_product.
DSP Report: register mul_31ns_31ns_62_1_1_U449/tmp_product is absorbed into DSP mul_31ns_31ns_62_1_1_U449/tmp_product.
DSP Report: operator mul_31ns_31ns_62_1_1_U449/tmp_product is absorbed into DSP mul_31ns_31ns_62_1_1_U449/tmp_product.
DSP Report: operator mul_31ns_31ns_62_1_1_U449/tmp_product is absorbed into DSP mul_31ns_31ns_62_1_1_U449/tmp_product.
DSP Report: Generating DSP mul_ln245_reg_2621_reg, operation Mode is: (PCIN>>17)+A2*B2.
DSP Report: register empty_154_reg_2615_reg is absorbed into DSP mul_ln245_reg_2621_reg.
DSP Report: register zext_ln219_1_reg_2542_reg is absorbed into DSP mul_ln245_reg_2621_reg.
DSP Report: register mul_ln245_reg_2621_reg is absorbed into DSP mul_ln245_reg_2621_reg.
DSP Report: operator mul_31ns_31ns_62_1_1_U449/tmp_product is absorbed into DSP mul_ln245_reg_2621_reg.
DSP Report: operator mul_31ns_31ns_62_1_1_U449/tmp_product is absorbed into DSP mul_ln245_reg_2621_reg.
DSP Report: Generating DSP mul_31ns_31ns_62_1_1_U449/tmp_product, operation Mode is: A2*B2.
DSP Report: register mul_31ns_31ns_62_1_1_U449/tmp_product is absorbed into DSP mul_31ns_31ns_62_1_1_U449/tmp_product.
DSP Report: register mul_31ns_31ns_62_1_1_U449/tmp_product is absorbed into DSP mul_31ns_31ns_62_1_1_U449/tmp_product.
DSP Report: operator mul_31ns_31ns_62_1_1_U449/tmp_product is absorbed into DSP mul_31ns_31ns_62_1_1_U449/tmp_product.
DSP Report: operator mul_31ns_31ns_62_1_1_U449/tmp_product is absorbed into DSP mul_31ns_31ns_62_1_1_U449/tmp_product.
DSP Report: Generating DSP mul_ln245_reg_2621_reg, operation Mode is: (PCIN>>17)+A2*B2.
DSP Report: register empty_154_reg_2615_reg is absorbed into DSP mul_ln245_reg_2621_reg.
DSP Report: register mul_ln245_reg_2621_reg is absorbed into DSP mul_ln245_reg_2621_reg.
DSP Report: register mul_ln245_reg_2621_reg is absorbed into DSP mul_ln245_reg_2621_reg.
DSP Report: operator mul_31ns_31ns_62_1_1_U449/tmp_product is absorbed into DSP mul_ln245_reg_2621_reg.
DSP Report: operator mul_31ns_31ns_62_1_1_U449/tmp_product is absorbed into DSP mul_ln245_reg_2621_reg.
RAM ("ImageRenderHLS_RenderTiledFragBuff2_Uniforms_InTextures_OutTextures_s__GC0/triangle_buffer_screen_U/ram_reg") is too shallow (depth = 256) to use URAM. Choosing BRAM instead of URAM 
RAM ("ImageRenderHLS_RenderTiledFragBuff2_Uniforms_InTextures_OutTextures_s__GC0/triangle_buffer_screen_1_U/ram_reg") is too shallow (depth = 256) to use URAM. Choosing BRAM instead of URAM 
RAM ("ImageRenderHLS_RenderTiledFragBuff2_Uniforms_InTextures_OutTextures_s__GC0/triangle_buffer_screen_2_U/ram_reg") is too shallow (depth = 256) to use URAM. Choosing BRAM instead of URAM 
RAM ("ImageRenderHLS_RenderTiledFragBuff2_Uniforms_InTextures_OutTextures_s__GC0/triangle_buffer_screen_3_U/ram_reg") is too shallow (depth = 256) to use URAM. Choosing BRAM instead of URAM 
RAM ("ImageRenderHLS_RenderTiledFragBuff2_Uniforms_InTextures_OutTextures_s__GC0/triangle_buffer_screen_4_U/ram_reg") is too shallow (depth = 256) to use URAM. Choosing BRAM instead of URAM 
RAM ("ImageRenderHLS_RenderTiledFragBuff2_Uniforms_InTextures_OutTextures_s__GC0/triangle_buffer_screen_5_U/ram_reg") is too shallow (depth = 256) to use URAM. Choosing BRAM instead of URAM 
RAM ("ImageRenderHLS_RenderTiledFragBuff2_Uniforms_InTextures_OutTextures_s__GC0/triangle_buffer_depth_U/ram_reg") is too shallow (depth = 256) to use URAM. Choosing BRAM instead of URAM 
RAM ("ImageRenderHLS_RenderTiledFragBuff2_Uniforms_InTextures_OutTextures_s__GC0/triangle_buffer_depth_1_U/ram_reg") is too shallow (depth = 256) to use URAM. Choosing BRAM instead of URAM 
RAM ("ImageRenderHLS_RenderTiledFragBuff2_Uniforms_InTextures_OutTextures_s__GC0/triangle_buffer_depth_2_U/ram_reg") is too shallow (depth = 256) to use URAM. Choosing BRAM instead of URAM 
RAM ("ImageRenderHLS_RenderTiledFragBuff2_Uniforms_InTextures_OutTextures_s__GC0/triangle_buffer_invW_U/ram_reg") is too shallow (depth = 256) to use URAM. Choosing BRAM instead of URAM 
RAM ("ImageRenderHLS_RenderTiledFragBuff2_Uniforms_InTextures_OutTextures_s__GC0/triangle_buffer_invW_1_U/ram_reg") is too shallow (depth = 256) to use URAM. Choosing BRAM instead of URAM 
RAM ("ImageRenderHLS_RenderTiledFragBuff2_Uniforms_InTextures_OutTextures_s__GC0/triangle_buffer_invW_2_U/ram_reg") is too shallow (depth = 256) to use URAM. Choosing BRAM instead of URAM 
RAM ("ImageRenderHLS_RenderTiledFragBuff2_Uniforms_InTextures_OutTextures_s__GC0/triangle_buffer_var_U/ram_reg") is too shallow (depth = 256) to use URAM. Choosing BRAM instead of URAM 
RAM ("ImageRenderHLS_RenderTiledFragBuff2_Uniforms_InTextures_OutTextures_s__GC0/triangle_buffer_var_1_U/ram_reg") is too shallow (depth = 256) to use URAM. Choosing BRAM instead of URAM 
RAM ("ImageRenderHLS_RenderTiledFragBuff2_Uniforms_InTextures_OutTextures_s__GC0/triangle_buffer_var_2_U/ram_reg") is too shallow (depth = 256) to use URAM. Choosing BRAM instead of URAM 
RAM ("ImageRenderHLS_RenderTiledFragBuff2_Uniforms_InTextures_OutTextures_s__GC0/triangle_buffer_var_3_U/ram_reg") is too shallow (depth = 256) to use URAM. Choosing BRAM instead of URAM 
RAM ("ImageRenderHLS_RenderTiledFragBuff2_Uniforms_InTextures_OutTextures_s__GC0/triangle_buffer_var_4_U/ram_reg") is too shallow (depth = 256) to use URAM. Choosing BRAM instead of URAM 
RAM ("ImageRenderHLS_RenderTiledFragBuff2_Uniforms_InTextures_OutTextures_s__GC0/triangle_buffer_var_5_U/ram_reg") is too shallow (depth = 256) to use URAM. Choosing BRAM instead of URAM 
RAM ("ImageRenderHLS_RenderTiledFragBuff2_Uniforms_InTextures_OutTextures_s__GC0/triangle_buffer_var_6_U/ram_reg") is too shallow (depth = 256) to use URAM. Choosing BRAM instead of URAM 
RAM ("ImageRenderHLS_RenderTiledFragBuff2_Uniforms_InTextures_OutTextures_s__GC0/triangle_buffer_var_7_U/ram_reg") is too shallow (depth = 256) to use URAM. Choosing BRAM instead of URAM 
RAM ("ImageRenderHLS_RenderTiledFragBuff2_Uniforms_InTextures_OutTextures_s__GC0/triangle_buffer_var_8_U/ram_reg") is too shallow (depth = 256) to use URAM. Choosing BRAM instead of URAM 
INFO: [Synth 8-7124] RAM ("ImageRenderHLS_RenderTiledFragBuff2_Uniforms_InTextures_OutTextures_s__GC0/fragment_buffer_U/ram_reg") is implemented using BRAM instead of URAM. Memory would be severely underutilized if URAMs are used
INFO: [Synth 8-5800] Cascade chain of height 4 reduced to 3 because memory depth for RAM "ImageRenderHLS_RenderTiledFragBuff2_Uniforms_InTextures_OutTextures_s__GC0/fragment_buffer_U/ram_reg" is not power of 2. 
INFO: [Synth 8-7124] RAM ("ImageRenderHLS_RenderTiledFragBuff2_Uniforms_InTextures_OutTextures_s__GC0/depth_buffer_U/ram_reg") is implemented using BRAM instead of URAM. Memory would be severely underutilized if URAMs are used
INFO: [Synth 8-5800] Cascade chain of height 4 reduced to 3 because memory depth for RAM "ImageRenderHLS_RenderTiledFragBuff2_Uniforms_InTextures_OutTextures_s__GC0/depth_buffer_U/ram_reg" is not power of 2. 
WARNING: [Synth 8-3332] Sequential element (mul_ln919_reg_494_reg[47]) is unused and will be removed from module ImageRenderHLS_RenderTiledFragBuff2_Pipeline_depthrendererbase_sync_outtexture_y_loop_depthrend.
WARNING: [Synth 8-3332] Sequential element (mul_ln919_reg_494_reg[46]) is unused and will be removed from module ImageRenderHLS_RenderTiledFragBuff2_Pipeline_depthrendererbase_sync_outtexture_y_loop_depthrend.
WARNING: [Synth 8-3332] Sequential element (mul_ln919_reg_494_reg[45]) is unused and will be removed from module ImageRenderHLS_RenderTiledFragBuff2_Pipeline_depthrendererbase_sync_outtexture_y_loop_depthrend.
WARNING: [Synth 8-3332] Sequential element (mul_ln919_reg_494_reg[44]) is unused and will be removed from module ImageRenderHLS_RenderTiledFragBuff2_Pipeline_depthrendererbase_sync_outtexture_y_loop_depthrend.
WARNING: [Synth 8-3332] Sequential element (mul_ln919_reg_494_reg[43]) is unused and will be removed from module ImageRenderHLS_RenderTiledFragBuff2_Pipeline_depthrendererbase_sync_outtexture_y_loop_depthrend.
WARNING: [Synth 8-3332] Sequential element (mul_ln919_reg_494_reg[42]) is unused and will be removed from module ImageRenderHLS_RenderTiledFragBuff2_Pipeline_depthrendererbase_sync_outtexture_y_loop_depthrend.
WARNING: [Synth 8-3332] Sequential element (mul_ln919_reg_494_reg[41]) is unused and will be removed from module ImageRenderHLS_RenderTiledFragBuff2_Pipeline_depthrendererbase_sync_outtexture_y_loop_depthrend.
WARNING: [Synth 8-3332] Sequential element (mul_ln919_reg_494_reg[40]) is unused and will be removed from module ImageRenderHLS_RenderTiledFragBuff2_Pipeline_depthrendererbase_sync_outtexture_y_loop_depthrend.
WARNING: [Synth 8-3332] Sequential element (mul_ln919_reg_494_reg[39]) is unused and will be removed from module ImageRenderHLS_RenderTiledFragBuff2_Pipeline_depthrendererbase_sync_outtexture_y_loop_depthrend.
WARNING: [Synth 8-3332] Sequential element (mul_ln919_reg_494_reg[38]) is unused and will be removed from module ImageRenderHLS_RenderTiledFragBuff2_Pipeline_depthrendererbase_sync_outtexture_y_loop_depthrend.
WARNING: [Synth 8-3332] Sequential element (mul_ln919_reg_494_reg[37]) is unused and will be removed from module ImageRenderHLS_RenderTiledFragBuff2_Pipeline_depthrendererbase_sync_outtexture_y_loop_depthrend.
WARNING: [Synth 8-3332] Sequential element (mul_ln919_reg_494_reg[36]) is unused and will be removed from module ImageRenderHLS_RenderTiledFragBuff2_Pipeline_depthrendererbase_sync_outtexture_y_loop_depthrend.
WARNING: [Synth 8-3332] Sequential element (mul_ln919_reg_494_reg[35]) is unused and will be removed from module ImageRenderHLS_RenderTiledFragBuff2_Pipeline_depthrendererbase_sync_outtexture_y_loop_depthrend.
WARNING: [Synth 8-3332] Sequential element (mul_ln919_reg_494_reg[34]) is unused and will be removed from module ImageRenderHLS_RenderTiledFragBuff2_Pipeline_depthrendererbase_sync_outtexture_y_loop_depthrend.
WARNING: [Synth 8-3332] Sequential element (mul_ln919_reg_494_reg[33]) is unused and will be removed from module ImageRenderHLS_RenderTiledFragBuff2_Pipeline_depthrendererbase_sync_outtexture_y_loop_depthrend.
WARNING: [Synth 8-3332] Sequential element (mul_ln919_reg_494_reg[32]) is unused and will be removed from module ImageRenderHLS_RenderTiledFragBuff2_Pipeline_depthrendererbase_sync_outtexture_y_loop_depthrend.
WARNING: [Synth 8-3332] Sequential element (mul_ln919_reg_494_reg[31]) is unused and will be removed from module ImageRenderHLS_RenderTiledFragBuff2_Pipeline_depthrendererbase_sync_outtexture_y_loop_depthrend.
WARNING: [Synth 8-3332] Sequential element (mul_ln919_reg_494_reg[30]) is unused and will be removed from module ImageRenderHLS_RenderTiledFragBuff2_Pipeline_depthrendererbase_sync_outtexture_y_loop_depthrend.
WARNING: [Synth 8-3332] Sequential element (mul_ln919_reg_494_reg[29]) is unused and will be removed from module ImageRenderHLS_RenderTiledFragBuff2_Pipeline_depthrendererbase_sync_outtexture_y_loop_depthrend.
WARNING: [Synth 8-3332] Sequential element (mul_ln919_reg_494_reg[28]) is unused and will be removed from module ImageRenderHLS_RenderTiledFragBuff2_Pipeline_depthrendererbase_sync_outtexture_y_loop_depthrend.
WARNING: [Synth 8-3332] Sequential element (mul_ln919_reg_494_reg[27]) is unused and will be removed from module ImageRenderHLS_RenderTiledFragBuff2_Pipeline_depthrendererbase_sync_outtexture_y_loop_depthrend.
WARNING: [Synth 8-3332] Sequential element (mul_ln919_reg_494_reg[26]) is unused and will be removed from module ImageRenderHLS_RenderTiledFragBuff2_Pipeline_depthrendererbase_sync_outtexture_y_loop_depthrend.
WARNING: [Synth 8-3332] Sequential element (mul_ln919_reg_494_reg[25]) is unused and will be removed from module ImageRenderHLS_RenderTiledFragBuff2_Pipeline_depthrendererbase_sync_outtexture_y_loop_depthrend.
WARNING: [Synth 8-3332] Sequential element (mul_ln919_reg_494_reg[24]) is unused and will be removed from module ImageRenderHLS_RenderTiledFragBuff2_Pipeline_depthrendererbase_sync_outtexture_y_loop_depthrend.
WARNING: [Synth 8-3332] Sequential element (mul_ln919_reg_494_reg[23]) is unused and will be removed from module ImageRenderHLS_RenderTiledFragBuff2_Pipeline_depthrendererbase_sync_outtexture_y_loop_depthrend.
WARNING: [Synth 8-3332] Sequential element (mul_ln919_reg_494_reg[22]) is unused and will be removed from module ImageRenderHLS_RenderTiledFragBuff2_Pipeline_depthrendererbase_sync_outtexture_y_loop_depthrend.
WARNING: [Synth 8-3332] Sequential element (mul_ln919_reg_494_reg[21]) is unused and will be removed from module ImageRenderHLS_RenderTiledFragBuff2_Pipeline_depthrendererbase_sync_outtexture_y_loop_depthrend.
WARNING: [Synth 8-3332] Sequential element (mul_ln919_reg_494_reg[20]) is unused and will be removed from module ImageRenderHLS_RenderTiledFragBuff2_Pipeline_depthrendererbase_sync_outtexture_y_loop_depthrend.
WARNING: [Synth 8-3332] Sequential element (mul_ln919_reg_494_reg[19]) is unused and will be removed from module ImageRenderHLS_RenderTiledFragBuff2_Pipeline_depthrendererbase_sync_outtexture_y_loop_depthrend.
WARNING: [Synth 8-3332] Sequential element (mul_ln919_reg_494_reg[18]) is unused and will be removed from module ImageRenderHLS_RenderTiledFragBuff2_Pipeline_depthrendererbase_sync_outtexture_y_loop_depthrend.
WARNING: [Synth 8-3332] Sequential element (mul_ln919_reg_494_reg[17]) is unused and will be removed from module ImageRenderHLS_RenderTiledFragBuff2_Pipeline_depthrendererbase_sync_outtexture_y_loop_depthrend.
WARNING: [Synth 8-3332] Sequential element (mul_ln919_reg_494_reg[47]__0) is unused and will be removed from module ImageRenderHLS_RenderTiledFragBuff2_Pipeline_depthrendererbase_sync_outtexture_y_loop_depthrend.
WARNING: [Synth 8-3332] Sequential element (mul_ln919_reg_494_reg[46]__0) is unused and will be removed from module ImageRenderHLS_RenderTiledFragBuff2_Pipeline_depthrendererbase_sync_outtexture_y_loop_depthrend.
WARNING: [Synth 8-3332] Sequential element (mul_ln919_reg_494_reg[45]__0) is unused and will be removed from module ImageRenderHLS_RenderTiledFragBuff2_Pipeline_depthrendererbase_sync_outtexture_y_loop_depthrend.
WARNING: [Synth 8-3332] Sequential element (mul_ln919_reg_494_reg[44]__0) is unused and will be removed from module ImageRenderHLS_RenderTiledFragBuff2_Pipeline_depthrendererbase_sync_outtexture_y_loop_depthrend.
WARNING: [Synth 8-3332] Sequential element (mul_ln919_reg_494_reg[43]__0) is unused and will be removed from module ImageRenderHLS_RenderTiledFragBuff2_Pipeline_depthrendererbase_sync_outtexture_y_loop_depthrend.
WARNING: [Synth 8-3332] Sequential element (mul_ln919_reg_494_reg[42]__0) is unused and will be removed from module ImageRenderHLS_RenderTiledFragBuff2_Pipeline_depthrendererbase_sync_outtexture_y_loop_depthrend.
WARNING: [Synth 8-3332] Sequential element (mul_ln919_reg_494_reg[41]__0) is unused and will be removed from module ImageRenderHLS_RenderTiledFragBuff2_Pipeline_depthrendererbase_sync_outtexture_y_loop_depthrend.
WARNING: [Synth 8-3332] Sequential element (mul_ln919_reg_494_reg[40]__0) is unused and will be removed from module ImageRenderHLS_RenderTiledFragBuff2_Pipeline_depthrendererbase_sync_outtexture_y_loop_depthrend.
WARNING: [Synth 8-3332] Sequential element (mul_ln919_reg_494_reg[39]__0) is unused and will be removed from module ImageRenderHLS_RenderTiledFragBuff2_Pipeline_depthrendererbase_sync_outtexture_y_loop_depthrend.
WARNING: [Synth 8-3332] Sequential element (mul_ln919_reg_494_reg[38]__0) is unused and will be removed from module ImageRenderHLS_RenderTiledFragBuff2_Pipeline_depthrendererbase_sync_outtexture_y_loop_depthrend.
WARNING: [Synth 8-3332] Sequential element (mul_ln919_reg_494_reg[37]__0) is unused and will be removed from module ImageRenderHLS_RenderTiledFragBuff2_Pipeline_depthrendererbase_sync_outtexture_y_loop_depthrend.
WARNING: [Synth 8-3332] Sequential element (mul_ln919_reg_494_reg[36]__0) is unused and will be removed from module ImageRenderHLS_RenderTiledFragBuff2_Pipeline_depthrendererbase_sync_outtexture_y_loop_depthrend.
WARNING: [Synth 8-3332] Sequential element (mul_ln919_reg_494_reg[35]__0) is unused and will be removed from module ImageRenderHLS_RenderTiledFragBuff2_Pipeline_depthrendererbase_sync_outtexture_y_loop_depthrend.
WARNING: [Synth 8-3332] Sequential element (mul_ln919_reg_494_reg[34]__0) is unused and will be removed from module ImageRenderHLS_RenderTiledFragBuff2_Pipeline_depthrendererbase_sync_outtexture_y_loop_depthrend.
WARNING: [Synth 8-3332] Sequential element (mul_ln919_reg_494_reg[33]__0) is unused and will be removed from module ImageRenderHLS_RenderTiledFragBuff2_Pipeline_depthrendererbase_sync_outtexture_y_loop_depthrend.
WARNING: [Synth 8-3332] Sequential element (mul_ln919_reg_494_reg[32]__0) is unused and will be removed from module ImageRenderHLS_RenderTiledFragBuff2_Pipeline_depthrendererbase_sync_outtexture_y_loop_depthrend.
WARNING: [Synth 8-3332] Sequential element (mul_ln919_reg_494_reg[31]__0) is unused and will be removed from module ImageRenderHLS_RenderTiledFragBuff2_Pipeline_depthrendererbase_sync_outtexture_y_loop_depthrend.
WARNING: [Synth 8-3332] Sequential element (mul_ln919_reg_494_reg[30]__0) is unused and will be removed from module ImageRenderHLS_RenderTiledFragBuff2_Pipeline_depthrendererbase_sync_outtexture_y_loop_depthrend.
WARNING: [Synth 8-3332] Sequential element (mul_ln919_reg_494_reg[29]__0) is unused and will be removed from module ImageRenderHLS_RenderTiledFragBuff2_Pipeline_depthrendererbase_sync_outtexture_y_loop_depthrend.
WARNING: [Synth 8-3332] Sequential element (mul_ln919_reg_494_reg[28]__0) is unused and will be removed from module ImageRenderHLS_RenderTiledFragBuff2_Pipeline_depthrendererbase_sync_outtexture_y_loop_depthrend.
WARNING: [Synth 8-3332] Sequential element (mul_ln919_reg_494_reg[27]__0) is unused and will be removed from module ImageRenderHLS_RenderTiledFragBuff2_Pipeline_depthrendererbase_sync_outtexture_y_loop_depthrend.
WARNING: [Synth 8-3332] Sequential element (mul_ln919_reg_494_reg[26]__0) is unused and will be removed from module ImageRenderHLS_RenderTiledFragBuff2_Pipeline_depthrendererbase_sync_outtexture_y_loop_depthrend.
WARNING: [Synth 8-3332] Sequential element (mul_ln919_reg_494_reg[25]__0) is unused and will be removed from module ImageRenderHLS_RenderTiledFragBuff2_Pipeline_depthrendererbase_sync_outtexture_y_loop_depthrend.
WARNING: [Synth 8-3332] Sequential element (mul_ln919_reg_494_reg[24]__0) is unused and will be removed from module ImageRenderHLS_RenderTiledFragBuff2_Pipeline_depthrendererbase_sync_outtexture_y_loop_depthrend.
WARNING: [Synth 8-3332] Sequential element (mul_ln919_reg_494_reg[23]__0) is unused and will be removed from module ImageRenderHLS_RenderTiledFragBuff2_Pipeline_depthrendererbase_sync_outtexture_y_loop_depthrend.
WARNING: [Synth 8-3332] Sequential element (mul_ln919_reg_494_reg[22]__0) is unused and will be removed from module ImageRenderHLS_RenderTiledFragBuff2_Pipeline_depthrendererbase_sync_outtexture_y_loop_depthrend.
WARNING: [Synth 8-3332] Sequential element (mul_ln919_reg_494_reg[21]__0) is unused and will be removed from module ImageRenderHLS_RenderTiledFragBuff2_Pipeline_depthrendererbase_sync_outtexture_y_loop_depthrend.
WARNING: [Synth 8-3332] Sequential element (mul_ln919_reg_494_reg[20]__0) is unused and will be removed from module ImageRenderHLS_RenderTiledFragBuff2_Pipeline_depthrendererbase_sync_outtexture_y_loop_depthrend.
WARNING: [Synth 8-3332] Sequential element (mul_ln919_reg_494_reg[19]__0) is unused and will be removed from module ImageRenderHLS_RenderTiledFragBuff2_Pipeline_depthrendererbase_sync_outtexture_y_loop_depthrend.
WARNING: [Synth 8-3332] Sequential element (mul_ln919_reg_494_reg[18]__0) is unused and will be removed from module ImageRenderHLS_RenderTiledFragBuff2_Pipeline_depthrendererbase_sync_outtexture_y_loop_depthrend.
WARNING: [Synth 8-3332] Sequential element (mul_ln919_reg_494_reg[17]__0) is unused and will be removed from module ImageRenderHLS_RenderTiledFragBuff2_Pipeline_depthrendererbase_sync_outtexture_y_loop_depthrend.
INFO: [Common 17-14] Message 'Synth 8-3332' appears 100 times and further instances of the messages will be disabled. Use the Tcl command set_msg_config to change the current settings.
INFO: [Synth 8-5544] ROM "ADDSUB_OP.ADDSUB/DSP.OP/DSP48E1_BODY.ALIGN_ADD/SHIFT_TABLE[0]" won't be mapped to Block RAM because address size (6) smaller than threshold (8)
INFO: [Synth 8-5544] ROM "ADDSUB_OP.ADDSUB/DSP.OP/DSP48E1_BODY.ALIGN_ADD/SHIFT_TABLE[0]" won't be mapped to Block RAM because address size (6) smaller than threshold (8)
INFO: [Synth 8-5544] ROM "ADDSUB_OP.ADDSUB/DSP.OP/DSP48E1_BODY.ALIGN_ADD/SHIFT_TABLE[0]" won't be mapped to Block RAM because address size (6) smaller than threshold (8)
INFO: [Synth 8-5544] ROM "ADDSUB_OP.ADDSUB/DSP.OP/DSP48E1_BODY.ALIGN_ADD/SHIFT_TABLE[0]" won't be mapped to Block RAM because address size (6) smaller than threshold (8)
INFO: [Synth 8-5544] ROM "ADDSUB_OP.ADDSUB/DSP.OP/DSP48E1_BODY.ALIGN_ADD/SHIFT_TABLE[0]" won't be mapped to Block RAM because address size (6) smaller than threshold (8)
INFO: [Synth 8-5544] ROM "ADDSUB_OP.ADDSUB/DSP.OP/DSP48E1_BODY.ALIGN_ADD/SHIFT_TABLE[0]" won't be mapped to Block RAM because address size (6) smaller than threshold (8)
INFO: [Synth 8-5544] ROM "ADDSUB_OP.ADDSUB/DSP.OP/DSP48E1_BODY.ALIGN_ADD/SHIFT_TABLE[0]" won't be mapped to Block RAM because address size (6) smaller than threshold (8)
INFO: [Synth 8-5544] ROM "ADDSUB_OP.ADDSUB/DSP.OP/DSP48E1_BODY.ALIGN_ADD/SHIFT_TABLE[0]" won't be mapped to Block RAM because address size (6) smaller than threshold (8)
INFO: [Synth 8-5544] ROM "ADDSUB_OP.ADDSUB/DSP.OP/DSP48E1_BODY.ALIGN_ADD/SHIFT_TABLE[0]" won't be mapped to Block RAM because address size (6) smaller than threshold (8)
INFO: [Common 17-14] Message 'Synth 8-5544' appears 100 times and further instances of the messages will be disabled. Use the Tcl command set_msg_config to change the current settings.
INFO: [Synth 8-6904] The RAM "ImageRenderHLS_Render__GC0/mat_6_U/ram_reg" of size (depth=4 x width=32) is automatically implemented using LUTRAM. BRAM implementation would be inefficient 
INFO: [Synth 8-6904] The RAM "ImageRenderHLS_Render__GC0/mat_8_U/ram_reg" of size (depth=4 x width=32) is automatically implemented using LUTRAM. BRAM implementation would be inefficient 
RAM ("ImageRenderHLS_Render__GC0/mat_U/ram_reg") is too shallow (depth = 4) to use URAM. Choosing BRAM instead of URAM 
INFO: [Synth 8-3971] The signal "ImageRenderHLS_Render__GC0/mat_U/ram_reg" was recognized as a true dual port RAM template.
RAM ("ImageRenderHLS_Render__GC0/mat_5_U/ram_reg") is too shallow (depth = 4) to use URAM. Choosing BRAM instead of URAM 
INFO: [Synth 8-3971] The signal "ImageRenderHLS_Render__GC0/mat_5_U/ram_reg" was recognized as a true dual port RAM template.
RAM ("ImageRenderHLS_Render__GC0/mat_7_U/ram_reg") is too shallow (depth = 4) to use URAM. Choosing BRAM instead of URAM 
INFO: [Synth 8-3971] The signal "ImageRenderHLS_Render__GC0/mat_7_U/ram_reg" was recognized as a true dual port RAM template.
INFO: [Synth 8-6904] The RAM "ImageRenderHLS_Render__GC0/mat_6_U/ram_reg" of size (depth=4 x width=32) is automatically implemented using LUTRAM. BRAM implementation would be inefficient 
INFO: [Synth 8-6904] The RAM "ImageRenderHLS_Render__GC0/mat_8_U/ram_reg" of size (depth=4 x width=32) is automatically implemented using LUTRAM. BRAM implementation would be inefficient 
INFO: [Synth 8-7082] The signal store_unit_0/buff_wdata/U_fifo_mem/mem_reg is implemented as Block RAM but is better mapped onto distributed LUT RAM for the following reason(s): The depth (4 address bits) is shallow. Please use attribute (* ram_style = "distributed" *) to instruct Vivado to infer distributed LUT RAM.
---------------------------------------------------------------------------------
Finished Cross Boundary and Area Optimization : Time (s): cpu = 00:03:45 ; elapsed = 00:03:55 . Memory (MB): peak = 3472.941 ; gain = 1153.445 ; free physical = 6893 ; free virtual = 14858
---------------------------------------------------------------------------------
 Sort Area is ImageRenderHLS_fragment_shader__GB0 mul_31ns_32ns_62_1_1_U233/tmp_product_0 : 0 0 : 3155 6031 : Used 1 time 0
 Sort Area is ImageRenderHLS_fragment_shader__GB0 mul_31ns_32ns_62_1_1_U233/tmp_product_0 : 0 1 : 2876 6031 : Used 1 time 0
 Sort Area is ImageRenderHLS_RenderTiledFragBuff2_Uniforms_InTextures_OutTextures_s__GC0 mul_32ns_32ns_62_1_1_U428/tmp_product_2 : 0 0 : 3137 5981 : Used 1 time 0
 Sort Area is ImageRenderHLS_RenderTiledFragBuff2_Uniforms_InTextures_OutTextures_s__GC0 mul_32ns_32ns_62_1_1_U428/tmp_product_2 : 0 1 : 2844 5981 : Used 1 time 0
 Sort Area is ImageRenderHLS_draw_triangle_InTextures_Uniforms_Fragment_s__GC0 mul_31ns_31ns_62_1_1_U329/tmp_product_0 : 0 0 : 3137 5871 : Used 1 time 0
 Sort Area is ImageRenderHLS_draw_triangle_InTextures_Uniforms_Fragment_s__GC0 mul_31ns_31ns_62_1_1_U329/tmp_product_0 : 0 1 : 2734 5871 : Used 1 time 0
 Sort Area is ImageRenderHLS_RenderTiledFragBuff2_Uniforms_InTextures_OutTextures_s__GC0 mul_31ns_31ns_62_1_1_U449/tmp_product_8 : 0 0 : 3137 5871 : Used 1 time 0
 Sort Area is ImageRenderHLS_RenderTiledFragBuff2_Uniforms_InTextures_OutTextures_s__GC0 mul_31ns_31ns_62_1_1_U449/tmp_product_8 : 0 1 : 2734 5871 : Used 1 time 0
 Sort Area is ImageRenderHLS_RenderTiledFragBuff2_Uniforms_InTextures_OutTextures_s__GC0 mul_32ns_32ns_62_1_1_U428/tmp_product_5 : 0 0 : 2793 5516 : Used 1 time 0
 Sort Area is ImageRenderHLS_RenderTiledFragBuff2_Uniforms_InTextures_OutTextures_s__GC0 mul_32ns_32ns_62_1_1_U428/tmp_product_5 : 0 1 : 2723 5516 : Used 1 time 0
 Sort Area is ImageRenderHLS_fragment_shader__GB0 mul_31ns_32ns_62_1_1_U233/tmp_product_3 : 0 0 : 2685 5323 : Used 1 time 0
 Sort Area is ImageRenderHLS_fragment_shader__GB0 mul_31ns_32ns_62_1_1_U233/tmp_product_3 : 0 1 : 2638 5323 : Used 1 time 0
 Sort Area is ImageRenderHLS_draw_triangle_InTextures_Uniforms_Fragment_s__GC0 mul_31ns_31ns_62_1_1_U329/tmp_product_3 : 0 0 : 2667 5230 : Used 1 time 0
 Sort Area is ImageRenderHLS_draw_triangle_InTextures_Uniforms_Fragment_s__GC0 mul_31ns_31ns_62_1_1_U329/tmp_product_3 : 0 1 : 2563 5230 : Used 1 time 0
 Sort Area is ImageRenderHLS_RenderTiledFragBuff2_Uniforms_InTextures_OutTextures_s__GC0 mul_31ns_31ns_62_1_1_U449/tmp_product_a : 0 0 : 2667 5230 : Used 1 time 0
 Sort Area is ImageRenderHLS_RenderTiledFragBuff2_Uniforms_InTextures_OutTextures_s__GC0 mul_31ns_31ns_62_1_1_U449/tmp_product_a : 0 1 : 2563 5230 : Used 1 time 0
 Sort Area is ImageRenderHLS_draw_triangle_Pipeline_draw_triangle_y_loop_draw_triangle_x_loop__GC0 ama_submuladd_13ns_13ns_13s_13ns_13_4_1_U262/ImageRenderHLS_ama_submuladd_13ns_13ns_13s_13ns_13_4_1_DSP48_0_U/p_reg_reg_0 : 0 0 : 1468 1468 : Used 1 time 0
 Sort Area is ImageRenderHLS_RenderTiledFragBuff2_Uniforms_InTextures_OutTextures_s__GC0 mac_muladd_13s_13s_13ns_13_4_1_U429/ImageRenderHLS_mac_muladd_13s_13s_13ns_13_4_1_DSP48_0_U/p_reg_reg_0 : 0 0 : 1370 1370 : Used 1 time 0
---------------------------------------------------------------------------------
Start Applying XDC Timing Constraints
---------------------------------------------------------------------------------
---------------------------------------------------------------------------------
Finished Applying XDC Timing Constraints : Time (s): cpu = 00:03:57 ; elapsed = 00:04:07 . Memory (MB): peak = 3567.852 ; gain = 1248.355 ; free physical = 5936 ; free virtual = 13901
---------------------------------------------------------------------------------
---------------------------------------------------------------------------------
Start Timing Optimization
---------------------------------------------------------------------------------
INFO: [Synth 8-5556] The block RAM "inst/grp_Render_fu_346/grp_RenderTiledFragBuff2_Uniforms_InTextures_OutTextures_s_fu_482/fragment_buffer_U/ram_reg" may be mapped as a cascade chain, because it is not timing critical.
INFO: [Synth 8-7124] RAM ("inst/grp_Render_fu_346/grp_RenderTiledFragBuff2_Uniforms_InTextures_OutTextures_s_fu_482/fragment_buffer_U/ram_reg") is implemented using BRAM instead of URAM. Memory would be severely underutilized if URAMs are used
INFO: [Synth 8-5800] Cascade chain of height 4 reduced to 3 because memory depth for RAM "inst/grp_Render_fu_346/grp_RenderTiledFragBuff2_Uniforms_InTextures_OutTextures_s_fu_482/fragment_buffer_U/ram_reg" is not power of 2. 
INFO: [Synth 8-5556] The block RAM "inst/grp_Render_fu_346/grp_RenderTiledFragBuff2_Uniforms_InTextures_OutTextures_s_fu_482/depth_buffer_U/ram_reg" may be mapped as a cascade chain, because it is not timing critical.
INFO: [Synth 8-7124] RAM ("inst/grp_Render_fu_346/grp_RenderTiledFragBuff2_Uniforms_InTextures_OutTextures_s_fu_482/depth_buffer_U/ram_reg") is implemented using BRAM instead of URAM. Memory would be severely underutilized if URAMs are used
INFO: [Synth 8-5800] Cascade chain of height 4 reduced to 3 because memory depth for RAM "inst/grp_Render_fu_346/grp_RenderTiledFragBuff2_Uniforms_InTextures_OutTextures_s_fu_482/depth_buffer_U/ram_reg" is not power of 2. 
---------------------------------------------------------------------------------
Finished Timing Optimization : Time (s): cpu = 00:05:19 ; elapsed = 00:05:30 . Memory (MB): peak = 3839.477 ; gain = 1519.980 ; free physical = 5730 ; free virtual = 13696
---------------------------------------------------------------------------------
---------------------------------------------------------------------------------
Start Technology Mapping
---------------------------------------------------------------------------------
INFO: [Synth 8-7052] The timing for the instance inst/i_5/grp_Render_fu_346/mat_5_U/ram_reg_bram_0 (implemented as a Block RAM) might be sub-optimal as no optional output register could be merged into the ram block. Providing additional output register may help in improving timing.
INFO: [Synth 8-7052] The timing for the instance inst/i_5/grp_Render_fu_346/mat_5_U/ram_reg_bram_0 (implemented as a Block RAM) might be sub-optimal as no optional output register could be merged into the ram block. Providing additional output register may help in improving timing.
INFO: [Synth 8-7052] The timing for the instance inst/i_2/gmem1_m_axi_U/load_unit_0/buff_rdata/U_fifo_mem/mem_reg (implemented as a Block RAM) might be sub-optimal as no optional output register could be merged into the ram block. Providing additional output register may help in improving timing.
INFO: [Synth 8-7052] The timing for the instance inst/i_2/gmem0_m_axi_U/load_unit_0/buff_rdata/U_fifo_mem/mem_reg (implemented as a Block RAM) might be sub-optimal as no optional output register could be merged into the ram block. Providing additional output register may help in improving timing.
INFO: [Synth 8-7052] The timing for the instance inst/i_6/grp_Render_fu_346/grp_RenderTiledFragBuff2_Uniforms_InTextures_OutTextures_s_fu_482/triangle_buffer_depth_U/ram_reg (implemented as a Block RAM) might be sub-optimal as no optional output register could be merged into the ram block. Providing additional output register may help in improving timing.
INFO: [Synth 8-7052] The timing for the instance inst/i_6/grp_Render_fu_346/grp_RenderTiledFragBuff2_Uniforms_InTextures_OutTextures_s_fu_482/triangle_buffer_depth_U/ram_reg (implemented as a Block RAM) might be sub-optimal as no optional output register could be merged into the ram block. Providing additional output register may help in improving timing.
INFO: [Synth 8-7052] The timing for the instance inst/i_6/grp_Render_fu_346/grp_RenderTiledFragBuff2_Uniforms_InTextures_OutTextures_s_fu_482/triangle_buffer_depth_1_U/ram_reg (implemented as a Block RAM) might be sub-optimal as no optional output register could be merged into the ram block. Providing additional output register may help in improving timing.
INFO: [Synth 8-7052] The timing for the instance inst/i_6/grp_Render_fu_346/grp_RenderTiledFragBuff2_Uniforms_InTextures_OutTextures_s_fu_482/triangle_buffer_depth_1_U/ram_reg (implemented as a Block RAM) might be sub-optimal as no optional output register could be merged into the ram block. Providing additional output register may help in improving timing.
INFO: [Synth 8-7052] The timing for the instance inst/i_6/grp_Render_fu_346/grp_RenderTiledFragBuff2_Uniforms_InTextures_OutTextures_s_fu_482/triangle_buffer_depth_2_U/ram_reg (implemented as a Block RAM) might be sub-optimal as no optional output register could be merged into the ram block. Providing additional output register may help in improving timing.
INFO: [Synth 8-7052] The timing for the instance inst/i_6/grp_Render_fu_346/grp_RenderTiledFragBuff2_Uniforms_InTextures_OutTextures_s_fu_482/triangle_buffer_depth_2_U/ram_reg (implemented as a Block RAM) might be sub-optimal as no optional output register could be merged into the ram block. Providing additional output register may help in improving timing.
INFO: [Synth 8-7052] The timing for the instance inst/i_6/grp_Render_fu_346/grp_RenderTiledFragBuff2_Uniforms_InTextures_OutTextures_s_fu_482/triangle_buffer_invW_U/ram_reg (implemented as a Block RAM) might be sub-optimal as no optional output register could be merged into the ram block. Providing additional output register may help in improving timing.
INFO: [Synth 8-7052] The timing for the instance inst/i_6/grp_Render_fu_346/grp_RenderTiledFragBuff2_Uniforms_InTextures_OutTextures_s_fu_482/triangle_buffer_invW_U/ram_reg (implemented as a Block RAM) might be sub-optimal as no optional output register could be merged into the ram block. Providing additional output register may help in improving timing.
INFO: [Synth 8-7052] The timing for the instance inst/i_6/grp_Render_fu_346/grp_RenderTiledFragBuff2_Uniforms_InTextures_OutTextures_s_fu_482/triangle_buffer_invW_1_U/ram_reg (implemented as a Block RAM) might be sub-optimal as no optional output register could be merged into the ram block. Providing additional output register may help in improving timing.
INFO: [Synth 8-7052] The timing for the instance inst/i_6/grp_Render_fu_346/grp_RenderTiledFragBuff2_Uniforms_InTextures_OutTextures_s_fu_482/triangle_buffer_invW_1_U/ram_reg (implemented as a Block RAM) might be sub-optimal as no optional output register could be merged into the ram block. Providing additional output register may help in improving timing.
INFO: [Synth 8-7052] The timing for the instance inst/i_6/grp_Render_fu_346/grp_RenderTiledFragBuff2_Uniforms_InTextures_OutTextures_s_fu_482/triangle_buffer_invW_2_U/ram_reg (implemented as a Block RAM) might be sub-optimal as no optional output register could be merged into the ram block. Providing additional output register may help in improving timing.
INFO: [Synth 8-7052] The timing for the instance inst/i_6/grp_Render_fu_346/grp_RenderTiledFragBuff2_Uniforms_InTextures_OutTextures_s_fu_482/triangle_buffer_invW_2_U/ram_reg (implemented as a Block RAM) might be sub-optimal as no optional output register could be merged into the ram block. Providing additional output register may help in improving timing.
INFO: [Synth 8-7052] The timing for the instance inst/i_7/grp_Render_fu_346/mat_U/ram_reg_bram_0 (implemented as a Block RAM) might be sub-optimal as no optional output register could be merged into the ram block. Providing additional output register may help in improving timing.
INFO: [Synth 8-7052] The timing for the instance inst/i_7/grp_Render_fu_346/mat_7_U/ram_reg_bram_0 (implemented as a Block RAM) might be sub-optimal as no optional output register could be merged into the ram block. Providing additional output register may help in improving timing.
INFO: [Synth 8-7052] The timing for the instance inst/i_7/grp_Render_fu_346/grp_RenderTiledFragBuff2_Uniforms_InTextures_OutTextures_s_fu_482/triangle_buffer_screen_U/ram_reg (implemented as a Block RAM) might be sub-optimal as no optional output register could be merged into the ram block. Providing additional output register may help in improving timing.
INFO: [Synth 8-7052] The timing for the instance inst/i_7/grp_Render_fu_346/grp_RenderTiledFragBuff2_Uniforms_InTextures_OutTextures_s_fu_482/triangle_buffer_screen_U/ram_reg (implemented as a Block RAM) might be sub-optimal as no optional output register could be merged into the ram block. Providing additional output register may help in improving timing.
INFO: [Synth 8-7052] The timing for the instance inst/i_7/grp_Render_fu_346/grp_RenderTiledFragBuff2_Uniforms_InTextures_OutTextures_s_fu_482/triangle_buffer_screen_1_U/ram_reg (implemented as a Block RAM) might be sub-optimal as no optional output register could be merged into the ram block. Providing additional output register may help in improving timing.
INFO: [Synth 8-7052] The timing for the instance inst/i_7/grp_Render_fu_346/grp_RenderTiledFragBuff2_Uniforms_InTextures_OutTextures_s_fu_482/triangle_buffer_screen_1_U/ram_reg (implemented as a Block RAM) might be sub-optimal as no optional output register could be merged into the ram block. Providing additional output register may help in improving timing.
INFO: [Synth 8-7052] The timing for the instance inst/i_7/grp_Render_fu_346/grp_RenderTiledFragBuff2_Uniforms_InTextures_OutTextures_s_fu_482/triangle_buffer_screen_2_U/ram_reg (implemented as a Block RAM) might be sub-optimal as no optional output register could be merged into the ram block. Providing additional output register may help in improving timing.
INFO: [Synth 8-7052] The timing for the instance inst/i_7/grp_Render_fu_346/grp_RenderTiledFragBuff2_Uniforms_InTextures_OutTextures_s_fu_482/triangle_buffer_screen_2_U/ram_reg (implemented as a Block RAM) might be sub-optimal as no optional output register could be merged into the ram block. Providing additional output register may help in improving timing.
INFO: [Synth 8-7052] The timing for the instance inst/i_7/grp_Render_fu_346/grp_RenderTiledFragBuff2_Uniforms_InTextures_OutTextures_s_fu_482/triangle_buffer_screen_3_U/ram_reg (implemented as a Block RAM) might be sub-optimal as no optional output register could be merged into the ram block. Providing additional output register may help in improving timing.
INFO: [Synth 8-7052] The timing for the instance inst/i_7/grp_Render_fu_346/grp_RenderTiledFragBuff2_Uniforms_InTextures_OutTextures_s_fu_482/triangle_buffer_screen_3_U/ram_reg (implemented as a Block RAM) might be sub-optimal as no optional output register could be merged into the ram block. Providing additional output register may help in improving timing.
INFO: [Synth 8-7052] The timing for the instance inst/i_7/grp_Render_fu_346/grp_RenderTiledFragBuff2_Uniforms_InTextures_OutTextures_s_fu_482/triangle_buffer_screen_4_U/ram_reg (implemented as a Block RAM) might be sub-optimal as no optional output register could be merged into the ram block. Providing additional output register may help in improving timing.
INFO: [Synth 8-7052] The timing for the instance inst/i_7/grp_Render_fu_346/grp_RenderTiledFragBuff2_Uniforms_InTextures_OutTextures_s_fu_482/triangle_buffer_screen_4_U/ram_reg (implemented as a Block RAM) might be sub-optimal as no optional output register could be merged into the ram block. Providing additional output register may help in improving timing.
INFO: [Synth 8-7052] The timing for the instance inst/i_7/grp_Render_fu_346/grp_RenderTiledFragBuff2_Uniforms_InTextures_OutTextures_s_fu_482/triangle_buffer_screen_5_U/ram_reg (implemented as a Block RAM) might be sub-optimal as no optional output register could be merged into the ram block. Providing additional output register may help in improving timing.
INFO: [Synth 8-7052] The timing for the instance inst/i_7/grp_Render_fu_346/grp_RenderTiledFragBuff2_Uniforms_InTextures_OutTextures_s_fu_482/triangle_buffer_screen_5_U/ram_reg (implemented as a Block RAM) might be sub-optimal as no optional output register could be merged into the ram block. Providing additional output register may help in improving timing.
INFO: [Synth 8-7052] The timing for the instance inst/i_7/grp_Render_fu_346/grp_RenderTiledFragBuff2_Uniforms_InTextures_OutTextures_s_fu_482/triangle_buffer_var_U/ram_reg (implemented as a Block RAM) might be sub-optimal as no optional output register could be merged into the ram block. Providing additional output register may help in improving timing.
INFO: [Synth 8-7052] The timing for the instance inst/i_7/grp_Render_fu_346/grp_RenderTiledFragBuff2_Uniforms_InTextures_OutTextures_s_fu_482/triangle_buffer_var_U/ram_reg (implemented as a Block RAM) might be sub-optimal as no optional output register could be merged into the ram block. Providing additional output register may help in improving timing.
INFO: [Synth 8-7052] The timing for the instance inst/i_7/grp_Render_fu_346/grp_RenderTiledFragBuff2_Uniforms_InTextures_OutTextures_s_fu_482/triangle_buffer_var_1_U/ram_reg (implemented as a Block RAM) might be sub-optimal as no optional output register could be merged into the ram block. Providing additional output register may help in improving timing.
INFO: [Synth 8-7052] The timing for the instance inst/i_7/grp_Render_fu_346/grp_RenderTiledFragBuff2_Uniforms_InTextures_OutTextures_s_fu_482/triangle_buffer_var_1_U/ram_reg (implemented as a Block RAM) might be sub-optimal as no optional output register could be merged into the ram block. Providing additional output register may help in improving timing.
INFO: [Synth 8-7052] The timing for the instance inst/i_7/grp_Render_fu_346/grp_RenderTiledFragBuff2_Uniforms_InTextures_OutTextures_s_fu_482/triangle_buffer_var_2_U/ram_reg (implemented as a Block RAM) might be sub-optimal as no optional output register could be merged into the ram block. Providing additional output register may help in improving timing.
INFO: [Synth 8-7052] The timing for the instance inst/i_7/grp_Render_fu_346/grp_RenderTiledFragBuff2_Uniforms_InTextures_OutTextures_s_fu_482/triangle_buffer_var_2_U/ram_reg (implemented as a Block RAM) might be sub-optimal as no optional output register could be merged into the ram block. Providing additional output register may help in improving timing.
INFO: [Synth 8-7052] The timing for the instance inst/i_7/grp_Render_fu_346/grp_RenderTiledFragBuff2_Uniforms_InTextures_OutTextures_s_fu_482/triangle_buffer_var_3_U/ram_reg (implemented as a Block RAM) might be sub-optimal as no optional output register could be merged into the ram block. Providing additional output register may help in improving timing.
INFO: [Synth 8-7052] The timing for the instance inst/i_7/grp_Render_fu_346/grp_RenderTiledFragBuff2_Uniforms_InTextures_OutTextures_s_fu_482/triangle_buffer_var_3_U/ram_reg (implemented as a Block RAM) might be sub-optimal as no optional output register could be merged into the ram block. Providing additional output register may help in improving timing.
INFO: [Synth 8-7052] The timing for the instance inst/i_7/grp_Render_fu_346/grp_RenderTiledFragBuff2_Uniforms_InTextures_OutTextures_s_fu_482/triangle_buffer_var_4_U/ram_reg (implemented as a Block RAM) might be sub-optimal as no optional output register could be merged into the ram block. Providing additional output register may help in improving timing.
INFO: [Synth 8-7052] The timing for the instance inst/i_7/grp_Render_fu_346/grp_RenderTiledFragBuff2_Uniforms_InTextures_OutTextures_s_fu_482/triangle_buffer_var_4_U/ram_reg (implemented as a Block RAM) might be sub-optimal as no optional output register could be merged into the ram block. Providing additional output register may help in improving timing.
INFO: [Synth 8-7052] The timing for the instance inst/i_7/grp_Render_fu_346/grp_RenderTiledFragBuff2_Uniforms_InTextures_OutTextures_s_fu_482/triangle_buffer_var_5_U/ram_reg (implemented as a Block RAM) might be sub-optimal as no optional output register could be merged into the ram block. Providing additional output register may help in improving timing.
INFO: [Synth 8-7052] The timing for the instance inst/i_7/grp_Render_fu_346/grp_RenderTiledFragBuff2_Uniforms_InTextures_OutTextures_s_fu_482/triangle_buffer_var_5_U/ram_reg (implemented as a Block RAM) might be sub-optimal as no optional output register could be merged into the ram block. Providing additional output register may help in improving timing.
INFO: [Synth 8-7052] The timing for the instance inst/i_7/grp_Render_fu_346/grp_RenderTiledFragBuff2_Uniforms_InTextures_OutTextures_s_fu_482/triangle_buffer_var_6_U/ram_reg (implemented as a Block RAM) might be sub-optimal as no optional output register could be merged into the ram block. Providing additional output register may help in improving timing.
INFO: [Synth 8-7052] The timing for the instance inst/i_7/grp_Render_fu_346/grp_RenderTiledFragBuff2_Uniforms_InTextures_OutTextures_s_fu_482/triangle_buffer_var_6_U/ram_reg (implemented as a Block RAM) might be sub-optimal as no optional output register could be merged into the ram block. Providing additional output register may help in improving timing.
INFO: [Synth 8-7052] The timing for the instance inst/i_7/grp_Render_fu_346/grp_RenderTiledFragBuff2_Uniforms_InTextures_OutTextures_s_fu_482/triangle_buffer_var_7_U/ram_reg (implemented as a Block RAM) might be sub-optimal as no optional output register could be merged into the ram block. Providing additional output register may help in improving timing.
INFO: [Synth 8-7052] The timing for the instance inst/i_7/grp_Render_fu_346/grp_RenderTiledFragBuff2_Uniforms_InTextures_OutTextures_s_fu_482/triangle_buffer_var_7_U/ram_reg (implemented as a Block RAM) might be sub-optimal as no optional output register could be merged into the ram block. Providing additional output register may help in improving timing.
INFO: [Synth 8-7052] The timing for the instance inst/i_7/grp_Render_fu_346/grp_RenderTiledFragBuff2_Uniforms_InTextures_OutTextures_s_fu_482/triangle_buffer_var_8_U/ram_reg (implemented as a Block RAM) might be sub-optimal as no optional output register could be merged into the ram block. Providing additional output register may help in improving timing.
INFO: [Synth 8-7052] The timing for the instance inst/i_7/grp_Render_fu_346/grp_RenderTiledFragBuff2_Uniforms_InTextures_OutTextures_s_fu_482/triangle_buffer_var_8_U/ram_reg (implemented as a Block RAM) might be sub-optimal as no optional output register could be merged into the ram block. Providing additional output register may help in improving timing.
INFO: [Synth 8-7052] The timing for the instance inst/i_7/grp_Render_fu_346/grp_RenderTiledFragBuff2_Uniforms_InTextures_OutTextures_s_fu_482/fragment_buffer_U/ram_reg_bram_2 (implemented as a Block RAM) might be sub-optimal as no optional output register could be merged into the ram block. Providing additional output register may help in improving timing.
INFO: [Synth 8-7052] The timing for the instance inst/i_7/grp_Render_fu_346/grp_RenderTiledFragBuff2_Uniforms_InTextures_OutTextures_s_fu_482/fragment_buffer_U/ram_reg_bram_4 (implemented as a Block RAM) might be sub-optimal as no optional output register could be merged into the ram block. Providing additional output register may help in improving timing.
INFO: [Synth 8-7052] The timing for the instance inst/i_7/grp_Render_fu_346/grp_RenderTiledFragBuff2_Uniforms_InTextures_OutTextures_s_fu_482/fragment_buffer_U/ram_reg_bram_5 (implemented as a Block RAM) might be sub-optimal as no optional output register could be merged into the ram block. Providing additional output register may help in improving timing.
INFO: [Synth 8-7052] The timing for the instance inst/i_7/grp_Render_fu_346/grp_RenderTiledFragBuff2_Uniforms_InTextures_OutTextures_s_fu_482/fragment_buffer_U/ram_reg_bram_6 (implemented as a Block RAM) might be sub-optimal as no optional output register could be merged into the ram block. Providing additional output register may help in improving timing.
---------------------------------------------------------------------------------
Finished Technology Mapping : Time (s): cpu = 00:05:46 ; elapsed = 00:06:12 . Memory (MB): peak = 3851.402 ; gain = 1531.906 ; free physical = 4920 ; free virtual = 12905
---------------------------------------------------------------------------------
---------------------------------------------------------------------------------
Start IO Insertion
---------------------------------------------------------------------------------
---------------------------------------------------------------------------------
Start Flattening Before IO Insertion
---------------------------------------------------------------------------------
---------------------------------------------------------------------------------
Finished Flattening Before IO Insertion
---------------------------------------------------------------------------------
---------------------------------------------------------------------------------
Start Final Netlist Cleanup
---------------------------------------------------------------------------------
INFO: [Synth 8-7052] The timing for the instance inst/gmem1_m_axi_U/load_unit_0/buff_rdata/U_fifo_mem/mem_reg (implemented as a Block RAM) might be sub-optimal as no optional output register could be merged into the ram block. Providing additional output register may help in improving timing.
INFO: [Synth 8-7052] The timing for the instance inst/gmem0_m_axi_U/load_unit_0/buff_rdata/U_fifo_mem/mem_reg (implemented as a Block RAM) might be sub-optimal as no optional output register could be merged into the ram block. Providing additional output register may help in improving timing.
INFO: [Synth 8-7052] The timing for the instance inst/grp_Render_fu_346/mat_5_U/ram_reg_bram_0 (implemented as a Block RAM) might be sub-optimal as no optional output register could be merged into the ram block. Providing additional output register may help in improving timing.
INFO: [Synth 8-7052] The timing for the instance inst/grp_Render_fu_346/mat_U/ram_reg_bram_0 (implemented as a Block RAM) might be sub-optimal as no optional output register could be merged into the ram block. Providing additional output register may help in improving timing.
INFO: [Synth 8-7052] The timing for the instance inst/grp_Render_fu_346/mat_7_U/ram_reg_bram_0 (implemented as a Block RAM) might be sub-optimal as no optional output register could be merged into the ram block. Providing additional output register may help in improving timing.
INFO: [Synth 8-7052] The timing for the instance inst/grp_Render_fu_346/grp_RenderTiledFragBuff2_Uniforms_InTextures_OutTextures_s_fu_482/fragment_buffer_U/ram_reg_bram_2 (implemented as a Block RAM) might be sub-optimal as no optional output register could be merged into the ram block. Providing additional output register may help in improving timing.
INFO: [Synth 8-7052] The timing for the instance inst/grp_Render_fu_346/grp_RenderTiledFragBuff2_Uniforms_InTextures_OutTextures_s_fu_482/fragment_buffer_U/ram_reg_bram_4 (implemented as a Block RAM) might be sub-optimal as no optional output register could be merged into the ram block. Providing additional output register may help in improving timing.
INFO: [Synth 8-7052] The timing for the instance inst/grp_Render_fu_346/grp_RenderTiledFragBuff2_Uniforms_InTextures_OutTextures_s_fu_482/fragment_buffer_U/ram_reg_bram_5 (implemented as a Block RAM) might be sub-optimal as no optional output register could be merged into the ram block. Providing additional output register may help in improving timing.
INFO: [Synth 8-7052] The timing for the instance inst/grp_Render_fu_346/grp_RenderTiledFragBuff2_Uniforms_InTextures_OutTextures_s_fu_482/fragment_buffer_U/ram_reg_bram_6 (implemented as a Block RAM) might be sub-optimal as no optional output register could be merged into the ram block. Providing additional output register may help in improving timing.
---------------------------------------------------------------------------------
Finished Final Netlist Cleanup
---------------------------------------------------------------------------------
---------------------------------------------------------------------------------
Finished IO Insertion : Time (s): cpu = 00:06:00 ; elapsed = 00:06:27 . Memory (MB): peak = 3861.355 ; gain = 1541.859 ; free physical = 4914 ; free virtual = 12900
---------------------------------------------------------------------------------
---------------------------------------------------------------------------------
Start Renaming Generated Instances
---------------------------------------------------------------------------------
---------------------------------------------------------------------------------
Finished Renaming Generated Instances : Time (s): cpu = 00:06:00 ; elapsed = 00:06:27 . Memory (MB): peak = 3861.355 ; gain = 1541.859 ; free physical = 4914 ; free virtual = 12900
---------------------------------------------------------------------------------
---------------------------------------------------------------------------------
Start Rebuilding User Hierarchy
---------------------------------------------------------------------------------
---------------------------------------------------------------------------------
Finished Rebuilding User Hierarchy : Time (s): cpu = 00:06:09 ; elapsed = 00:06:36 . Memory (MB): peak = 3930.777 ; gain = 1611.281 ; free physical = 4830 ; free virtual = 12817
---------------------------------------------------------------------------------
---------------------------------------------------------------------------------
Start Renaming Generated Ports
---------------------------------------------------------------------------------
---------------------------------------------------------------------------------
Finished Renaming Generated Ports : Time (s): cpu = 00:06:09 ; elapsed = 00:06:37 . Memory (MB): peak = 3930.777 ; gain = 1611.281 ; free physical = 4830 ; free virtual = 12817
---------------------------------------------------------------------------------
---------------------------------------------------------------------------------
Start Handling Custom Attributes
---------------------------------------------------------------------------------
---------------------------------------------------------------------------------
Finished Handling Custom Attributes : Time (s): cpu = 00:06:11 ; elapsed = 00:06:38 . Memory (MB): peak = 3930.777 ; gain = 1611.281 ; free physical = 4823 ; free virtual = 12809
---------------------------------------------------------------------------------
---------------------------------------------------------------------------------
Start Renaming Generated Nets
---------------------------------------------------------------------------------
---------------------------------------------------------------------------------
Finished Renaming Generated Nets : Time (s): cpu = 00:06:12 ; elapsed = 00:06:39 . Memory (MB): peak = 3930.777 ; gain = 1611.281 ; free physical = 4823 ; free virtual = 12809
---------------------------------------------------------------------------------
---------------------------------------------------------------------------------
Start Writing Synthesis Report
---------------------------------------------------------------------------------

DSP Final Report (the ' indicates corresponding REG is set)
+------------------------------------------------------------------------------------------------+-----------------------+--------+--------+--------+--------+--------+------+------+------+------+-------+------+------+
|Module Name                                                                                     | DSP Mapping           | A Size | B Size | C Size | D Size | P Size | AREG | BREG | CREG | DREG | ADREG | MREG | PREG | 
+------------------------------------------------------------------------------------------------+-----------------------+--------+--------+--------+--------+--------+------+------+------+------+-------+------+------+
|dsp48e1_wrapper_5368                                                                            | Dynamic               | -      | -      | -      | -      | 40     | -    | -    | -    | -    | 0     | 1    | 0    | 
|dsp48e1_wrapper__parameterized0_5318                                                            | C'+(A'*B)'            | 24     | 16     | 35     | -      | 35     | 1    | 0    | 1    | -    | -     | 1    | 0    | 
|dsp48e1_wrapper_5291                                                                            | Dynamic               | -      | -      | -      | -      | 40     | -    | -    | -    | -    | 0     | 1    | 0    | 
|dsp48e1_wrapper__parameterized0_5241                                                            | C'+(A'*B)'            | 24     | 16     | 35     | -      | 35     | 1    | 0    | 1    | -    | -     | 1    | 0    | 
|dsp48e1_wrapper_5214                                                                            | Dynamic               | -      | -      | -      | -      | 40     | -    | -    | -    | -    | 0     | 1    | 0    | 
|dsp48e1_wrapper__parameterized0_5164                                                            | C'+(A'*B)'            | 24     | 16     | 35     | -      | 35     | 1    | 0    | 1    | -    | -     | 1    | 0    | 
|dsp48e1_wrapper_5137                                                                            | Dynamic               | -      | -      | -      | -      | 40     | -    | -    | -    | -    | 0     | 1    | 0    | 
|dsp48e1_wrapper__parameterized0_5087                                                            | C'+(A'*B)'            | 24     | 16     | 35     | -      | 35     | 1    | 0    | 1    | -    | -     | 1    | 0    | 
|dsp48e1_wrapper_5060                                                                            | Dynamic               | -      | -      | -      | -      | 40     | -    | -    | -    | -    | 0     | 1    | 0    | 
|dsp48e1_wrapper__parameterized0_5010                                                            | C'+(A'*B)'            | 24     | 16     | 35     | -      | 35     | 1    | 0    | 1    | -    | -     | 1    | 0    | 
|dsp48e1_wrapper_4983                                                                            | Dynamic               | -      | -      | -      | -      | 40     | -    | -    | -    | -    | 0     | 1    | 0    | 
|dsp48e1_wrapper__parameterized0_4933                                                            | C'+(A'*B)'            | 24     | 16     | 35     | -      | 35     | 1    | 0    | 1    | -    | -     | 1    | 0    | 
|dsp48e1_wrapper_4906                                                                            | Dynamic               | -      | -      | -      | -      | 40     | -    | -    | -    | -    | 0     | 1    | 0    | 
|dsp48e1_wrapper__parameterized0_4856                                                            | C'+(A'*B)'            | 24     | 16     | 35     | -      | 35     | 1    | 0    | 1    | -    | -     | 1    | 0    | 
|dsp48e1_wrapper_4829                                                                            | Dynamic               | -      | -      | -      | -      | 40     | -    | -    | -    | -    | 0     | 1    | 0    | 
|dsp48e1_wrapper__parameterized0_4779                                                            | C'+(A'*B)'            | 24     | 16     | 35     | -      | 35     | 1    | 0    | 1    | -    | -     | 1    | 0    | 
|dsp48e1_wrapper_4752                                                                            | Dynamic               | -      | -      | -      | -      | 40     | -    | -    | -    | -    | 0     | 1    | 0    | 
|dsp48e1_wrapper__parameterized0_4702                                                            | C'+(A'*B)'            | 24     | 16     | 35     | -      | 35     | 1    | 0    | 1    | -    | -     | 1    | 0    | 
|dsp48e1_wrapper__parameterized1_4660                                                            | (A*B)'                | 24     | 17     | -      | -      | 41     | 0    | 0    | -    | -    | -     | 1    | 0    | 
|dsp48e1_wrapper__parameterized2_4661                                                            | (PCIN>>17+A'*B')'     | 0      | 7      | -      | -      | 31     | 1    | 1    | -    | -    | -     | 0    | 1    | 
|dsp48e1_wrapper__parameterized3_4657                                                            | PCIN+A:B+C'           | 22     | 0      | -      | -      | 48     | 0    | 0    | -    | -    | -     | 0    | 0    | 
|dsp48e1_wrapper__parameterized1_4617                                                            | (A*B)'                | 24     | 17     | -      | -      | 41     | 0    | 0    | -    | -    | -     | 1    | 0    | 
|dsp48e1_wrapper__parameterized2_4618                                                            | (PCIN>>17+A'*B')'     | 0      | 7      | -      | -      | 31     | 1    | 1    | -    | -    | -     | 0    | 1    | 
|dsp48e1_wrapper__parameterized3_4614                                                            | PCIN+A:B+C'           | 22     | 0      | -      | -      | 48     | 0    | 0    | -    | -    | -     | 0    | 0    | 
|dsp48e1_wrapper__parameterized1_4574                                                            | (A*B)'                | 24     | 17     | -      | -      | 41     | 0    | 0    | -    | -    | -     | 1    | 0    | 
|dsp48e1_wrapper__parameterized2_4575                                                            | (PCIN>>17+A'*B')'     | 0      | 7      | -      | -      | 31     | 1    | 1    | -    | -    | -     | 0    | 1    | 
|dsp48e1_wrapper__parameterized3_4571                                                            | PCIN+A:B+C'           | 22     | 0      | -      | -      | 48     | 0    | 0    | -    | -    | -     | 0    | 0    | 
|dsp48e1_wrapper__parameterized1_4531                                                            | (A*B)'                | 24     | 17     | -      | -      | 41     | 0    | 0    | -    | -    | -     | 1    | 0    | 
|dsp48e1_wrapper__parameterized2_4532                                                            | (PCIN>>17+A'*B')'     | 0      | 7      | -      | -      | 31     | 1    | 1    | -    | -    | -     | 0    | 1    | 
|dsp48e1_wrapper__parameterized3_4528                                                            | PCIN+A:B+C'           | 22     | 0      | -      | -      | 48     | 0    | 0    | -    | -    | -     | 0    | 0    | 
|dsp48e1_wrapper__parameterized1_4488                                                            | (A*B)'                | 24     | 17     | -      | -      | 41     | 0    | 0    | -    | -    | -     | 1    | 0    | 
|dsp48e1_wrapper__parameterized2_4489                                                            | (PCIN>>17+A'*B')'     | 0      | 7      | -      | -      | 31     | 1    | 1    | -    | -    | -     | 0    | 1    | 
|dsp48e1_wrapper__parameterized3_4485                                                            | PCIN+A:B+C'           | 22     | 0      | -      | -      | 48     | 0    | 0    | -    | -    | -     | 0    | 0    | 
|dsp48e1_wrapper__parameterized1_4445                                                            | (A*B)'                | 24     | 17     | -      | -      | 41     | 0    | 0    | -    | -    | -     | 1    | 0    | 
|dsp48e1_wrapper__parameterized2_4446                                                            | (PCIN>>17+A'*B')'     | 0      | 7      | -      | -      | 31     | 1    | 1    | -    | -    | -     | 0    | 1    | 
|dsp48e1_wrapper__parameterized3_4442                                                            | PCIN+A:B+C'           | 22     | 0      | -      | -      | 48     | 0    | 0    | -    | -    | -     | 0    | 0    | 
|ImageRenderHLS_RenderTiledFragBuff2_Uniforms_InTextures_OutTextures_s__GC0                      | (PCIN>>17+A'*B')'     | 17     | 14     | -      | -      | 48     | 1    | 1    | -    | -    | -     | 0    | 1    | 
|ImageRenderHLS_RenderTiledFragBuff2_Uniforms_InTextures_OutTextures_s__GC0                      | (PCIN>>17+A'*B')'     | 14     | 14     | -      | -      | 48     | 1    | 1    | -    | -    | -     | 0    | 1    | 
|ImageRenderHLS_RenderTiledFragBuff2_Pipeline_depthrendererbase_sync_outtexture_y_loop_depthrend | (PCIN>>17+A'*B'')'    | 15     | 15     | -      | -      | 48     | 1    | 2    | -    | -    | -     | 0    | 1    | 
|ImageRenderHLS_RenderTiledFragBuff2_Pipeline_depthrendererbase_sync_outtexture_y_loop_depthrend | (PCIN>>17+A*B'')'     | 0      | 15     | -      | -      | 48     | 0    | 2    | -    | -    | -     | 0    | 1    | 
|ImageRenderHLS_mac_muladd_13s_13s_13ns_13_4_1_DSP48_0                                           | (C'+(A'*B'')')'       | 30     | 18     | 13     | -      | 13     | 1    | 2    | 1    | -    | -     | 1    | 1    | 
|ImageRenderHLS_RenderTiledFragBuff2_Pipeline_depthrendererbase_sync_outtexture_y_loop_depthrend | A''*B'                | 17     | 15     | -      | -      | 48     | 2    | 1    | -    | -    | -     | 0    | 0    | 
|ImageRenderHLS_RenderTiledFragBuff2_Pipeline_depthrendererbase_sync_outtexture_y_loop_depthrend | A'*B''                | 17     | 17     | -      | -      | 48     | 1    | 2    | -    | -    | -     | 0    | 0    | 
|dsp48e1_wrapper_4070                                                                            | Dynamic               | -      | -      | -      | -      | 40     | -    | -    | -    | -    | 0     | 1    | 0    | 
|dsp48e1_wrapper__parameterized0_4020                                                            | C'+(A'*B)'            | 24     | 16     | 35     | -      | 35     | 1    | 0    | 1    | -    | -     | 1    | 0    | 
|dsp48e1_wrapper_3993                                                                            | Dynamic               | -      | -      | -      | -      | 40     | -    | -    | -    | -    | 0     | 1    | 0    | 
|dsp48e1_wrapper__parameterized0_3943                                                            | C'+(A'*B)'            | 24     | 16     | 35     | -      | 35     | 1    | 0    | 1    | -    | -     | 1    | 0    | 
|dsp48e1_wrapper_3916                                                                            | Dynamic               | -      | -      | -      | -      | 40     | -    | -    | -    | -    | 0     | 1    | 0    | 
|dsp48e1_wrapper__parameterized0_3866                                                            | C'+(A'*B)'            | 24     | 16     | 35     | -      | 35     | 1    | 0    | 1    | -    | -     | 1    | 0    | 
|dsp48e1_wrapper_3839                                                                            | Dynamic               | -      | -      | -      | -      | 40     | -    | -    | -    | -    | 0     | 1    | 0    | 
|dsp48e1_wrapper__parameterized0_3789                                                            | C'+(A'*B)'            | 24     | 16     | 35     | -      | 35     | 1    | 0    | 1    | -    | -     | 1    | 0    | 
|dsp48e1_wrapper_3762                                                                            | Dynamic               | -      | -      | -      | -      | 40     | -    | -    | -    | -    | 0     | 1    | 0    | 
|dsp48e1_wrapper__parameterized0_3712                                                            | C'+(A'*B)'            | 24     | 16     | 35     | -      | 35     | 1    | 0    | 1    | -    | -     | 1    | 0    | 
|dsp48e1_wrapper_3685                                                                            | Dynamic               | -      | -      | -      | -      | 40     | -    | -    | -    | -    | 0     | 1    | 0    | 
|dsp48e1_wrapper__parameterized0_3635                                                            | C'+(A'*B)'            | 24     | 16     | 35     | -      | 35     | 1    | 0    | 1    | -    | -     | 1    | 0    | 
|dsp48e1_wrapper_3609                                                                            | Dynamic               | -      | -      | -      | -      | 40     | -    | -    | -    | -    | 0     | 1    | 0    | 
|dsp48e1_wrapper__parameterized0_3565                                                            | C'+(A'*B)'            | 24     | 16     | 35     | -      | 35     | 1    | 0    | 1    | -    | -     | 1    | 0    | 
|dsp48e1_wrapper_3540                                                                            | Dynamic               | -      | -      | -      | -      | 40     | -    | -    | -    | -    | 0     | 1    | 0    | 
|dsp48e1_wrapper__parameterized0_3496                                                            | C'+(A'*B)'            | 24     | 16     | 35     | -      | 35     | 1    | 0    | 1    | -    | -     | 1    | 0    | 
|dsp48e1_wrapper_3470                                                                            | Dynamic               | -      | -      | -      | -      | 40     | -    | -    | -    | -    | 0     | 1    | 0    | 
|dsp48e1_wrapper__parameterized0_3420                                                            | C'+(A'*B)'            | 24     | 16     | 35     | -      | 35     | 1    | 0    | 1    | -    | -     | 1    | 0    | 
|dsp48e1_wrapper_3393                                                                            | Dynamic               | -      | -      | -      | -      | 40     | -    | -    | -    | -    | 0     | 1    | 0    | 
|dsp48e1_wrapper__parameterized0_3343                                                            | C'+(A'*B)'            | 24     | 16     | 35     | -      | 35     | 1    | 0    | 1    | -    | -     | 1    | 0    | 
|dsp48e1_wrapper_3316                                                                            | Dynamic               | -      | -      | -      | -      | 40     | -    | -    | -    | -    | 0     | 1    | 0    | 
|dsp48e1_wrapper__parameterized0_3266                                                            | C'+(A'*B)'            | 24     | 16     | 35     | -      | 35     | 1    | 0    | 1    | -    | -     | 1    | 0    | 
|dsp48e1_wrapper_3240                                                                            | Dynamic               | -      | -      | -      | -      | 40     | -    | -    | -    | -    | 0     | 1    | 0    | 
|dsp48e1_wrapper__parameterized0_3194                                                            | C'+(A'*B)'            | 24     | 16     | 35     | -      | 35     | 1    | 0    | 1    | -    | -     | 1    | 0    | 
|dsp48e1_wrapper_3168                                                                            | Dynamic               | -      | -      | -      | -      | 40     | -    | -    | -    | -    | 0     | 1    | 0    | 
|dsp48e1_wrapper__parameterized0_3118                                                            | C'+(A'*B)'            | 24     | 16     | 35     | -      | 35     | 1    | 0    | 1    | -    | -     | 1    | 0    | 
|dsp48e1_wrapper_3091                                                                            | Dynamic               | -      | -      | -      | -      | 40     | -    | -    | -    | -    | 0     | 1    | 0    | 
|dsp48e1_wrapper__parameterized0_3041                                                            | C'+(A'*B)'            | 24     | 16     | 35     | -      | 35     | 1    | 0    | 1    | -    | -     | 1    | 0    | 
|dsp48e1_wrapper_3014                                                                            | Dynamic               | -      | -      | -      | -      | 40     | -    | -    | -    | -    | 0     | 1    | 0    | 
|dsp48e1_wrapper__parameterized0_2964                                                            | C'+(A'*B)'            | 24     | 16     | 35     | -      | 35     | 1    | 0    | 1    | -    | -     | 1    | 0    | 
|dsp48e1_wrapper_2937                                                                            | Dynamic               | -      | -      | -      | -      | 40     | -    | -    | -    | -    | 0     | 1    | 0    | 
|dsp48e1_wrapper__parameterized0_2887                                                            | C'+(A'*B)'            | 24     | 16     | 35     | -      | 35     | 1    | 0    | 1    | -    | -     | 1    | 0    | 
|dsp48e1_wrapper_2860                                                                            | Dynamic               | -      | -      | -      | -      | 40     | -    | -    | -    | -    | 0     | 1    | 0    | 
|dsp48e1_wrapper__parameterized0_2810                                                            | C'+(A'*B)'            | 24     | 16     | 35     | -      | 35     | 1    | 0    | 1    | -    | -     | 1    | 0    | 
|dsp48e1_wrapper_2783                                                                            | Dynamic               | -      | -      | -      | -      | 40     | -    | -    | -    | -    | 0     | 1    | 0    | 
|dsp48e1_wrapper__parameterized0_2733                                                            | C'+(A'*B)'            | 24     | 16     | 35     | -      | 35     | 1    | 0    | 1    | -    | -     | 1    | 0    | 
|dsp48e1_wrapper_2706                                                                            | Dynamic               | -      | -      | -      | -      | 40     | -    | -    | -    | -    | 0     | 1    | 0    | 
|dsp48e1_wrapper__parameterized0_2656                                                            | C'+(A'*B)'            | 24     | 16     | 35     | -      | 35     | 1    | 0    | 1    | -    | -     | 1    | 0    | 
|dsp48e1_wrapper_2629                                                                            | Dynamic               | -      | -      | -      | -      | 40     | -    | -    | -    | -    | 0     | 1    | 0    | 
|dsp48e1_wrapper__parameterized0_2579                                                            | C'+(A'*B)'            | 24     | 16     | 35     | -      | 35     | 1    | 0    | 1    | -    | -     | 1    | 0    | 
|dsp48e1_wrapper_2553                                                                            | Dynamic               | -      | -      | -      | -      | 40     | -    | -    | -    | -    | 0     | 1    | 0    | 
|dsp48e1_wrapper__parameterized0_2507                                                            | C'+(A'*B)'            | 24     | 16     | 35     | -      | 35     | 1    | 0    | 1    | -    | -     | 1    | 0    | 
|dsp48e1_wrapper_2482                                                                            | Dynamic               | -      | -      | -      | -      | 40     | -    | -    | -    | -    | 0     | 1    | 0    | 
|dsp48e1_wrapper__parameterized0_2436                                                            | C'+(A'*B)'            | 24     | 16     | 35     | -      | 35     | 1    | 0    | 1    | -    | -     | 1    | 0    | 
|dsp48e1_wrapper_2411                                                                            | Dynamic               | -      | -      | -      | -      | 40     | -    | -    | -    | -    | 0     | 1    | 0    | 
|dsp48e1_wrapper__parameterized0_2367                                                            | C'+(A'*B)'            | 24     | 16     | 35     | -      | 35     | 1    | 0    | 1    | -    | -     | 1    | 0    | 
|dsp48e1_wrapper_2342                                                                            | Dynamic               | -      | -      | -      | -      | 40     | -    | -    | -    | -    | 0     | 1    | 0    | 
|dsp48e1_wrapper__parameterized0_2298                                                            | C'+(A'*B)'            | 24     | 16     | 35     | -      | 35     | 1    | 0    | 1    | -    | -     | 1    | 0    | 
|dsp48e1_wrapper__parameterized1_2256                                                            | (A*B)'                | 24     | 17     | -      | -      | 41     | 0    | 0    | -    | -    | -     | 1    | 0    | 
|dsp48e1_wrapper__parameterized2_2257                                                            | (PCIN>>17+A'*B')'     | 0      | 7      | -      | -      | 31     | 1    | 1    | -    | -    | -     | 0    | 1    | 
|dsp48e1_wrapper__parameterized3_2253                                                            | PCIN+A:B+C'           | 22     | 0      | -      | -      | 48     | 0    | 0    | -    | -    | -     | 0    | 0    | 
|dsp48e1_wrapper__parameterized1_2213                                                            | (A*B)'                | 24     | 17     | -      | -      | 41     | 0    | 0    | -    | -    | -     | 1    | 0    | 
|dsp48e1_wrapper__parameterized2_2214                                                            | (PCIN>>17+A'*B')'     | 0      | 7      | -      | -      | 31     | 1    | 1    | -    | -    | -     | 0    | 1    | 
|dsp48e1_wrapper__parameterized3_2210                                                            | PCIN+A:B+C'           | 22     | 0      | -      | -      | 48     | 0    | 0    | -    | -    | -     | 0    | 0    | 
|dsp48e1_wrapper__parameterized1_2170                                                            | (A*B)'                | 24     | 17     | -      | -      | 41     | 0    | 0    | -    | -    | -     | 1    | 0    | 
|dsp48e1_wrapper__parameterized2_2171                                                            | (PCIN>>17+A'*B')'     | 0      | 7      | -      | -      | 31     | 1    | 1    | -    | -    | -     | 0    | 1    | 
|dsp48e1_wrapper__parameterized3_2167                                                            | PCIN+A:B+C'           | 22     | 0      | -      | -      | 48     | 0    | 0    | -    | -    | -     | 0    | 0    | 
|dsp48e1_wrapper__parameterized1_2127                                                            | (A*B)'                | 24     | 17     | -      | -      | 41     | 0    | 0    | -    | -    | -     | 1    | 0    | 
|dsp48e1_wrapper__parameterized2_2128                                                            | (PCIN>>17+A'*B')'     | 0      | 7      | -      | -      | 31     | 1    | 1    | -    | -    | -     | 0    | 1    | 
|dsp48e1_wrapper__parameterized3_2124                                                            | PCIN+A:B+C'           | 22     | 0      | -      | -      | 48     | 0    | 0    | -    | -    | -     | 0    | 0    | 
|dsp48e1_wrapper__parameterized1_2084                                                            | (A*B)'                | 24     | 17     | -      | -      | 41     | 0    | 0    | -    | -    | -     | 1    | 0    | 
|dsp48e1_wrapper__parameterized2_2085                                                            | (PCIN>>17+A'*B')'     | 0      | 7      | -      | -      | 31     | 1    | 1    | -    | -    | -     | 0    | 1    | 
|dsp48e1_wrapper__parameterized3_2081                                                            | PCIN+A:B+C'           | 22     | 0      | -      | -      | 48     | 0    | 0    | -    | -    | -     | 0    | 0    | 
|dsp48e1_wrapper__parameterized1_2041                                                            | (A*B)'                | 24     | 17     | -      | -      | 41     | 0    | 0    | -    | -    | -     | 1    | 0    | 
|dsp48e1_wrapper__parameterized2_2042                                                            | (PCIN>>17+A'*B')'     | 0      | 7      | -      | -      | 31     | 1    | 1    | -    | -    | -     | 0    | 1    | 
|dsp48e1_wrapper__parameterized3_2038                                                            | PCIN+A:B+C'           | 22     | 0      | -      | -      | 48     | 0    | 0    | -    | -    | -     | 0    | 0    | 
|dsp48e1_wrapper__parameterized1_1998                                                            | (A*B)'                | 24     | 17     | -      | -      | 41     | 0    | 0    | -    | -    | -     | 1    | 0    | 
|dsp48e1_wrapper__parameterized2_1999                                                            | (PCIN>>17+A'*B')'     | 0      | 7      | -      | -      | 31     | 1    | 1    | -    | -    | -     | 0    | 1    | 
|dsp48e1_wrapper__parameterized3_1995                                                            | PCIN+A:B+C'           | 22     | 0      | -      | -      | 48     | 0    | 0    | -    | -    | -     | 0    | 0    | 
|dsp48e1_wrapper__parameterized1_1960                                                            | (A*B)'                | 24     | 0      | -      | -      | 41     | 0    | 0    | -    | -    | -     | 1    | 0    | 
|dsp48e1_wrapper__parameterized2_1961                                                            | (PCIN>>17+A'*B')'     | 0      | 7      | -      | -      | 31     | 1    | 1    | -    | -    | -     | 0    | 1    | 
|dsp48e1_wrapper__parameterized3_1957                                                            | PCIN+A:B+C'           | 22     | 0      | -      | -      | 48     | 0    | 0    | -    | -    | -     | 0    | 0    | 
|dsp48e1_wrapper__parameterized1_1922                                                            | (A*B)'                | 24     | 0      | -      | -      | 41     | 0    | 0    | -    | -    | -     | 1    | 0    | 
|dsp48e1_wrapper__parameterized2_1923                                                            | (PCIN>>17+A'*B')'     | 0      | 7      | -      | -      | 31     | 1    | 1    | -    | -    | -     | 0    | 1    | 
|dsp48e1_wrapper__parameterized3_1919                                                            | PCIN+A:B+C'           | 22     | 0      | -      | -      | 48     | 0    | 0    | -    | -    | -     | 0    | 0    | 
|dsp48e1_wrapper__parameterized1_1879                                                            | (A*B)'                | 24     | 17     | -      | -      | 41     | 0    | 0    | -    | -    | -     | 1    | 0    | 
|dsp48e1_wrapper__parameterized2_1880                                                            | (PCIN>>17+A'*B')'     | 0      | 7      | -      | -      | 31     | 1    | 1    | -    | -    | -     | 0    | 1    | 
|dsp48e1_wrapper__parameterized3_1876                                                            | PCIN+A:B+C'           | 22     | 0      | -      | -      | 48     | 0    | 0    | -    | -    | -     | 0    | 0    | 
|dsp48e1_wrapper__parameterized1_1836                                                            | (A*B)'                | 24     | 17     | -      | -      | 41     | 0    | 0    | -    | -    | -     | 1    | 0    | 
|dsp48e1_wrapper__parameterized2_1837                                                            | (PCIN>>17+A'*B')'     | 0      | 7      | -      | -      | 31     | 1    | 1    | -    | -    | -     | 0    | 1    | 
|dsp48e1_wrapper__parameterized3_1833                                                            | PCIN+A:B+C'           | 22     | 0      | -      | -      | 48     | 0    | 0    | -    | -    | -     | 0    | 0    | 
|dsp48e1_wrapper__parameterized1_1793                                                            | (A*B)'                | 24     | 17     | -      | -      | 41     | 0    | 0    | -    | -    | -     | 1    | 0    | 
|dsp48e1_wrapper__parameterized2_1794                                                            | (PCIN>>17+A'*B')'     | 0      | 7      | -      | -      | 31     | 1    | 1    | -    | -    | -     | 0    | 1    | 
|dsp48e1_wrapper__parameterized3_1790                                                            | PCIN+A:B+C'           | 22     | 0      | -      | -      | 48     | 0    | 0    | -    | -    | -     | 0    | 0    | 
|dsp48e1_wrapper__parameterized1_1755                                                            | (A*B)'                | 24     | 11     | -      | -      | 41     | 0    | 0    | -    | -    | -     | 1    | 0    | 
|dsp48e1_wrapper__parameterized2_1756                                                            | (PCIN>>17+A'*B')'     | 0      | 7      | -      | -      | 31     | 1    | 1    | -    | -    | -     | 0    | 1    | 
|dsp48e1_wrapper__parameterized3_1752                                                            | PCIN+A:B+C'           | 22     | 0      | -      | -      | 48     | 0    | 0    | -    | -    | -     | 0    | 0    | 
|dsp48e1_wrapper__parameterized1_1717                                                            | (A*B)'                | 24     | 0      | -      | -      | 41     | 0    | 0    | -    | -    | -     | 1    | 0    | 
|dsp48e1_wrapper__parameterized2_1718                                                            | (PCIN>>17+A'*B')'     | 0      | 7      | -      | -      | 31     | 1    | 1    | -    | -    | -     | 0    | 1    | 
|dsp48e1_wrapper__parameterized3_1714                                                            | PCIN+A:B+C'           | 22     | 0      | -      | -      | 48     | 0    | 0    | -    | -    | -     | 0    | 0    | 
|dsp48e1_wrapper__parameterized1_1679                                                            | (A*B)'                | 24     | 17     | -      | -      | 41     | 0    | 0    | -    | -    | -     | 1    | 0    | 
|dsp48e1_wrapper__parameterized2_1680                                                            | (PCIN>>17+A'*B')'     | 0      | 7      | -      | -      | 31     | 1    | 1    | -    | -    | -     | 0    | 1    | 
|dsp48e1_wrapper__parameterized3_1676                                                            | PCIN+A:B+C'           | 22     | 0      | -      | -      | 48     | 0    | 0    | -    | -    | -     | 0    | 0    | 
|dsp48e1_wrapper__parameterized1_1636                                                            | (A*B)'                | 24     | 17     | -      | -      | 41     | 0    | 0    | -    | -    | -     | 1    | 0    | 
|dsp48e1_wrapper__parameterized2_1637                                                            | (PCIN>>17+A'*B')'     | 0      | 7      | -      | -      | 31     | 1    | 1    | -    | -    | -     | 0    | 1    | 
|dsp48e1_wrapper__parameterized3_1633                                                            | PCIN+A:B+C'           | 22     | 0      | -      | -      | 48     | 0    | 0    | -    | -    | -     | 0    | 0    | 
|dsp48e1_wrapper__parameterized1_1593                                                            | (A*B)'                | 24     | 17     | -      | -      | 41     | 0    | 0    | -    | -    | -     | 1    | 0    | 
|dsp48e1_wrapper__parameterized2_1594                                                            | (PCIN>>17+A'*B')'     | 0      | 7      | -      | -      | 31     | 1    | 1    | -    | -    | -     | 0    | 1    | 
|dsp48e1_wrapper__parameterized3_1590                                                            | PCIN+A:B+C'           | 22     | 0      | -      | -      | 48     | 0    | 0    | -    | -    | -     | 0    | 0    | 
|dsp48e1_wrapper__parameterized1_1550                                                            | (A*B)'                | 24     | 17     | -      | -      | 41     | 0    | 0    | -    | -    | -     | 1    | 0    | 
|dsp48e1_wrapper__parameterized2_1551                                                            | (PCIN>>17+A'*B')'     | 0      | 7      | -      | -      | 31     | 1    | 1    | -    | -    | -     | 0    | 1    | 
|dsp48e1_wrapper__parameterized3_1547                                                            | PCIN+A:B+C'           | 22     | 0      | -      | -      | 48     | 0    | 0    | -    | -    | -     | 0    | 0    | 
|dsp48e1_wrapper__parameterized1_1512                                                            | (A*B)'                | 24     | 0      | -      | -      | 41     | 0    | 0    | -    | -    | -     | 1    | 0    | 
|dsp48e1_wrapper__parameterized2_1513                                                            | (PCIN>>17+A'*B')'     | 0      | 7      | -      | -      | 31     | 1    | 1    | -    | -    | -     | 0    | 1    | 
|dsp48e1_wrapper__parameterized3_1509                                                            | PCIN+A:B+C'           | 22     | 0      | -      | -      | 48     | 0    | 0    | -    | -    | -     | 0    | 0    | 
|dsp48e1_wrapper__parameterized1_1474                                                            | (A*B)'                | 24     | 0      | -      | -      | 41     | 0    | 0    | -    | -    | -     | 1    | 0    | 
|dsp48e1_wrapper__parameterized2_1475                                                            | (PCIN>>17+A'*B')'     | 0      | 7      | -      | -      | 31     | 1    | 1    | -    | -    | -     | 0    | 1    | 
|dsp48e1_wrapper__parameterized3_1471                                                            | PCIN+A:B+C'           | 22     | 0      | -      | -      | 48     | 0    | 0    | -    | -    | -     | 0    | 0    | 
|dsp48e1_wrapper__parameterized1_1431                                                            | (A*B)'                | 24     | 17     | -      | -      | 41     | 0    | 0    | -    | -    | -     | 1    | 0    | 
|dsp48e1_wrapper__parameterized2_1432                                                            | (PCIN>>17+A'*B')'     | 0      | 7      | -      | -      | 31     | 1    | 1    | -    | -    | -     | 0    | 1    | 
|dsp48e1_wrapper__parameterized3_1428                                                            | PCIN+A:B+C'           | 22     | 0      | -      | -      | 48     | 0    | 0    | -    | -    | -     | 0    | 0    | 
|dsp48e1_wrapper__parameterized1_1388                                                            | (A*B)'                | 24     | 17     | -      | -      | 41     | 0    | 0    | -    | -    | -     | 1    | 0    | 
|dsp48e1_wrapper__parameterized2_1389                                                            | (PCIN>>17+A'*B')'     | 0      | 7      | -      | -      | 31     | 1    | 1    | -    | -    | -     | 0    | 1    | 
|dsp48e1_wrapper__parameterized3_1385                                                            | PCIN+A:B+C'           | 22     | 0      | -      | -      | 48     | 0    | 0    | -    | -    | -     | 0    | 0    | 
|ImageRenderHLS_draw_triangle_InTextures_Uniforms_Fragment_s__GC0                                | (PCIN>>17+A'*B')'     | 14     | 14     | -      | -      | 48     | 1    | 1    | -    | -    | -     | 0    | 1    | 
|ImageRenderHLS_draw_triangle_InTextures_Uniforms_Fragment_s__GC0                                | (PCIN>>17+A'*B')'     | 17     | 14     | -      | -      | 48     | 1    | 1    | -    | -    | -     | 0    | 1    | 
|ImageRenderHLS_draw_triangle_Pipeline_draw_triangle_y_loop_draw_triangle_x_loop__GC0            | (C'+((D'-A')'*B'')')' | 13     | 18     | 13     | 13     | 13     | 1    | 2    | 1    | 1    | 1     | 1    | 1    | 
|ImageRenderHLS_fragment_shader__GB0                                                             | (PCIN>>17+A''*B')'    | 15     | 14     | -      | -      | 48     | 2    | 1    | -    | -    | -     | 0    | 1    | 
|ImageRenderHLS_fragment_shader__GB0                                                             | (PCIN>>17+A'*B'')'    | 17     | 15     | -      | -      | 48     | 1    | 2    | -    | -    | -     | 0    | 1    | 
|dsp48e1_wrapper_1184                                                                            | Dynamic               | -      | -      | -      | -      | 40     | -    | -    | -    | -    | 0     | 1    | 0    | 
|dsp48e1_wrapper__parameterized0_1134                                                            | C'+(A'*B)'            | 24     | 16     | 35     | -      | 35     | 1    | 0    | 1    | -    | -     | 1    | 0    | 
|dsp48e1_wrapper_1107                                                                            | Dynamic               | -      | -      | -      | -      | 40     | -    | -    | -    | -    | 0     | 1    | 0    | 
|dsp48e1_wrapper__parameterized0_1057                                                            | C'+(A'*B)'            | 24     | 16     | 35     | -      | 35     | 1    | 0    | 1    | -    | -     | 1    | 0    | 
|dsp48e1_wrapper_1031                                                                            | Dynamic               | -      | -      | -      | -      | 40     | -    | -    | -    | -    | 0     | 1    | 0    | 
|dsp48e1_wrapper__parameterized0_983                                                             | C'+(A'*B)'            | 24     | 16     | 35     | -      | 35     | 1    | 0    | 1    | -    | -     | 1    | 0    | 
|dsp48e1_wrapper_958                                                                             | Dynamic               | -      | -      | -      | -      | 40     | -    | -    | -    | -    | 0     | 1    | 0    | 
|dsp48e1_wrapper__parameterized0_910                                                             | C'+(A'*B)'            | 24     | 16     | 35     | -      | 35     | 1    | 0    | 1    | -    | -     | 1    | 0    | 
|dsp48e1_wrapper                                                                                 | Dynamic               | -      | -      | -      | -      | 40     | -    | -    | -    | -    | 0     | 1    | 0    | 
|dsp48e1_wrapper__parameterized0                                                                 | C'+(A'*B)'            | 24     | 16     | 35     | -      | 35     | 1    | 0    | 1    | -    | -     | 1    | 0    | 
|dsp48e1_wrapper__parameterized6                                                                 | C'+(D'+A'*B')'        | 6      | 17     | 43     | 16     | 43     | 1    | 1    | 1    | 1    | 0     | 1    | 0    | 
|dsp48e1_wrapper__parameterized5_494                                                             | Dynamic               | -      | -      | -      | -      | 48     | -    | -    | -    | -    | -     | 0    | 1    | 
|dsp48e1_wrapper__parameterized5_493                                                             | Dynamic               | -      | -      | -      | -      | 48     | -    | -    | -    | -    | -     | 0    | 1    | 
|dsp48e1_wrapper__parameterized5                                                                 | Dynamic               | -      | -      | -      | -      | 48     | -    | -    | -    | -    | -     | 0    | 1    | 
|dsp48e1_wrapper__parameterized4_489                                                             | (C+A:B)'              | 0      | 6      | 0      | -      | 48     | 0    | 0    | 0    | -    | -     | 0    | 1    | 
|dsp48e1_wrapper__parameterized4                                                                 | (C+A:B)'              | 30     | 18     | 48     | -      | 48     | 0    | 0    | 0    | -    | -     | 0    | 1    | 
|dsp48e1_wrapper__parameterized7                                                                 | Dynamic               | -      | -      | -      | -      | 48     | -    | -    | -    | -    | -     | 0    | 0    | 
|dsp48e1_wrapper__parameterized1_431                                                             | (A*B)'                | 24     | 17     | -      | -      | 41     | 0    | 0    | -    | -    | -     | 1    | 0    | 
|dsp48e1_wrapper__parameterized2_432                                                             | (PCIN>>17+A'*B')'     | 0      | 7      | -      | -      | 31     | 1    | 1    | -    | -    | -     | 0    | 1    | 
|dsp48e1_wrapper__parameterized3_428                                                             | PCIN+A:B+C'           | 22     | 0      | -      | -      | 48     | 0    | 0    | -    | -    | -     | 0    | 0    | 
|dsp48e1_wrapper__parameterized1_388                                                             | (A*B)'                | 24     | 17     | -      | -      | 41     | 0    | 0    | -    | -    | -     | 1    | 0    | 
|dsp48e1_wrapper__parameterized2_389                                                             | (PCIN>>17+A'*B')'     | 0      | 7      | -      | -      | 31     | 1    | 1    | -    | -    | -     | 0    | 1    | 
|dsp48e1_wrapper__parameterized3_385                                                             | PCIN+A:B+C'           | 22     | 0      | -      | -      | 48     | 0    | 0    | -    | -    | -     | 0    | 0    | 
|dsp48e1_wrapper__parameterized1_345                                                             | (A*B)'                | 24     | 17     | -      | -      | 41     | 0    | 0    | -    | -    | -     | 1    | 0    | 
|dsp48e1_wrapper__parameterized2_346                                                             | (PCIN>>17+A'*B')'     | 0      | 7      | -      | -      | 31     | 1    | 1    | -    | -    | -     | 0    | 1    | 
|dsp48e1_wrapper__parameterized3_342                                                             | PCIN+A:B+C'           | 22     | 0      | -      | -      | 48     | 0    | 0    | -    | -    | -     | 0    | 0    | 
|dsp48e1_wrapper__parameterized1_302                                                             | (A*B)'                | 24     | 17     | -      | -      | 41     | 0    | 0    | -    | -    | -     | 1    | 0    | 
|dsp48e1_wrapper__parameterized2_303                                                             | (PCIN>>17+A'*B')'     | 0      | 7      | -      | -      | 31     | 1    | 1    | -    | -    | -     | 0    | 1    | 
|dsp48e1_wrapper__parameterized3_299                                                             | PCIN+A:B+C'           | 22     | 0      | -      | -      | 48     | 0    | 0    | -    | -    | -     | 0    | 0    | 
|dsp48e1_wrapper__parameterized1                                                                 | (A*B)'                | 24     | 17     | -      | -      | 41     | 0    | 0    | -    | -    | -     | 1    | 0    | 
|dsp48e1_wrapper__parameterized2                                                                 | (PCIN>>17+A'*B')'     | 0      | 7      | -      | -      | 31     | 1    | 1    | -    | -    | -     | 0    | 1    | 
|dsp48e1_wrapper__parameterized3                                                                 | PCIN+A:B+C'           | 22     | 0      | -      | -      | 48     | 0    | 0    | -    | -    | -     | 0    | 0    | 
|ImageRenderHLS_fragment_shader__GB0                                                             | A''*B'                | 17     | 14     | -      | -      | 48     | 2    | 1    | -    | -    | -     | 0    | 0    | 
|ImageRenderHLS_fragment_shader__GB0                                                             | A'*B''                | 17     | 17     | -      | -      | 48     | 1    | 2    | -    | -    | -     | 0    | 0    | 
|ImageRenderHLS_draw_triangle_InTextures_Uniforms_Fragment_s__GC0                                | A'*B'                 | 17     | 14     | -      | -      | 48     | 1    | 1    | -    | -    | -     | 0    | 0    | 
|ImageRenderHLS_draw_triangle_InTextures_Uniforms_Fragment_s__GC0                                | A'*B'                 | 17     | 17     | -      | -      | 48     | 1    | 1    | -    | -    | -     | 0    | 0    | 
|ImageRenderHLS_RenderTiledFragBuff2_Uniforms_InTextures_OutTextures_s__GC0                      | A'*B'                 | 17     | 17     | -      | -      | 48     | 1    | 1    | -    | -    | -     | 0    | 0    | 
|ImageRenderHLS_RenderTiledFragBuff2_Uniforms_InTextures_OutTextures_s__GC0                      | A'*B'                 | 17     | 14     | -      | -      | 48     | 1    | 1    | -    | -    | -     | 0    | 0    | 
+------------------------------------------------------------------------------------------------+-----------------------+--------+--------+--------+--------+--------+------+------+------+------+-------+------+------+


Report BlackBoxes: 
+-+--------------+----------+
| |BlackBox name |Instances |
+-+--------------+----------+
+-+--------------+----------+

Report Cell Usage: 
+------+----------------+------+
|      |Cell            |Count |
+------+----------------+------+
|1     |CARRY8          |   446|
|2     |DSP48E1         |   182|
|3     |DSP_ALU         |    18|
|5     |DSP_A_B_DATA    |    18|
|9     |DSP_C_DATA      |    18|
|10    |DSP_MULTIPLIER  |    18|
|12    |DSP_M_DATA      |    18|
|14    |DSP_OUTPUT      |    18|
|16    |DSP_PREADD      |    18|
|17    |DSP_PREADD_DATA |    18|
|19    |LUT1            |   654|
|20    |LUT2            |  5254|
|21    |LUT3            |  8856|
|22    |LUT4            |  4839|
|23    |LUT5            |  5150|
|24    |LUT6            |  9131|
|25    |MUXCY           |  6712|
|26    |MUXF7           |   604|
|27    |MUXF8           |     2|
|28    |RAM16X1D        |   224|
|29    |RAM16X1S        |    96|
|30    |RAMB18E2        |    26|
|35    |RAMB36E2        |    15|
|45    |SRL16E          |   677|
|46    |SRLC32E         |  1734|
|47    |XORCY           |  4124|
|48    |FDE             |   245|
|49    |FDRE            | 39074|
|50    |FDSE            |    36|
+------+----------------+------+
---------------------------------------------------------------------------------
Finished Writing Synthesis Report : Time (s): cpu = 00:06:12 ; elapsed = 00:06:39 . Memory (MB): peak = 3930.777 ; gain = 1611.281 ; free physical = 4834 ; free virtual = 12820
---------------------------------------------------------------------------------
Synthesis finished with 0 errors, 0 critical warnings and 316 warnings.
Synthesis Optimization Runtime : Time (s): cpu = 00:05:33 ; elapsed = 00:05:58 . Memory (MB): peak = 3930.777 ; gain = 976.016 ; free physical = 7569 ; free virtual = 15555
Synthesis Optimization Complete : Time (s): cpu = 00:06:15 ; elapsed = 00:06:41 . Memory (MB): peak = 3930.777 ; gain = 1611.281 ; free physical = 7595 ; free virtual = 15555
INFO: [Project 1-571] Translating synthesized netlist
Netlist sorting complete. Time (s): cpu = 00:00:01 ; elapsed = 00:00:01 . Memory (MB): peak = 3930.777 ; gain = 0.000 ; free physical = 7586 ; free virtual = 15546
INFO: [Netlist 29-17] Analyzing 12653 Unisim elements for replacement
INFO: [Netlist 29-28] Unisim Transformation completed in 2 CPU seconds
INFO: [Project 1-570] Preparing netlist for logic optimization
INFO: [Opt 31-138] Pushed 0 inverter(s) to 0 load pin(s).
INFO: [Opt 31-422] The CLOCK_DOMAINS attribute on the BRAM cell inst/grp_Render_fu_346/grp_RenderTiledFragBuff2_Uniforms_InTextures_OutTextures_s_fu_482/triangle_buffer_depth_1_U/ram_reg has been changed from INDEPENDENT to COMMON to match the clocking topology used for the BRAM.
INFO: [Opt 31-422] The CLOCK_DOMAINS attribute on the BRAM cell inst/grp_Render_fu_346/grp_RenderTiledFragBuff2_Uniforms_InTextures_OutTextures_s_fu_482/triangle_buffer_depth_2_U/ram_reg has been changed from INDEPENDENT to COMMON to match the clocking topology used for the BRAM.
INFO: [Opt 31-422] The CLOCK_DOMAINS attribute on the BRAM cell inst/grp_Render_fu_346/grp_RenderTiledFragBuff2_Uniforms_InTextures_OutTextures_s_fu_482/triangle_buffer_depth_U/ram_reg has been changed from INDEPENDENT to COMMON to match the clocking topology used for the BRAM.
INFO: [Opt 31-422] The CLOCK_DOMAINS attribute on the BRAM cell inst/grp_Render_fu_346/grp_RenderTiledFragBuff2_Uniforms_InTextures_OutTextures_s_fu_482/triangle_buffer_invW_1_U/ram_reg has been changed from INDEPENDENT to COMMON to match the clocking topology used for the BRAM.
INFO: [Opt 31-422] The CLOCK_DOMAINS attribute on the BRAM cell inst/grp_Render_fu_346/grp_RenderTiledFragBuff2_Uniforms_InTextures_OutTextures_s_fu_482/triangle_buffer_invW_2_U/ram_reg has been changed from INDEPENDENT to COMMON to match the clocking topology used for the BRAM.
INFO: [Opt 31-422] The CLOCK_DOMAINS attribute on the BRAM cell inst/grp_Render_fu_346/grp_RenderTiledFragBuff2_Uniforms_InTextures_OutTextures_s_fu_482/triangle_buffer_invW_U/ram_reg has been changed from INDEPENDENT to COMMON to match the clocking topology used for the BRAM.
INFO: [Opt 31-422] The CLOCK_DOMAINS attribute on the BRAM cell inst/grp_Render_fu_346/grp_RenderTiledFragBuff2_Uniforms_InTextures_OutTextures_s_fu_482/triangle_buffer_screen_1_U/ram_reg has been changed from INDEPENDENT to COMMON to match the clocking topology used for the BRAM.
INFO: [Opt 31-422] The CLOCK_DOMAINS attribute on the BRAM cell inst/grp_Render_fu_346/grp_RenderTiledFragBuff2_Uniforms_InTextures_OutTextures_s_fu_482/triangle_buffer_screen_2_U/ram_reg has been changed from INDEPENDENT to COMMON to match the clocking topology used for the BRAM.
INFO: [Opt 31-422] The CLOCK_DOMAINS attribute on the BRAM cell inst/grp_Render_fu_346/grp_RenderTiledFragBuff2_Uniforms_InTextures_OutTextures_s_fu_482/triangle_buffer_screen_3_U/ram_reg has been changed from INDEPENDENT to COMMON to match the clocking topology used for the BRAM.
INFO: [Opt 31-422] The CLOCK_DOMAINS attribute on the BRAM cell inst/grp_Render_fu_346/grp_RenderTiledFragBuff2_Uniforms_InTextures_OutTextures_s_fu_482/triangle_buffer_screen_4_U/ram_reg has been changed from INDEPENDENT to COMMON to match the clocking topology used for the BRAM.
INFO: [Opt 31-422] The CLOCK_DOMAINS attribute on the BRAM cell inst/grp_Render_fu_346/grp_RenderTiledFragBuff2_Uniforms_InTextures_OutTextures_s_fu_482/triangle_buffer_screen_5_U/ram_reg has been changed from INDEPENDENT to COMMON to match the clocking topology used for the BRAM.
INFO: [Opt 31-422] The CLOCK_DOMAINS attribute on the BRAM cell inst/grp_Render_fu_346/grp_RenderTiledFragBuff2_Uniforms_InTextures_OutTextures_s_fu_482/triangle_buffer_screen_U/ram_reg has been changed from INDEPENDENT to COMMON to match the clocking topology used for the BRAM.
INFO: [Opt 31-422] The CLOCK_DOMAINS attribute on the BRAM cell inst/grp_Render_fu_346/grp_RenderTiledFragBuff2_Uniforms_InTextures_OutTextures_s_fu_482/triangle_buffer_var_1_U/ram_reg has been changed from INDEPENDENT to COMMON to match the clocking topology used for the BRAM.
INFO: [Opt 31-422] The CLOCK_DOMAINS attribute on the BRAM cell inst/grp_Render_fu_346/grp_RenderTiledFragBuff2_Uniforms_InTextures_OutTextures_s_fu_482/triangle_buffer_var_2_U/ram_reg has been changed from INDEPENDENT to COMMON to match the clocking topology used for the BRAM.
INFO: [Opt 31-422] The CLOCK_DOMAINS attribute on the BRAM cell inst/grp_Render_fu_346/grp_RenderTiledFragBuff2_Uniforms_InTextures_OutTextures_s_fu_482/triangle_buffer_var_3_U/ram_reg has been changed from INDEPENDENT to COMMON to match the clocking topology used for the BRAM.
INFO: [Opt 31-422] The CLOCK_DOMAINS attribute on the BRAM cell inst/grp_Render_fu_346/grp_RenderTiledFragBuff2_Uniforms_InTextures_OutTextures_s_fu_482/triangle_buffer_var_4_U/ram_reg has been changed from INDEPENDENT to COMMON to match the clocking topology used for the BRAM.
INFO: [Opt 31-422] The CLOCK_DOMAINS attribute on the BRAM cell inst/grp_Render_fu_346/grp_RenderTiledFragBuff2_Uniforms_InTextures_OutTextures_s_fu_482/triangle_buffer_var_5_U/ram_reg has been changed from INDEPENDENT to COMMON to match the clocking topology used for the BRAM.
INFO: [Opt 31-422] The CLOCK_DOMAINS attribute on the BRAM cell inst/grp_Render_fu_346/grp_RenderTiledFragBuff2_Uniforms_InTextures_OutTextures_s_fu_482/triangle_buffer_var_6_U/ram_reg has been changed from INDEPENDENT to COMMON to match the clocking topology used for the BRAM.
INFO: [Opt 31-422] The CLOCK_DOMAINS attribute on the BRAM cell inst/grp_Render_fu_346/grp_RenderTiledFragBuff2_Uniforms_InTextures_OutTextures_s_fu_482/triangle_buffer_var_7_U/ram_reg has been changed from INDEPENDENT to COMMON to match the clocking topology used for the BRAM.
INFO: [Opt 31-422] The CLOCK_DOMAINS attribute on the BRAM cell inst/grp_Render_fu_346/grp_RenderTiledFragBuff2_Uniforms_InTextures_OutTextures_s_fu_482/triangle_buffer_var_8_U/ram_reg has been changed from INDEPENDENT to COMMON to match the clocking topology used for the BRAM.
INFO: [Opt 31-422] The CLOCK_DOMAINS attribute on the BRAM cell inst/grp_Render_fu_346/grp_RenderTiledFragBuff2_Uniforms_InTextures_OutTextures_s_fu_482/triangle_buffer_var_U/ram_reg has been changed from INDEPENDENT to COMMON to match the clocking topology used for the BRAM.
Netlist sorting complete. Time (s): cpu = 00:00:00.02 ; elapsed = 00:00:00.02 . Memory (MB): peak = 3946.164 ; gain = 0.000 ; free physical = 7492 ; free virtual = 15453
INFO: [Project 1-111] Unisim Transformation Summary:
  A total of 1917 instances were transformed.
  (CARRY4) => CARRY8: 1152 instances
  DSP48E1 => DSP48E2 (DSP_ALU, DSP_A_B_DATA, DSP_C_DATA, DSP_MULTIPLIER, DSP_M_DATA, DSP_OUTPUT, DSP_PREADD, DSP_PREADD_DATA): 182 instances
  DSP48E2 => DSP48E2 (DSP_ALU, DSP_A_B_DATA, DSP_C_DATA, DSP_MULTIPLIER, DSP_M_DATA, DSP_OUTPUT, DSP_PREADD, DSP_PREADD_DATA): 18 instances
  FDE => FDRE: 245 instances
  RAM16X1D => RAM32X1D (RAMD32(x2)): 224 instances
  RAM16X1S => RAM32X1S (RAMS32): 96 instances

Synth Design complete | Checksum: 17533a1d
INFO: [Common 17-83] Releasing license: Synthesis
971 Infos, 187 Warnings, 0 Critical Warnings and 0 Errors encountered.
synth_design completed successfully
synth_design: Time (s): cpu = 00:06:53 ; elapsed = 00:07:20 . Memory (MB): peak = 3946.164 ; gain = 2498.605 ; free physical = 7489 ; free virtual = 15450
INFO: [Common 17-2834] synth_design peak Physical Memory [PSS] (MB): overall = 5954.103; main = 3195.251; forked = 2960.494
INFO: [Common 17-2834] synth_design peak Virtual Memory [VSS] (MB): overall = 8491.223; main = 3946.168; forked = 4573.441
Write ShapeDB Complete: Time (s): cpu = 00:00:00.1 ; elapsed = 00:00:00.11 . Memory (MB): peak = 3946.164 ; gain = 0.000 ; free physical = 7477 ; free virtual = 15458
INFO: [Common 17-1381] The checkpoint '/home/emanuel/workspace/mesh_vo/MultiPlatformDiffRenderer/src/backends/xrt/hls/build/xclbin/_x/link/vivado/vpl/prj/prj.runs/system_ImageRenderHLS_1_0_synth_1/system_ImageRenderHLS_1_0.dcp' has been generated.
write_checkpoint: Time (s): cpu = 00:00:07 ; elapsed = 00:00:07 . Memory (MB): peak = 3946.164 ; gain = 0.000 ; free physical = 7473 ; free virtual = 15445
write_vhdl: Time (s): cpu = 00:00:05 ; elapsed = 00:00:05 . Memory (MB): peak = 3996.727 ; gain = 0.000 ; free physical = 7335 ; free virtual = 15400
INFO: [Coretcl 2-1648] Added synthesis output to IP cache for IP system_ImageRenderHLS_1_0, cache-ID = 99d615ec806c8264
INFO: [Coretcl 2-1174] Renamed 5892 cell refs.
Write ShapeDB Complete: Time (s): cpu = 00:00:00.1 ; elapsed = 00:00:00.11 . Memory (MB): peak = 3996.727 ; gain = 0.000 ; free physical = 7273 ; free virtual = 15369
INFO: [Common 17-1381] The checkpoint '/home/emanuel/workspace/mesh_vo/MultiPlatformDiffRenderer/src/backends/xrt/hls/build/xclbin/_x/link/vivado/vpl/prj/prj.runs/system_ImageRenderHLS_1_0_synth_1/system_ImageRenderHLS_1_0.dcp' has been generated.
write_checkpoint: Time (s): cpu = 00:00:07 ; elapsed = 00:00:07 . Memory (MB): peak = 3996.727 ; gain = 0.000 ; free physical = 7282 ; free virtual = 15359
INFO: [Vivado 12-24828] Executing command : report_utilization -file system_ImageRenderHLS_1_0_utilization_synth.rpt -pb system_ImageRenderHLS_1_0_utilization_synth.pb
write_vhdl: Time (s): cpu = 00:00:05 ; elapsed = 00:00:05 . Memory (MB): peak = 3996.727 ; gain = 0.000 ; free physical = 7218 ; free virtual = 15397
INFO: [Common 17-206] Exiting Vivado at Thu Jan 22 12:43:21 2026...
